Dew Point Temp_C_norm,Rel Hum_%_norm,Wind Speed_km/h_norm,Visibility_km_norm,Press_kPa_norm,Hour,Day,Month,Weekday,Weather_Label
-0.5931837080597601,1.0975526410016263,-1.259808378856129,-1.5579538817870409,0.2232064669520221,0,1,1,6,7
-0.5748054983555737,1.156661567812485,-1.259808378856129,-1.5579538817870409,0.2232064669520221,1,1,1,6,7
-0.5472381837992943,1.274879421434202,-0.9145125194810526,-1.874861629839489,0.24690436512942662,2,1,1,6,9
-0.528859974095108,1.2157704946233434,-1.0296111392727447,-1.874861629839489,0.25875331421811204,3,1,1,6,9
-0.5380490789472011,1.2157704946233434,-0.9145125194810526,-1.8114800802289992,0.21135751786333665,4,1,1,6,7
-0.5380490789472011,1.156661567812485,-0.6843152798976685,-1.6847169810080203,0.25875331421811204,5,1,1,6,7
-0.5196708692430149,1.274879421434202,-0.9145125194810526,-1.6847169810080203,0.28245121239551657,6,1,1,6,7
-0.5656163935034806,1.0384437141907676,-0.9145125194810526,-1.5579538817870409,0.24690436512942662,7,1,1,6,7
-0.5656163935034806,1.0384437141907676,-0.6843152798976685,-1.5579538817870409,0.21135751786333665,8,1,1,6,7
-0.5196708692430149,1.2157704946233434,0.00627643885248406,-1.874861629839489,0.1758106705972467,9,1,1,6,7
-0.44615803042626967,1.3930972750559194,-0.6843152798976685,-2.0966970534762024,0.11656592515376903,10,1,1,6,7
-0.4277798207220834,1.274879421434202,-0.9145125194810526,-1.874861629839489,-0.08486620935406852,11,1,1,6,7
-0.41859071586999036,1.2157704946233434,-0.6843152798976685,-1.8114800802289992,-0.30999624203929377,12,1,1,6,7
-0.39102340131371083,1.156661567812485,-0.22392080073090012,-1.8114800802289992,-0.5588241729019235,13,1,1,6,7
-0.335888772201152,1.156661567812485,0.5817695378109445,-1.8114800802289992,-0.8787457982967164,14,1,1,6,7
-0.27156503823649997,1.0384437141907676,0.8119667773943287,-1.6847169810080203,-1.1631205764254362,15,1,1,6,7
-0.2531868285323137,0.8611169337581918,-0.22392080073090012,-1.1697418904227923,-1.3290058636671669,16,1,1,6,23
-0.2348086188281274,0.8020080069473332,-0.22392080073090012,-0.9162156919808337,-1.4711932527315268,17,1,1,6,1
-0.14291757030719593,0.8611169337581918,0.00627643885248406,-1.1697418904227923,-1.554135896352409,18,1,1,6,24
-0.1153502557509165,1.2157704946233434,0.00627643885248406,-1.1697418904227923,-1.6252295908845722,19,1,1,6,24
-0.1153502557509165,1.156661567812485,0.4666709180192524,-0.2110959525641372,-1.838510674481112,20,1,1,6,1
-0.07859383634254392,1.0384437141907676,0.5817695378109445,-0.2110959525641372,-1.9688491144567695,21,1,1,6,1
-0.06021562663835764,0.9793347873799091,1.0421640169777129,-0.6626894935388755,-2.051791758077652,22,1,1,6,25
-0.05102652178626448,0.683790153325616,1.7327557357278653,-0.2110959525641372,-2.0636407071663374,23,1,1,6,1
-0.09697204604673021,0.5655722997038988,2.3082488346863257,-0.2110959525641372,-2.1228854526098146,0,2,1,0,25
-0.2348086188281274,0.2700276656496056,2.768643313853094,-0.2110959525641372,-2.1228854526098146,1,2,1,0,1
-0.3175105624969657,0.210918738838747,1.9629529753112496,-0.2110959525641372,-2.1228854526098146,2,2,1,0,23
-0.3726451916095246,0.09270088521702978,2.078051595102942,-0.2110959525641372,-2.0754896562550393,3,2,1,0,23
-0.44615803042626967,0.09270088521702978,1.9629529753112496,-0.2110959525641372,-2.1228854526098146,4,2,1,0,23
-0.44615803042626967,0.1518098120278884,1.9629529753112496,-0.2110959525641372,-2.182130198053309,5,2,1,0,23
-0.4737253449825492,0.1518098120278884,1.272361256561097,-0.2110959525641372,-2.2176770453193826,6,2,1,0,23
-0.5012926595388286,0.1518098120278884,2.078051595102942,-0.2110959525641372,-2.2650728416741748,7,2,1,0,23
-0.5380490789472011,0.03359195840617116,2.768643313853094,-0.2824001958759379,-2.2650728416741748,8,2,1,0,23
-0.5748054983555737,-0.025516968404687458,3.3441364128115545,-0.2824001958759379,-2.2650728416741748,9,2,1,0,23
-0.6115619177639463,-0.08462589521554607,3.2290377930198626,-0.2824001958759379,-2.2176770453193826,10,2,1,0,23
-0.5564272886513875,-0.08462589521554607,1.7327557357278653,-0.2824001958759379,-2.205828096230697,11,2,1,0,23
-0.8045331196579024,-0.6757151633241323,3.804530891978323,-0.2824001958759379,-2.182130198053309,12,2,1,0,19
-0.8321004342141819,-0.6166062365132736,2.53844607426971,-0.2824001958759379,-2.1110365035211296,13,2,1,0,23
-0.8596677487704613,-0.6757151633241323,2.078051595102942,-0.2824001958759379,-2.0399428089889495,14,2,1,0,23
-0.8780459584746476,-0.4983883828915564,2.078051595102942,-0.2824001958759379,-1.9451512162793818,15,2,1,0,23
-1.034260740960231,-0.7348240901349908,1.0421640169777129,-0.2824001958759379,-1.838510674481112,16,2,1,0,23
-1.1077735797769763,-0.6166062365132736,0.8119667773943287,-0.2110959525641372,-1.6489274890619767,17,2,1,0,37
-1.282366571966746,-0.6166062365132736,1.5025584961444813,-0.2110959525641372,-1.411948507288049,18,2,1,0,23
-1.346690305931398,-0.6166062365132736,1.0421640169777129,-0.2110959525641372,-1.2460632200463015,19,2,1,0,23
-1.466148669008609,-0.7939330169458495,1.0421640169777129,-0.2110959525641372,-1.1631205764254362,20,2,1,0,37
-1.41101403989605,-0.5574973097024151,1.272361256561097,-0.2110959525641372,-1.0683289837158518,21,2,1,0,37
-1.5856070320858195,-0.7939330169458495,0.5817695378109445,-0.2110959525641372,-0.9379905437401941,22,2,1,0,1
-1.5304724029732608,-0.4983883828915564,0.23647367843586825,-0.6626894935388755,-0.9261415946515087,23,2,1,0,37
-1.7050653951630306,-0.6166062365132736,1.5025584961444813,-0.2110959525641372,-0.8313500019419411,0,3,1,1,37
-1.8153346533881483,-0.7939330169458495,0.5817695378109445,-0.2110959525641372,-0.7365584092323566,1,3,1,1,1
-1.6866871854588443,-0.1437348220264047,0.8119667773943287,-1.1697418904227923,-0.6180689183454012,2,3,1,1,37
-1.9531712261695453,-0.7939330169458495,2.078051595102942,-0.2110959525641372,-0.5232773256358336,3,3,1,1,37
-2.0818186940988497,-0.853041943756708,1.0421640169777129,-0.2110959525641372,-0.4403346820149514,4,3,1,1,1
-1.9899276455779182,-0.4392794560806978,0.8119667773943287,-0.2110959525641372,-0.34554308930538374,5,3,1,1,37
-2.0083058552821043,-0.3801705292698392,0.4666709180192524,-0.2110959525641372,-0.23890254750713066,6,3,1,1,37
-2.0266840649862905,-0.2619526756481219,0.4666709180192524,-0.2110959525641372,-0.1204130566201585,7,3,1,1,35
-2.192087952323967,-0.5574973097024151,1.272361256561097,-0.2824001958759379,0.021774332444184544,8,3,1,1,23
-2.247222581436526,-0.6757151633241323,0.4666709180192524,-0.2824001958759379,0.1758106705972467,9,3,1,1,23
-2.2747898959928055,-0.6757151633241323,1.0421640169777129,-0.2824001958759379,0.28245121239551657,10,3,1,1,1
-2.2747898959928055,-0.7939330169458495,0.8119667773943287,-0.2824001958759379,0.329847008750292,11,3,1,1,23
-2.3115463154011784,-0.9121508705675667,0.5817695378109445,-0.2824001958759379,0.34169595783899426,12,3,1,1,19
-2.2931681056969917,-0.7939330169458495,0.8119667773943287,-0.2824001958759379,0.34169595783899426,13,3,1,1,19
-2.3391136299574575,-1.030368724189284,0.8119667773943287,-0.2824001958759379,0.3890917541937697,14,3,1,1,19
-2.2747898959928055,-0.853041943756708,0.4666709180192524,-0.2824001958759379,0.46018544872594963,15,3,1,1,19
-2.3391136299574575,-0.9121508705675667,0.8119667773943287,-0.2824001958759379,0.5431280923468318,16,3,1,1,19
-2.366680944513737,-0.853041943756708,0.8119667773943287,-0.2824001958759379,0.6260707359676971,17,3,1,1,19
-2.421815573626296,-0.9121508705675667,1.0421640169777129,-0.2110959525641372,0.6971644304998771,18,3,1,1,19
-2.5137066221472275,-1.030368724189284,1.0421640169777129,-0.2110959525641372,0.8156539213868325,19,3,1,1,0
-2.5688412512597862,-1.0894776510001425,1.0421640169777129,-0.2110959525641372,0.9104455140964001,20,3,1,1,19
-2.4953284124430413,-0.9121508705675667,0.00627643885248406,-0.2110959525641372,0.9578413104511924,21,3,1,1,23
-2.4953284124430413,-0.9121508705675667,0.5817695378109445,-0.2110959525641372,0.9578413104511924,22,3,1,1,23
-2.4585719930346683,-0.7348240901349908,0.23647367843586825,-0.2110959525641372,0.9696902595398946,23,3,1,1,23
-2.4585719930346683,-0.6757151633241323,-0.22392080073090012,-0.2110959525641372,0.98153920862858,0,4,1,2,23
-2.4493828881825754,-0.5574973097024151,-0.4541180403142843,-0.2110959525641372,0.9578413104511924,1,4,1,2,19
-2.421815573626296,-0.3801705292698392,0.00627643885248406,-0.2110959525641372,0.9933881577172823,2,4,1,2,19
-2.4953284124430413,-0.4983883828915564,-0.22392080073090012,-0.2110959525641372,0.98153920862858,3,4,1,2,19
-2.4953284124430413,-0.4983883828915564,-0.22392080073090012,-0.2110959525641372,0.9104455140964001,4,4,1,2,19
-2.440193783330482,-0.3210616024589805,-0.6843152798976685,-0.2110959525641372,0.8512007686529224,5,4,1,2,19
-2.4493828881825754,-0.3801705292698392,-0.4541180403142843,-0.2110959525641372,0.8156539213868325,6,4,1,2,1
-2.4493828881825754,-0.4392794560806978,-0.4541180403142843,-0.2110959525641372,0.8275028704755347,7,4,1,2,1
-2.4585719930346683,-0.6166062365132736,0.23647367843586825,-0.2824001958759379,0.8038049722981471,8,4,1,2,23
-2.302357210549085,-0.3801705292698392,-0.6843152798976685,-0.2824001958759379,0.7445602268546694,9,4,1,2,23
-2.1277642183593155,-0.2619526756481219,-0.9145125194810526,-0.2824001958759379,0.5786749396129218,10,4,1,2,23
-2.173709742619781,-0.6757151633241323,-0.22392080073090012,-0.2824001958759379,0.42463860145985965,11,4,1,2,23
-2.2288443717323396,-0.9712597973784254,-0.4541180403142843,-0.2824001958759379,0.23505541604072436,12,4,1,2,35
-2.0818186940988497,-0.853041943756708,-0.4541180403142843,-0.2824001958759379,0.021774332444184544,13,4,1,2,1
-1.980738540725825,-0.853041943756708,-0.9145125194810526,-0.6626894935388755,-0.0967151584427708,14,4,1,2,35
-1.73263270971931,-0.3801705292698392,-0.4541180403142843,-1.4232680888647506,-0.19150675115233842,15,4,1,2,35
-1.6591198709025647,-0.3801705292698392,-0.22392080073090012,-0.6626894935388755,-0.30999624203929377,16,4,1,2,35
-1.4477704593044225,0.210918738838747,-0.6843152798976685,-1.8114800802289992,-0.34554308930538374,17,4,1,2,35
-1.3926358301918638,0.4473544460821815,-0.4541180403142843,-1.4232680888647506,-0.42848573292626596,18,4,1,2,35
-1.4018249350439569,0.210918738838747,-0.6843152798976685,-0.9162156919808337,-0.4758815292810413,19,4,1,2,35
-1.346690305931398,0.210918738838747,-0.6843152798976685,-0.9162156919808337,-0.5232773256358336,20,4,1,2,35
-1.3007447816709323,0.32913659246046423,-0.9145125194810526,-1.2965049896437713,-0.606219969256699,21,4,1,2,35
-1.4018249350439569,0.5655722997038988,-1.0296111392727447,-1.4232680888647506,-0.6536157656114912,22,4,1,2,35
-1.3926358301918638,0.683790153325616,-1.0296111392727447,-1.4232680888647506,-0.7484073583210589,23,4,1,2,35
-1.3099338865230254,0.683790153325616,-1.259808378856129,-1.4232680888647506,-0.866896849208031,0,5,1,3,35
-1.1720973137416282,0.8020080069473332,-1.7202028580228972,-1.4232680888647506,-0.9024436964741042,1,5,1,3,35
-0.9975043215518585,0.7428990801364745,-0.6843152798976685,-1.5579538817870409,-0.9142926455628064,2,5,1,3,35
-0.9423696924392996,0.8020080069473332,-0.4541180403142843,-1.4232680888647506,-0.9616884419175986,3,5,1,3,35
-0.8321004342141819,0.9202258605690504,-0.6843152798976685,-1.8114800802289992,-0.9972352891836886,4,5,1,3,35
-1.1077735797769763,0.8611169337581918,-1.259808378856129,-1.874861629839489,-1.0209331873610763,5,5,1,3,35
-1.218042838002094,0.8611169337581918,-1.0296111392727447,-1.6847169810080203,-0.9379905437401941,6,5,1,3,35
-1.1261517894811626,0.8611169337581918,-0.6843152798976685,-1.4232680888647506,-0.8787457982967164,7,5,1,3,35
-1.0710171603686036,0.683790153325616,-0.4541180403142843,-1.4232680888647506,-0.7839542055871488,8,5,1,3,35
-1.162908208889535,0.5064633728930401,-0.6843152798976685,-0.2824001958759379,-0.7484073583210589,9,5,1,3,19
-1.153719104037442,0.32913659246046423,0.23647367843586825,1.6348916798413717,-0.7128605110549688,10,5,1,3,19
-1.1720973137416282,0.1518098120278884,0.8119667773943287,1.6348916798413717,-0.7602563074097611,11,5,1,3,19
-1.1169626846290694,0.09270088521702978,0.5817695378109445,1.6348916798413717,-0.795803154675851,12,5,1,3,19
-1.1261517894811626,-0.08462589521554607,1.272361256561097,1.6348916798413717,-0.7721052564984465,13,5,1,3,19
-1.218042838002094,-0.1437348220264047,0.8119667773943287,1.6348916798413717,-0.7010115619662834,14,5,1,3,19
-1.3375012010793048,-0.7348240901349908,1.272361256561097,1.6348916798413717,-0.6299178674341035,15,5,1,3,19
-1.4018249350439569,-0.7348240901349908,0.4666709180192524,-0.2824001958759379,-0.5351262747245359,16,5,1,3,19
-1.5304724029732608,-0.6757151633241323,-0.4541180403142843,-0.2110959525641372,-0.4758815292810413,17,5,1,3,19
-1.5580397175295404,-0.6757151633241323,-0.4541180403142843,-0.2110959525641372,-0.40478783474887825,18,5,1,3,0
-1.6499307660504718,-0.3801705292698392,-0.9145125194810526,-0.2110959525641372,-0.2981472929506083,19,5,1,3,0
-1.677498080606751,-0.3210616024589805,-0.6843152798976685,-0.2110959525641372,-0.2626004456845184,20,5,1,3,0
-1.594796136937913,-0.2619526756481219,-0.22392080073090012,-0.2110959525641372,-0.2626004456845184,21,5,1,3,0
-1.677498080606751,-0.2619526756481219,-0.9145125194810526,-0.2110959525641372,-0.23890254750713066,22,5,1,3,1
-1.6591198709025647,-0.3801705292698392,-0.6843152798976685,-0.2110959525641372,-0.2626004456845184,23,5,1,3,1
-1.7785782339797758,-0.6757151633241323,-0.22392080073090012,-0.2110959525641372,-0.28629834386190606,0,6,1,4,1
-1.8245237582402414,-0.7348240901349908,0.23647367843586825,-0.2110959525641372,-0.28629834386190606,1,6,1,4,1
-1.7510109194234962,-0.3801705292698392,-0.6843152798976685,-0.2110959525641372,-0.2507514965958161,2,6,1,4,1
-1.7050653951630306,-0.2028437488372633,-1.7202028580228972,-1.4232680888647506,-0.34554308930538374,3,6,1,4,35
-1.7142545000151237,0.03359195840617116,0.00627643885248406,-1.9382431794499786,-0.4166367838375637,4,6,1,4,35
-1.7050653951630306,0.210918738838747,0.4666709180192524,-1.9699339542552232,-0.5232773256358336,5,6,1,4,35
-1.7234436048672168,0.210918738838747,0.8119667773943287,-1.8114800802289992,-0.5588241729019235,6,6,1,4,35
-1.73263270971931,1.0384437141907676,0.8119667773943287,-2.001624729060468,-0.6299178674341035,7,6,1,4,35
-1.7234436048672168,0.32913659246046423,1.0421640169777129,-1.2965049896437713,-0.6417668165227889,8,6,1,4,35
-1.7693891291276824,0.210918738838747,1.272361256561097,-0.6626894935388755,-0.6180689183454012,9,6,1,4,35
-1.73263270971931,0.2700276656496056,1.5025584961444813,-0.9162156919808337,-0.6891626128775812,10,6,1,4,35
-1.7050653951630306,0.2700276656496056,0.23647367843586825,-0.2824001958759379,-0.8195010528532388,11,6,1,4,35
-1.6499307660504718,0.3882455192713229,1.5025584961444813,-0.6626894935388755,-0.9735373910062841,12,6,1,4,35
-1.668308975754658,0.3882455192713229,0.5817695378109445,-0.2824001958759379,-1.0920268818932564,13,6,1,4,35
-1.594796136937913,0.4473544460821815,0.4666709180192524,-0.6626894935388755,-1.1631205764254362,14,6,1,4,35
-1.5580397175295404,0.683790153325616,0.4666709180192524,-1.1697418904227923,-1.1749695255141217,15,6,1,4,35
-1.5856070320858195,0.6246812265147573,0.4666709180192524,-0.6626894935388755,-1.1275737291593462,16,6,1,4,35
-1.548850612677447,0.6246812265147573,0.23647367843586825,-0.2110959525641372,-1.0683289837158518,17,6,1,4,35
-1.4845268787127952,0.6246812265147573,0.23647367843586825,-0.6626894935388755,-1.1038758309819416,18,6,1,4,1
-1.466148669008609,0.683790153325616,0.00627643885248406,-0.2110959525641372,-1.0920268818932564,19,6,1,4,1
-1.4293922496002363,0.7428990801364745,-0.4541180403142843,-0.2110959525641372,-1.0683289837158518,20,6,1,4,1
-1.3834467253397706,0.683790153325616,-0.6843152798976685,-0.2110959525641372,-1.0920268818932564,21,6,1,4,1
-1.355879410783491,0.683790153325616,-0.4541180403142843,-0.6626894935388755,-1.0564800346271663,22,6,1,4,1
-1.3375012010793048,0.683790153325616,-0.9145125194810526,-0.9162156919808337,-1.0683289837158518,23,6,1,4,1
-1.3099338865230254,0.683790153325616,-1.0296111392727447,-0.9162156919808337,-1.0920268818932564,0,7,1,5,1
-1.282366571966746,0.7428990801364745,-1.7202028580228972,-0.6626894935388755,-1.115724780070644,1,7,1,5,1
-1.2547992574104665,0.683790153325616,-1.259808378856129,-0.6626894935388755,-1.0683289837158518,2,7,1,5,1
-1.2272319428541871,0.683790153325616,-1.259808378856129,-0.6626894935388755,-1.1038758309819416,3,7,1,5,1
-1.1996646282979078,0.683790153325616,-1.0296111392727447,-0.6626894935388755,-1.1275737291593462,4,7,1,5,1
-1.1261517894811626,0.7428990801364745,-1.259808378856129,-0.6626894935388755,-1.1038758309819416,5,7,1,5,1
-1.1077735797769763,0.7428990801364745,-0.9145125194810526,-0.9162156919808337,-1.1038758309819416,6,7,1,5,1
-1.1261517894811626,0.8020080069473332,-0.9145125194810526,-0.9162156919808337,-1.0564800346271663,7,7,1,5,1
-1.0618280555165105,0.8611169337581918,-0.6843152798976685,-1.5579538817870409,-1.1275737291593462,8,7,1,5,9
-1.034260740960231,0.8611169337581918,-0.9145125194810526,-1.4232680888647506,-1.0683289837158518,9,7,1,5,14
-0.969937006995579,0.9793347873799091,-0.9145125194810526,-1.5579538817870409,-1.0920268818932564,10,7,1,5,13
-0.9423696924392996,0.9793347873799091,-0.6843152798976685,-1.4232680888647506,-1.1512716273367338,11,7,1,5,8
-0.9515587972913927,0.9793347873799091,-0.22392080073090012,-1.4232680888647506,-1.1868184746028239,12,7,1,5,8
-0.8964241681788339,0.9202258605690504,0.00627643885248406,-1.4232680888647506,-1.1631205764254362,13,7,1,5,13
-0.8688568536225545,0.9202258605690504,-1.0296111392727447,-1.5579538817870409,-1.1394226782480317,14,7,1,5,35
-0.7953440148058093,0.9202258605690504,-0.4541180403142843,-1.5579538817870409,-1.1394226782480317,15,7,1,5,35
-0.776965805101623,0.9793347873799091,-1.7202028580228972,-1.5579538817870409,-1.0683289837158518,16,7,1,5,35
-0.7310202808411573,0.9793347873799091,-0.22392080073090012,-1.5579538817870409,-0.9261415946515087,17,7,1,5,35
-0.721831175989064,1.0384437141907676,-1.0296111392727447,-1.4232680888647506,-0.8550479001193287,18,7,1,5,35
-0.6942638614327847,1.0975526410016263,-1.0296111392727447,-1.5579538817870409,-0.7602563074097611,19,7,1,5,35
-0.5748054983555737,1.156661567812485,-1.259808378856129,-1.4232680888647506,-0.6773136637888789,20,7,1,5,35
-0.5196708692430149,1.2157704946233434,-1.7202028580228972,-1.6847169810080203,-0.6536157656114912,21,7,1,5,35
-0.5104817643909217,1.274879421434202,-1.259808378856129,-1.874861629839489,-0.606219969256699,22,7,1,5,7
-0.3726451916095246,1.156661567812485,0.8119667773943287,-1.4232680888647506,-0.5114283765471314,23,7,1,5,35
-0.528859974095108,0.5064633728930401,1.9629529753112496,-0.2110959525641372,-0.392938885660176,0,8,1,6,1
-0.6575074420244121,0.3882455192713229,1.9629529753112496,-0.2110959525641372,-0.2981472929506083,1,8,1,6,23
-0.8045331196579024,0.210918738838747,1.7327557357278653,-0.2110959525641372,-0.08486620935406852,2,8,1,6,23
-0.9975043215518585,0.09270088521702978,1.9629529753112496,-0.2110959525641372,0.09286802697636448,3,8,1,6,19
-1.0802062652206967,0.09270088521702978,0.8119667773943287,-0.2110959525641372,0.18765961968593212,4,8,1,6,19
-1.1996646282979078,0.1518098120278884,-0.22392080073090012,-0.2110959525641372,0.329847008750292,5,8,1,6,19
-1.2272319428541871,0.03359195840617116,-0.22392080073090012,-0.2110959525641372,0.49573229599203955,6,8,1,6,1
-1.1812864185937215,0.09270088521702978,-0.4541180403142843,-0.2110959525641372,0.6379196850563994,7,8,1,6,1
-1.218042838002094,0.09270088521702978,-0.4541180403142843,-0.2824001958759379,0.768258125032057,8,8,1,6,35
-1.3283120962272117,-0.1437348220264047,0.23647367843586825,-0.2824001958759379,0.8985965650077147,9,8,1,6,35
-1.3007447816709323,-0.025516968404687458,0.23647367843586825,-1.4232680888647506,0.9933881577172823,10,8,1,6,35
-1.3926358301918638,-0.1437348220264047,0.8119667773943287,-0.2824001958759379,1.0289350049833723,11,8,1,6,35
-1.3283120962272117,-0.08462589521554607,0.00627643885248406,-0.2824001958759379,1.0052371068059847,12,8,1,6,35
-1.3742576204876775,-0.2619526756481219,0.00627643885248406,-0.2824001958759379,1.05263290316076,13,8,1,6,1
-1.3375012010793048,-0.1437348220264047,0.4666709180192524,-0.2824001958759379,1.08817975042685,14,8,1,6,23
-1.4202031447481431,-0.3801705292698392,0.5817695378109445,1.6348916798413717,1.1711223940477322,15,8,1,6,23
-1.4569595641565158,-0.4983883828915564,0.5817695378109445,-0.2824001958759379,1.23036713949121,16,8,1,6,23
-1.5029050884169814,-0.4983883828915564,0.23647367843586825,-0.2110959525641372,1.3251587322007774,17,8,1,6,19
-1.5304724029732608,-0.3210616024589805,0.23647367843586825,-0.2110959525641372,1.3962524267329575,18,8,1,6,19
-1.5120941932690746,-0.3210616024589805,0.00627643885248406,-0.2110959525641372,1.4317992739990473,19,8,1,6,23
-1.493715983564888,-0.1437348220264047,0.00627643885248406,-0.2110959525641372,1.4554971721764351,20,8,1,6,23
-1.5120941932690746,-0.2028437488372633,-0.4541180403142843,-0.2110959525641372,1.4317992739990473,21,8,1,6,23
-1.5212832981211677,-0.1437348220264047,-0.9145125194810526,-0.2110959525641372,1.384403477644255,22,8,1,6,23
-1.5120941932690746,0.03359195840617116,-0.9145125194810526,-0.2110959525641372,1.384403477644255,23,8,1,6,23
-1.548850612677447,-0.08462589521554607,-1.0296111392727447,-0.2110959525641372,1.3251587322007774,0,9,1,0,23
-1.5672288223816333,0.03359195840617116,-1.7202028580228972,-0.2110959525641372,1.2777629358459852,1,9,1,0,23
-1.5304724029732608,-0.08462589521554607,-1.259808378856129,-0.2110959525641372,1.3014608340233897,2,9,1,0,23
-1.4477704593044225,0.1518098120278884,-1.7202028580228972,-0.2110959525641372,1.2540650376685976,3,9,1,0,1
-1.4477704593044225,0.09270088521702978,-0.6843152798976685,-0.2110959525641372,1.1474244958703277,4,9,1,0,1
-1.4018249350439569,0.210918738838747,-0.4541180403142843,-0.2110959525641372,1.0407839540720745,5,9,1,0,1
-1.3283120962272117,0.2700276656496056,-0.4541180403142843,-0.2110959525641372,0.9578413104511924,6,9,1,0,1
-1.2456101525583734,0.2700276656496056,0.00627643885248406,-0.2110959525641372,0.8867476159190124,7,9,1,0,23
-1.1996646282979078,0.1518098120278884,-0.22392080073090012,-0.9162156919808337,0.8156539213868325,8,9,1,0,35
-1.0802062652206967,0.4473544460821815,-0.4541180403142843,-1.1697418904227923,0.7445602268546694,9,9,1,0,35
-0.9975043215518585,0.5064633728930401,-0.6843152798976685,-0.9162156919808337,0.6971644304998771,10,9,1,0,35
-0.8964241681788339,0.5655722997038988,-0.9145125194810526,-0.2824001958759379,0.5786749396129218,11,9,1,0,35
-0.841289539066275,0.32913659246046423,-0.6843152798976685,-0.2824001958759379,0.4127896523711742,12,9,1,0,1
-0.7677767002495297,0.3882455192713229,-0.9145125194810526,-0.2824001958759379,0.25875331421811204,13,9,1,0,1
-0.7034529662848779,0.5064633728930401,-0.9145125194810526,-0.2824001958759379,0.1758106705972467,14,9,1,0,1
-0.7034529662848779,0.3882455192713229,-0.6843152798976685,-0.2824001958759379,0.09286802697636448,15,9,1,0,23
-0.7585875953974367,0.2700276656496056,-0.4541180403142843,-0.2824001958759379,-0.0019235657332031574,16,9,1,0,23
-0.7677767002495297,0.2700276656496056,0.00627643885248406,-0.2824001958759379,-0.10856410753147307,17,9,1,0,23
-0.7493984905453436,0.210918738838747,0.5817695378109445,-0.2110959525641372,-0.17965780206363616,18,9,1,0,23
-0.7677767002495297,0.1518098120278884,0.4666709180192524,-0.2110959525641372,-0.2626004456845184,19,9,1,0,23
-0.8045331196579024,0.1518098120278884,0.00627643885248406,-0.2110959525641372,-0.3336941402166983,20,9,1,0,23
-0.8137222245099955,0.210918738838747,-0.4541180403142843,-0.2110959525641372,-0.48773047836974365,21,9,1,0,23
-0.8137222245099955,-0.2028437488372633,0.4666709180192524,-0.2110959525641372,-0.606219969256699,22,9,1,0,23
-0.7953440148058093,-0.2028437488372633,0.23647367843586825,-0.2110959525641372,-0.7128605110549688,23,9,1,0,1
-0.7126420711369709,-0.6166062365132736,1.7327557357278653,-0.2110959525641372,-0.795803154675851,0,10,1,1,1
-0.5472381837992943,-0.08462589521554607,2.3082488346863257,-0.2110959525641372,-0.9142926455628064,1,10,1,1,35
-0.4645362401304561,0.4473544460821815,0.4666709180192524,-1.6847169810080203,-0.9735373910062841,2,10,1,1,35
-0.41859071586999036,0.5655722997038988,1.5025584961444813,-0.2110959525641372,-1.0564800346271663,3,10,1,1,35
-0.39102340131371083,0.8020080069473332,1.272361256561097,-0.2110959525641372,-1.1631205764254362,4,10,1,1,1
-0.3450778770532451,1.0975526410016263,1.7327557357278653,-1.4232680888647506,-1.222365321868914,5,10,1,1,31
-0.3450778770532451,1.156661567812485,1.7327557357278653,-1.5579538817870409,-1.1986674236915094,6,10,1,1,35
-0.2991323527927794,1.0384437141907676,0.5817695378109445,-1.5579538817870409,-1.1512716273367338,7,10,1,1,35
-0.335888772201152,1.0384437141907676,1.0421640169777129,-0.9162156919808337,-1.115724780070644,8,10,1,1,1
-0.30832145764487257,0.9793347873799091,0.23647367843586825,-0.6626894935388755,-0.9735373910062841,9,10,1,1,1
-0.3175105624969657,0.8020080069473332,1.0421640169777129,-0.2824001958759379,-0.9261415946515087,10,10,1,1,23
-0.335888772201152,0.5655722997038988,0.8119667773943287,-0.2824001958759379,-0.9024436964741042,11,10,1,1,19
-0.5196708692430149,0.2700276656496056,1.7327557357278653,-0.2824001958759379,-0.866896849208031,12,10,1,1,23
-0.7310202808411573,-0.2028437488372633,1.272361256561097,-0.2824001958759379,-0.8195010528532388,13,10,1,1,23
-0.8045331196579024,-0.2028437488372633,1.272361256561097,-0.2824001958759379,-0.7128605110549688,14,10,1,1,19
-0.9607479021434859,-0.3801705292698392,1.7327557357278653,-0.2824001958759379,-0.4758815292810413,15,10,1,1,19
-1.2364210477062803,-0.7348240901349908,1.7327557357278653,-0.2824001958759379,-0.28629834386190606,16,10,1,1,23
-1.3375012010793048,-0.7939330169458495,0.23647367843586825,-0.2824001958759379,-0.16780885297495074,17,10,1,1,23
-1.4018249350439569,-0.7939330169458495,0.00627643885248406,-0.2110959525641372,-0.013772514821888588,18,10,1,1,23
-1.5029050884169814,-0.853041943756708,0.00627643885248406,-0.2110959525641372,0.11656592515376903,19,10,1,1,23
-1.548850612677447,-0.853041943756708,-0.22392080073090012,-0.2110959525641372,0.2232064669520221,20,10,1,1,23
-1.4845268787127952,-0.6166062365132736,-0.6843152798976685,-0.2110959525641372,0.3179980596615897,21,10,1,1,23
-1.5856070320858195,-0.7348240901349908,-0.22392080073090012,-0.2110959525641372,0.34169595783899426,22,10,1,1,23
-1.668308975754658,-0.6166062365132736,0.4666709180192524,-0.2110959525641372,0.46018544872594963,23,10,1,1,23
-1.7785782339797758,-0.7348240901349908,0.23647367843586825,-0.2110959525641372,0.4483364996372642,0,11,1,2,23
-1.8704692825007072,-0.6757151633241323,0.23647367843586825,-0.2110959525641372,0.5194301941694273,1,11,1,2,0
-1.9715494358737315,-0.6757151633241323,0.4666709180192524,-0.2110959525641372,0.6142217868789949,2,11,1,2,0
-2.017494960134197,-0.6166062365132736,0.4666709180192524,-0.2110959525641372,0.6971644304998771,3,11,1,2,0
-2.0818186940988497,-0.6166062365132736,0.23647367843586825,-0.2110959525641372,0.7208623286772649,4,11,1,2,0
-2.164520637767688,-0.7348240901349908,0.4666709180192524,-0.2110959525641372,0.7208623286772649,5,11,1,2,19
-2.173709742619781,-0.6166062365132736,0.5817695378109445,-0.2110959525641372,0.7919560232094448,6,11,1,2,19
-2.164520637767688,-0.6166062365132736,-0.22392080073090012,-0.2110959525641372,0.8512007686529224,7,11,1,2,23
-2.20127705717606,-0.6166062365132736,0.00627643885248406,-0.2824001958759379,0.8867476159190124,8,11,1,2,23
-2.1461424280635018,-0.5574973097024151,0.00627643885248406,-0.2824001958759379,0.8985965650077147,9,11,1,2,23
-2.1553315329155947,-0.7348240901349908,-0.4541180403142843,-0.6626894935388755,0.9933881577172823,10,11,1,2,1
-2.1461424280635018,-0.7939330169458495,0.00627643885248406,-0.2824001958759379,0.8630497177416248,11,11,1,2,23
-2.109386008655129,-0.853041943756708,0.23647367843586825,-0.2824001958759379,0.7445602268546694,12,11,1,2,1
-2.0726295892467563,-0.9121508705675667,0.4666709180192524,-0.2824001958759379,0.6853154814111748,13,11,1,2,23
-2.017494960134197,-0.9121508705675667,0.5817695378109445,-0.2824001958759379,0.6023728377903095,14,11,1,2,23
-2.063440484394663,-1.030368724189284,0.5817695378109445,-0.2824001958759379,0.6616175832337872,15,11,1,2,23
-2.1553315329155947,-1.2076955046218598,0.5817695378109445,-0.2824001958759379,0.6497686341450849,16,11,1,2,23
-2.0818186940988497,-0.9712597973784254,1.272361256561097,-0.2824001958759379,0.6023728377903095,17,11,1,2,23
-2.063440484394663,-0.9121508705675667,1.0421640169777129,-0.2110959525641372,0.5431280923468318,18,11,1,2,23
-1.9991167504300111,-0.7939330169458495,1.7327557357278653,-0.2110959525641372,0.4483364996372642,19,11,1,2,23
-1.8980365970569868,-0.6166062365132736,1.0421640169777129,-0.2110959525641372,0.4127896523711742,20,11,1,2,1
-1.7510109194234962,-0.1437348220264047,0.4666709180192524,-0.2110959525641372,0.3179980596615897,21,11,1,2,1
-1.7050653951630306,-0.1437348220264047,0.8119667773943287,-0.2110959525641372,0.28245121239551657,22,11,1,2,1
-1.677498080606751,-0.025516968404687458,0.5817695378109445,-0.2110959525641372,0.16396172150854443,23,11,1,2,23
-1.6315525563462854,-0.08462589521554607,0.4666709180192524,-0.2110959525641372,0.14026382333115672,0,12,1,3,23
-1.6315525563462854,-0.1437348220264047,1.0421640169777129,-0.2110959525641372,0.09286802697636448,1,12,1,3,23
-1.6131743466420991,-0.2028437488372633,1.272361256561097,-0.2110959525641372,0.03362328153288681,2,12,1,3,1
-1.5856070320858195,-0.2619526756481219,2.078051595102942,-0.2110959525641372,-0.03747041299929313,3,12,1,3,1
-1.5304724029732608,-0.2028437488372633,0.8119667773943287,-0.2110959525641372,-0.1441109547975462,4,12,1,3,1
-1.493715983564888,-0.2028437488372633,1.7327557357278653,-0.2110959525641372,-0.28629834386190606,5,12,1,3,1
-1.4385813544523294,-0.1437348220264047,1.5025584961444813,-0.2110959525641372,-0.34554308930538374,6,12,1,3,1
-1.4018249350439569,-0.1437348220264047,1.5025584961444813,-0.9162156919808337,-0.42848573292626596,7,12,1,3,37
-1.273177467114653,0.2700276656496056,2.078051595102942,-1.6847169810080203,-0.5232773256358336,8,12,1,3,35
-1.1996646282979078,0.4473544460821815,2.078051595102942,-1.9382431794499786,-0.606219969256699,9,12,1,3,35
-1.1169626846290694,0.5655722997038988,2.3082488346863257,-1.8114800802289992,-0.7010115619662834,10,12,1,3,35
-1.1077735797769763,0.5064633728930401,1.9629529753112496,-2.0333155038657127,-0.8313500019419411,11,12,1,3,35
-1.0526389506644174,0.683790153325616,1.9629529753112496,-1.8114800802289992,-0.9853863400949864,12,12,1,3,35
-1.0250716361081378,0.8020080069473332,2.078051595102942,-2.0966970534762024,-1.1394226782480317,13,12,1,3,35
-1.0158825312560449,0.8020080069473332,1.5025584961444813,-2.0966970534762024,-1.2816100673123916,14,12,1,3,35
-0.9331805875872065,0.9202258605690504,1.272361256561097,-2.128387828281447,-1.364552710933257,15,12,1,3,21
-0.905613273030927,0.9202258605690504,2.078051595102942,-2.1442332156840695,-1.3882506091106614,16,12,1,3,21
-0.9331805875872065,0.9202258605690504,2.078051595102942,-2.112542440878825,-1.4474953545541391,17,12,1,3,35
-0.9791261118476722,0.8020080069473332,2.3082488346863257,-2.0966970534762024,-1.5304379981750045,18,12,1,3,35
-0.9331805875872065,0.8611169337581918,1.7327557357278653,-1.874861629839489,-1.5778337945297967,19,12,1,3,35
-0.9515587972913927,0.8020080069473332,1.5025584961444813,-1.6847169810080203,-1.6726253872393644,20,12,1,3,35
-0.9331805875872065,0.7428990801364745,1.0421640169777129,-1.6847169810080203,-1.767416979948932,21,12,1,3,35
-0.8596677487704613,0.8020080069473332,1.272361256561097,-0.2110959525641372,-1.874057521747202,22,12,1,3,35
-0.8780459584746476,0.9202258605690504,1.5025584961444813,-1.9382431794499786,-1.9570001653680673,23,12,1,3,35
-0.9239914827351133,0.9202258605690504,1.5025584961444813,-2.001624729060468,-2.0754896562550393,0,13,1,4,35
-0.9423696924392996,0.8020080069473332,1.0421640169777129,-1.8114800802289992,-2.1465833507872194,1,13,1,4,35
-0.9239914827351133,0.8020080069473332,0.8119667773943287,-0.2110959525641372,-2.1702812489646073,2,13,1,4,35
-0.8688568536225545,0.9202258605690504,0.4666709180192524,-1.8114800802289992,-2.205828096230697,3,13,1,4,11
-0.9148023778830202,0.9202258605690504,1.0421640169777129,-1.2965049896437713,-2.276921790762877,4,13,1,4,1
-0.9423696924392996,0.8611169337581918,0.5817695378109445,-1.1697418904227923,-2.3598644343837423,5,13,1,4,1
-0.9515587972913927,0.9202258605690504,0.8119667773943287,-0.9162156919808337,-2.5020518234481024,6,13,1,4,1
-0.9423696924392996,0.8611169337581918,0.8119667773943287,-0.9162156919808337,-2.6205413143350578,7,13,1,4,1
-0.9239914827351133,0.9202258605690504,1.272361256561097,-1.5579538817870409,-2.7982755506655073,8,13,1,4,13
-0.905613273030927,0.9793347873799091,1.9629529753112496,-1.8114800802289992,-2.952311888818553,9,13,1,4,17
-0.8964241681788339,0.9202258605690504,1.272361256561097,-1.1697418904227923,-3.0944992778829126,10,13,1,4,8
-0.905613273030927,0.9202258605690504,1.5025584961444813,-1.4232680888647506,-3.355176157834228,11,13,1,4,13
-0.9239914827351133,0.8020080069473332,1.0421640169777129,-2.0333155038657127,-3.5329103941646776,12,13,1,4,35
-0.905613273030927,0.9202258605690504,0.5817695378109445,-2.0966970534762024,-3.6277019868742455,13,13,1,4,35
-0.8780459584746476,1.0384437141907676,-1.0296111392727447,-2.0333155038657127,-3.5329103941646776,14,13,1,4,35
-0.8321004342141819,1.0384437141907676,-0.22392080073090012,-1.5579538817870409,-3.4973635468985877,15,13,1,4,35
-0.7861549099537162,0.9793347873799091,-0.4541180403142843,-1.6847169810080203,-3.4262698523664077,16,13,1,4,35
-0.6758856517285983,1.156661567812485,0.00627643885248406,-2.0650062786709578,-3.3433272087455257,17,13,1,4,35
-0.5380490789472011,1.274879421434202,1.272361256561097,-0.9162156919808337,-3.2366866669472727,18,13,1,4,35
-0.648318337172319,1.0975526410016263,2.078051595102942,-2.0333155038657127,-2.904916092463777,19,13,1,4,35
-0.7034529662848779,1.156661567812485,1.9629529753112496,-2.0333155038657127,-2.56129656889158,20,13,1,4,35
-0.9607479021434859,0.683790153325616,2.53844607426971,-1.8114800802289992,-2.3243175871176525,21,13,1,4,39
-1.162908208889535,0.1518098120278884,1.9629529753112496,-1.1697418904227923,-2.099187554432427,22,13,1,4,35
-1.2639883622625596,0.4473544460821815,2.3082488346863257,-1.4232680888647506,-1.8266617253924098,23,13,1,4,39
-1.4385813544523294,0.2700276656496056,2.768643313853094,-1.4232680888647506,-1.6370785399732743,0,14,1,5,39
-1.548850612677447,0.09270088521702978,1.0421640169777129,-1.1697418904227923,-1.4237974563767515,1,14,1,5,35
-1.6591198709025647,0.1518098120278884,1.5025584961444813,-1.4232680888647506,-1.2342142709575994,2,14,1,5,39
-1.7234436048672168,0.210918738838747,1.0421640169777129,-1.5579538817870409,-1.0564800346271663,3,14,1,5,39
-1.9715494358737315,-0.2619526756481219,0.5817695378109445,-0.9162156919808337,-0.9379905437401941,4,14,1,5,35
-2.05425137954257,-0.2619526756481219,1.0421640169777129,-0.2110959525641372,-0.7839542055871488,5,14,1,5,1
-2.1277642183593155,-0.2619526756481219,1.0421640169777129,-0.2110959525641372,-0.5351262747245359,6,14,1,5,1
-2.2747898959928055,-0.2619526756481219,1.272361256561097,-0.2110959525641372,-0.3810899365714737,7,14,1,5,23
-2.3942482590700163,-0.3210616024589805,0.5817695378109445,-0.2824001958759379,-0.2507514965958161,8,14,1,5,23
-2.4034373639221096,-0.3801705292698392,0.4666709180192524,-0.2824001958759379,-0.0967151584427708,9,14,1,5,1
-2.4310046784783887,-0.4392794560806978,0.8119667773943287,-0.2824001958759379,0.03362328153288681,10,14,1,5,23
-2.4310046784783887,-0.4983883828915564,0.5817695378109445,-0.2824001958759379,0.10471697606506675,11,14,1,5,23
-2.421815573626296,-0.5574973097024151,0.5817695378109445,1.6348916798413717,0.12841487424245446,12,14,1,5,23
-2.4493828881825754,-0.7348240901349908,0.23647367843586825,1.6348916798413717,0.152112772419859,13,14,1,5,19
-2.385059154217923,-0.6757151633241323,0.23647367843586825,1.6348916798413717,0.1758106705972467,14,14,1,5,23
-2.385059154217923,-0.6757151633241323,0.8119667773943287,1.6348916798413717,0.2232064669520221,15,14,1,5,23
-2.4677610978867617,-0.9121508705675667,0.4666709180192524,-0.2824001958759379,0.294300161484202,16,14,1,5,23
-2.4769502027388546,-0.7939330169458495,-0.22392080073090012,-0.2110959525641372,0.36539385601638197,17,14,1,5,23
-2.4677610978867617,-0.6757151633241323,0.5817695378109445,-0.2110959525641372,0.4838833469033373,18,14,1,5,19
-2.4769502027388546,-0.4983883828915564,0.23647367843586825,-0.2110959525641372,0.6023728377903095,19,14,1,5,19
-2.6055976706681587,-0.5574973097024151,-0.22392080073090012,-0.2110959525641372,0.6734665323224894,20,14,1,5,19
-2.6147867755202516,-0.4983883828915564,-0.4541180403142843,-0.2110959525641372,0.7090133795885794,21,14,1,5,23
-2.623975880372345,-0.5574973097024151,-0.22392080073090012,-0.2110959525641372,0.8156539213868325,22,14,1,5,23
-2.642354090076531,-0.4983883828915564,-0.6843152798976685,-0.2110959525641372,0.874898666830327,23,14,1,5,23
-2.6974887191890904,-0.3801705292698392,-0.4541180403142843,-0.2110959525641372,0.8985965650077147,0,15,1,6,1
-2.679110509484904,-0.3801705292698392,-0.6843152798976685,-0.2110959525641372,0.9578413104511924,1,15,1,6,1
-2.679110509484904,-0.2619526756481219,-0.6843152798976685,-0.2110959525641372,1.1118776486042377,2,15,1,6,1
-2.6331649852244383,-0.3210616024589805,-1.259808378856129,-0.2110959525641372,1.1711223940477322,3,15,1,6,1
-2.679110509484904,-0.3801705292698392,-1.7202028580228972,-0.2110959525641372,1.2659139867572997,4,15,1,6,1
-2.669921404632811,-0.2619526756481219,-1.0296111392727447,-0.2110959525641372,1.3488566303781653,5,15,1,6,23
-2.8537035016746737,-0.3210616024589805,-0.9145125194810526,-0.2110959525641372,1.4554971721764351,6,15,1,6,23
-2.807757977414208,-0.3210616024589805,-0.6843152798976685,-0.2110959525641372,1.562137713974705,7,15,1,6,19
-2.8537035016746737,-0.3210616024589805,-0.9145125194810526,-0.2824001958759379,1.6569293066842725,8,15,1,6,0
-2.7893797677100216,-0.4392794560806978,-0.6843152798976685,1.6348916798413717,1.7991166957486158,9,15,1,6,19
-2.6974887191890904,-0.5574973097024151,-0.6843152798976685,1.6348916798413717,1.9057572375468856,10,15,1,6,19
-2.6331649852244383,-0.7348240901349908,-0.6843152798976685,1.6348916798413717,1.9294551357242902,11,15,1,6,19
-2.578030356111879,-0.9121508705675667,-0.22392080073090012,1.6348916798413717,1.9176061866355878,12,15,1,6,19
-2.4585719930346683,-0.853041943756708,0.5817695378109445,1.6348916798413717,1.8939082884582001,13,15,1,6,19
-2.385059154217923,-0.853041943756708,1.272361256561097,1.6348916798413717,1.9057572375468856,14,15,1,6,19
-2.3299245251053646,-0.853041943756708,1.0421640169777129,1.6348916798413717,1.9650019829903633,15,15,1,6,0
-2.3299245251053646,-0.9121508705675667,1.0421640169777129,1.6348916798413717,2.0597935756999477,16,15,1,6,0
-2.366680944513737,-0.7348240901349908,0.00627643885248406,-0.2110959525641372,2.130887270232111,17,15,1,6,0
-2.3391136299574575,-0.6166062365132736,0.23647367843586825,-0.2110959525641372,2.178283066586903,18,15,1,6,0
-2.3207354202532713,-0.5574973097024151,0.5817695378109445,-0.2110959525641372,2.2375278120303808,19,15,1,6,0
-2.2931681056969917,-0.3801705292698392,0.23647367843586825,-0.2110959525641372,2.284923608385173,20,15,1,6,0
-2.2747898959928055,-0.2619526756481219,0.00627643885248406,-0.2110959525641372,2.3323194047399483,21,15,1,6,0
-2.2288443717323396,-0.08462589521554607,0.23647367843586825,-0.2110959525641372,2.391564150183426,22,15,1,6,0
-2.20127705717606,0.03359195840617116,0.00627643885248406,-0.2110959525641372,2.4152620483608307,23,15,1,6,0
-2.247222581436526,-0.08462589521554607,0.00627643885248406,-0.2110959525641372,2.4152620483608307,0,16,1,0,0
-2.3207354202532713,-0.1437348220264047,-1.0296111392727447,-0.2110959525641372,2.3678662520060385,1,16,1,0,0
-2.348302734809551,0.03359195840617116,-1.0296111392727447,-0.2110959525641372,2.4034130992721283,2,16,1,0,0
-2.421815573626296,-0.025516968404687458,-1.0296111392727447,-0.2110959525641372,2.391564150183426,3,16,1,0,0
-2.3942482590700163,-0.08462589521554607,-1.7202028580228972,-0.2110959525641372,2.3678662520060385,4,16,1,0,0
-2.37587004936583,0.09270088521702978,-1.7202028580228972,-0.2110959525641372,2.3323194047399483,5,16,1,0,0
-2.366680944513737,0.03359195840617116,-1.7202028580228972,-0.2110959525641372,2.3204704556512628,6,16,1,0,0
-2.2104661620281534,0.32913659246046423,-1.259808378856129,1.6348916798413717,2.2612257102077686,7,16,1,0,19
-2.3115463154011784,-0.025516968404687458,-0.6843152798976685,1.6348916798413717,2.1901320156756054,8,16,1,0,23
-2.1369533232114084,-0.4983883828915564,0.8119667773943287,1.6348916798413717,2.0123977793451555,9,16,1,0,1
-1.9531712261695453,-0.1437348220264047,0.4666709180192524,1.6348916798413717,1.85836144119211,10,16,1,0,23
-1.8612801776486139,-0.08462589521554607,0.5817695378109445,1.6348916798413717,1.6450803575955704,11,16,1,0,23
-1.7877673388318687,-0.4392794560806978,0.4666709180192524,1.6348916798413717,1.3251587322007774,12,16,1,0,23
-1.7142545000151237,-0.3801705292698392,-0.22392080073090012,1.6348916798413717,1.0289350049833723,13,16,1,0,1
-1.5029050884169814,0.03359195840617116,-0.22392080073090012,1.6348916798413717,0.7801070741207425,14,16,1,0,23
-1.5029050884169814,-0.2619526756481219,0.23647367843586825,1.6348916798413717,0.5194301941694273,15,16,1,0,1
-1.5304724029732608,-0.6166062365132736,-0.6843152798976685,1.6348916798413717,0.42463860145985965,16,16,1,0,1
-1.594796136937913,-0.6757151633241323,-1.259808378856129,-0.2110959525641372,0.34169595783899426,17,16,1,0,23
-1.8429019679444276,-0.08462589521554607,0.00627643885248406,-0.2110959525641372,0.3061491105729043,18,16,1,0,19
-1.9899276455779182,0.1518098120278884,0.00627643885248406,-0.2110959525641372,0.21135751786333665,19,16,1,0,19
-1.9164148067611728,0.1518098120278884,-0.22392080073090012,-0.2110959525641372,0.16396172150854443,20,16,1,0,1
-1.8061455485360551,0.210918738838747,-0.4541180403142843,-0.2110959525641372,0.08101907788767905,21,16,1,0,1
-1.7510109194234962,0.1518098120278884,-0.6843152798976685,-0.2110959525641372,-0.0019235657332031574,22,16,1,0,1
-1.677498080606751,0.210918738838747,-0.9145125194810526,-0.2110959525641372,-0.08486620935406852,23,16,1,0,1
-1.6131743466420991,0.210918738838747,-0.6843152798976685,-0.2110959525641372,-0.13226200570886076,0,17,1,1,1
-1.5764179272337266,0.210918738838747,-0.6843152798976685,-0.2110959525641372,-0.20335570024104072,1,17,1,1,1
-1.493715983564888,0.32913659246046423,-0.6843152798976685,-0.2110959525641372,-0.2507514965958161,2,17,1,1,1
-1.4477704593044225,0.32913659246046423,-1.0296111392727447,-0.2110959525641372,-0.2507514965958161,3,17,1,1,1
-1.355879410783491,0.6246812265147573,-1.0296111392727447,-1.6847169810080203,-0.2981472929506083,4,17,1,1,8
-1.1904755234458146,1.0384437141907676,-1.0296111392727447,-1.9065524046447335,-0.357392038394086,5,17,1,1,11
-1.1445299991853488,0.9793347873799091,-1.0296111392727447,-2.001624729060468,-0.392938885660176,6,17,1,1,11
-1.1169626846290694,1.0384437141907676,-0.6843152798976685,-2.0333155038657127,-0.42848573292626596,7,17,1,1,35
-1.1169626846290694,0.9793347873799091,-0.6843152798976685,-2.001624729060468,-0.4758815292810413,8,17,1,1,35
-1.1077735797769763,0.8611169337581918,0.00627643885248406,-1.874861629839489,-0.5469752238132213,9,17,1,1,35
-1.0618280555165105,0.8611169337581918,0.00627643885248406,-2.0966970534762024,-0.5351262747245359,10,17,1,1,35
-1.0158825312560449,0.9202258605690504,0.00627643885248406,-2.001624729060468,-0.6180689183454012,11,17,1,1,35
-0.9607479021434859,0.8611169337581918,0.4666709180192524,-1.9699339542552232,-0.795803154675851,12,17,1,1,35
-0.9423696924392996,0.8611169337581918,0.8119667773943287,-2.001624729060468,-0.9735373910062841,13,17,1,1,35
-0.8321004342141819,1.0384437141907676,0.8119667773943287,-2.0650062786709578,-1.1868184746028239,14,17,1,1,35
-0.7861549099537162,0.9793347873799091,1.0421640169777129,-2.0966970534762024,-1.364552710933257,15,17,1,1,35
-0.7861549099537162,0.9202258605690504,1.5025584961444813,-2.0966970534762024,-1.6133806417958867,16,17,1,1,35
-0.776965805101623,0.9793347873799091,0.8119667773943287,-2.0650062786709578,-1.7555680308602466,17,17,1,1,35
-0.7677767002495297,0.9793347873799091,0.8119667773943287,-2.001624729060468,-1.9806980635454718,18,17,1,1,35
-0.7493984905453436,0.9793347873799091,1.0421640169777129,-1.8114800802289992,-2.1702812489646073,19,17,1,1,11
-0.7585875953974367,1.0384437141907676,1.0421640169777129,-1.9382431794499786,-2.45465602709331,20,17,1,1,13
-0.6850747565806916,1.0975526410016263,1.272361256561097,-1.9699339542552232,-2.77457765248812,21,17,1,1,13
-0.528859974095108,1.274879421434202,0.23647367843586825,-1.9382431794499786,-3.0589524306168228,22,17,1,1,13
-0.4277798207220834,1.3339883482450607,-0.9145125194810526,-1.9699339542552232,-3.2366866669472727,23,17,1,1,14
-0.17048488486347538,1.3339883482450607,-0.4541180403142843,-1.5579538817870409,-3.2485356160359578,0,18,1,2,7
-0.4277798207220834,-0.08462589521554607,7.832982584687546,-0.2110959525641372,-3.18929087059248,1,18,1,2,23
-0.6023728129118533,0.2700276656496056,6.336700527395549,-0.2110959525641372,-2.881218194286373,2,18,1,2,23
-0.9883152166997653,0.1518098120278884,4.840418470103552,-0.2110959525641372,-2.4309581289159223,3,18,1,2,23
-1.2364210477062803,0.09270088521702978,3.804530891978323,-0.2110959525641372,-2.0043959617228597,4,18,1,2,35
-1.3742576204876775,0.09270088521702978,3.5743336523949387,-0.6626894935388755,-1.6015316927071845,5,18,1,2,35
-1.5120941932690746,-0.1437348220264047,2.768643313853094,-0.6626894935388755,-1.2460632200463015,6,18,1,2,23
-1.6499307660504718,-0.2028437488372633,2.768643313853094,-0.6626894935388755,-0.9853863400949864,7,18,1,2,19
-1.7602000242755895,-0.2619526756481219,2.3082488346863257,-0.2824001958759379,-0.7365584092323566,8,18,1,2,19
-1.8153346533881483,-0.3801705292698392,3.2290377930198626,-0.2824001958759379,-0.4758815292810413,9,18,1,2,19
-1.8153346533881483,-0.3801705292698392,2.3082488346863257,-0.2824001958759379,-0.32184519112799603,10,18,1,2,19
-1.8612801776486139,-0.5574973097024151,2.768643313853094,-0.2824001958759379,-0.15595990388624847,11,18,1,2,19
-1.8704692825007072,-0.6166062365132736,2.53844607426971,-0.2824001958759379,-0.061168311176680826,12,18,1,2,19
-1.8704692825007072,-0.7348240901349908,1.9629529753112496,-0.2824001958759379,0.04547223062158908,13,18,1,2,19
-1.852091072796521,-0.7348240901349908,1.5025584961444813,1.6348916798413717,0.16396172150854443,14,18,1,2,19
-1.8888474922048935,-0.7939330169458495,1.7327557357278653,1.6348916798413717,0.3179980596615897,15,18,1,2,19
-1.925603911613266,-0.853041943756708,1.272361256561097,1.6348916798413717,0.4720343978146519,16,18,1,2,19
-1.9623603310216386,-0.7939330169458495,1.272361256561097,1.6348916798413717,0.5786749396129218,17,18,1,2,0
-1.9072257019090797,-0.4392794560806978,0.8119667773943287,-0.2110959525641372,0.7327112777659671,18,18,1,2,0
-1.9531712261695453,-0.3801705292698392,0.8119667773943287,-0.2110959525641372,0.8630497177416248,19,18,1,2,0
-1.9991167504300111,-0.3210616024589805,0.23647367843586825,-0.2110959525641372,0.9222944631851023,20,18,1,2,0
-2.0083058552821043,-0.2619526756481219,0.23647367843586825,-0.2110959525641372,0.9933881577172823,21,18,1,2,0
-2.05425137954257,-0.3210616024589805,-0.22392080073090012,-0.2110959525641372,1.0289350049833723,22,18,1,2,0
-2.063440484394663,-0.08462589521554607,-1.0296111392727447,-0.2110959525641372,1.0407839540720745,23,18,1,2,0
-2.1553315329155947,0.09270088521702978,-0.9145125194810526,-0.2110959525641372,1.05263290316076,0,19,1,3,0
-1.925603911613266,0.5064633728930401,-1.259808378856129,-0.2110959525641372,0.9933881577172823,1,19,1,3,0
-1.8337128630923345,0.5655722997038988,-1.0296111392727447,-0.2110959525641372,0.9578413104511924,2,19,1,3,0
-2.2196552668802467,0.32913659246046423,-1.0296111392727447,-0.2110959525641372,0.9222944631851023,3,19,1,3,0
-1.9164148067611728,0.6246812265147573,-0.9145125194810526,-0.2110959525641372,0.8985965650077147,4,19,1,3,0
-2.063440484394663,0.5064633728930401,-1.0296111392727447,-0.2110959525641372,0.9459923613624901,5,19,1,3,0
-2.0450622746904767,0.09270088521702978,-1.0296111392727447,-0.2110959525641372,0.9222944631851023,6,19,1,3,0
-1.9991167504300111,0.03359195840617116,-1.0296111392727447,-0.2824001958759379,0.9341434122738046,7,19,1,3,0
-1.925603911613266,0.03359195840617116,0.4666709180192524,1.6348916798413717,0.9341434122738046,8,19,1,3,0
-1.8153346533881483,0.09270088521702978,0.23647367843586825,1.6348916798413717,0.8038049722981471,9,19,1,3,0
-1.8153346533881483,-0.2028437488372633,0.5817695378109445,1.6348916798413717,0.7445602268546694,10,19,1,3,19
-1.7877673388318687,-0.3210616024589805,1.272361256561097,1.6348916798413717,0.6023728377903095,11,19,1,3,23
-1.6499307660504718,-0.4983883828915564,0.00627643885248406,1.6348916798413717,0.4364875505485619,12,19,1,3,23
-1.5856070320858195,-0.7348240901349908,0.5817695378109445,1.6348916798413717,0.19950856877463438,13,19,1,3,23
-1.603985241790006,-0.853041943756708,0.5817695378109445,1.6348916798413717,-0.025621463910590857,14,19,1,3,23
-1.6131743466420991,-0.9121508705675667,1.272361256561097,1.6348916798413717,-0.20335570024104072,15,19,1,3,1
-1.603985241790006,-0.9121508705675667,1.0421640169777129,-0.2824001958759379,-0.34554308930538374,16,19,1,3,1
-1.5856070320858195,-0.7939330169458495,0.23647367843586825,-0.2824001958759379,-0.4166367838375637,17,19,1,3,1
-1.4202031447481431,-0.7939330169458495,0.4666709180192524,-0.2110959525641372,-0.46403258019235594,18,19,1,3,1
-1.4018249350439569,-1.0894776510001425,1.7327557357278653,-0.2110959525641372,-0.5232773256358336,19,19,1,3,35
-1.3283120962272117,-0.853041943756708,1.7327557357278653,-0.9162156919808337,-0.4995794274584459,20,19,1,3,35
-1.0066934264039518,0.5655722997038988,1.0421640169777129,-2.0333155038657127,-0.5351262747245359,21,19,1,3,35
-1.08939537007279,0.03359195840617116,1.9629529753112496,-0.2110959525641372,-0.6417668165227889,22,19,1,3,35
-1.0526389506644174,0.09270088521702978,1.272361256561097,-0.2110959525641372,-0.6891626128775812,23,19,1,3,35
-1.0250716361081378,0.210918738838747,1.272361256561097,-0.2110959525641372,-0.6536157656114912,0,20,1,4,23
-0.9975043215518585,0.32913659246046423,0.5817695378109445,-0.2110959525641372,-0.606219969256699,1,20,1,4,35
-0.9791261118476722,0.32913659246046423,0.8119667773943287,-1.4232680888647506,-0.48773047836974365,2,20,1,4,35
-1.1445299991853488,-0.025516968404687458,0.4666709180192524,-0.2110959525641372,-0.357392038394086,3,20,1,4,23
-1.1720973137416282,0.2700276656496056,0.4666709180192524,-0.9162156919808337,-0.21520464932972613,4,20,1,4,35
-1.355879410783491,-0.2619526756481219,2.078051595102942,-0.2110959525641372,-0.08486620935406852,5,20,1,4,35
-1.548850612677447,-0.4983883828915564,1.5025584961444813,-0.2110959525641372,0.09286802697636448,6,20,1,4,1
-1.668308975754658,-0.6166062365132736,1.5025584961444813,-0.2110959525641372,0.25875331421811204,7,20,1,4,23
-1.7234436048672168,-0.3210616024589805,2.078051595102942,-0.2824001958759379,0.49573229599203955,8,20,1,4,19
-1.8980365970569868,-0.3801705292698392,1.9629529753112496,-0.2824001958759379,0.6379196850563994,9,20,1,4,0
-2.100196903803036,-0.6166062365132736,2.078051595102942,-0.2824001958759379,0.7919560232094448,10,20,1,4,19
-2.182898847471874,-0.7348240901349908,1.9629529753112496,-0.2824001958759379,0.9341434122738046,11,20,1,4,0
-2.2656007911407126,-0.6757151633241323,1.7327557357278653,-0.2824001958759379,0.98153920862858,12,20,1,4,0
-2.4126264687742025,-0.9712597973784254,1.7327557357278653,-0.2824001958759379,1.0763308013381476,13,20,1,4,0
-2.4493828881825754,-1.1485865778110012,1.7327557357278653,1.6348916798413717,1.1000286995155522,14,20,1,4,19
-2.4310046784783887,-1.2076955046218598,1.7327557357278653,1.6348916798413717,1.23036713949121,15,20,1,4,19
-2.4493828881825754,-1.3259133582435771,1.0421640169777129,1.6348916798413717,1.3014608340233897,16,20,1,4,19
-2.4677610978867617,-1.2668044314327185,0.23647367843586825,1.6348916798413717,1.372554528555553,17,20,1,4,19
-2.4677610978867617,-1.1485865778110012,-0.22392080073090012,-0.2110959525641372,1.4436482230877328,18,20,1,4,19
-2.4585719930346683,-0.9712597973784254,-0.22392080073090012,-0.2110959525641372,1.5147419176199128,19,20,1,4,19
-2.5137066221472275,-1.030368724189284,-0.6843152798976685,-0.2110959525641372,1.526590866708615,20,20,1,4,19
-2.5872194609639725,-0.7939330169458495,-0.6843152798976685,-0.2110959525641372,1.562137713974705,21,20,1,4,19
-2.5412739367035067,-0.7939330169458495,-0.6843152798976685,-0.2110959525641372,1.5502887648860026,22,20,1,4,19
-2.486139307590948,-0.7939330169458495,-1.0296111392727447,-0.2110959525641372,1.562137713974705,23,20,1,4,23
-2.4126264687742025,-0.853041943756708,-1.0296111392727447,-0.2110959525641372,1.4673461212651373,0,21,1,5,1
-2.4034373639221096,-0.9121508705675667,-1.7202028580228972,-0.2110959525641372,1.4317992739990473,1,21,1,5,1
-2.3299245251053646,-0.853041943756708,-1.7202028580228972,-0.2110959525641372,1.4436482230877328,2,21,1,5,1
-2.247222581436526,-0.4392794560806978,-0.9145125194810526,-0.2110959525641372,1.3962524267329575,3,21,1,5,1
-2.238033476584433,-0.5574973097024151,-0.9145125194810526,-0.2110959525641372,1.3370076812894798,4,21,1,5,1
-2.3391136299574575,-1.030368724189284,-0.4541180403142843,-0.2110959525641372,1.2185181904025075,5,21,1,5,1
-2.256411686288619,-0.9121508705675667,-0.6843152798976685,-0.2110959525641372,1.1000286995155522,6,21,1,5,1
-2.2656007911407126,-1.030368724189284,-0.6843152798976685,-0.2110959525641372,1.1711223940477322,7,21,1,5,1
-2.238033476584433,-0.9121508705675667,-0.6843152798976685,-0.2110959525641372,1.1948202922251199,8,21,1,5,1
-2.164520637767688,-0.1437348220264047,-0.22392080073090012,-0.2824001958759379,1.2540650376685976,9,21,1,5,35
-2.20127705717606,-0.1437348220264047,0.23647367843586825,-0.2824001958759379,1.2659139867572997,10,21,1,5,35
-2.182898847471874,-0.2028437488372633,0.4666709180192524,-0.2824001958759379,1.23036713949121,11,21,1,5,35
-2.100196903803036,-0.3210616024589805,0.00627643885248406,-0.2824001958759379,1.1592734449590298,12,21,1,5,23
-2.05425137954257,-0.4983883828915564,0.00627643885248406,-0.2824001958759379,1.1355755467816422,13,21,1,5,19
-2.0450622746904767,-0.7348240901349908,-0.22392080073090012,-0.2824001958759379,1.1355755467816422,14,21,1,5,0
-1.9715494358737315,-0.6757151633241323,-0.4541180403142843,-0.2824001958759379,1.1948202922251199,15,21,1,5,0
-1.9623603310216386,-0.7348240901349908,-0.9145125194810526,1.6348916798413717,1.2540650376685976,16,21,1,5,0
-2.05425137954257,-0.853041943756708,-0.4541180403142843,1.6348916798413717,1.3133097831120752,17,21,1,5,0
-2.0910077989509426,-0.7348240901349908,-1.0296111392727447,-0.2110959525641372,1.4081013758216427,18,21,1,5,0
-2.063440484394663,-0.5574973097024151,-1.259808378856129,-0.2110959525641372,1.4436482230877328,19,21,1,5,0
-2.4769502027388546,-0.4392794560806978,-1.259808378856129,-0.2110959525641372,1.5502887648860026,20,21,1,5,0
-2.1461424280635018,-0.08462589521554607,-0.6843152798976685,-0.2110959525641372,1.6806272048616604,21,21,1,5,0
-2.37587004936583,-0.3801705292698392,-1.7202028580228972,-0.2110959525641372,1.739871950305138,22,21,1,5,0
-2.2288443717323396,0.09270088521702978,-1.7202028580228972,-0.2110959525641372,1.7635698484825426,23,21,1,5,19
-2.302357210549085,0.1518098120278884,-1.7202028580228972,-0.2110959525641372,1.7991166957486158,0,22,1,6,0
-2.192087952323967,0.2700276656496056,-1.259808378856129,-0.2110959525641372,1.8820593393694978,1,22,1,6,0
-2.3115463154011784,0.1518098120278884,-1.7202028580228972,-0.2110959525641372,1.9650019829903633,2,22,1,6,0
-2.348302734809551,-0.025516968404687458,-1.7202028580228972,-0.9162156919808337,2.0123977793451555,3,22,1,6,1
-2.2104661620281534,0.09270088521702978,-1.7202028580228972,-0.2110959525641372,2.0597935756999477,4,22,1,6,19
-2.385059154217923,0.210918738838747,-1.0296111392727447,-0.9162156919808337,2.1190383211434254,5,22,1,6,19
-2.3391136299574575,0.210918738838747,-1.0296111392727447,-2.128387828281447,2.130887270232111,6,22,1,6,12
-2.3299245251053646,0.09270088521702978,-1.0296111392727447,-1.1697418904227923,2.201980964764291,7,22,1,6,19
-2.256411686288619,0.3882455192713229,-1.259808378856129,-0.2824001958759379,2.284923608385173,8,22,1,6,19
-1.9991167504300111,0.6246812265147573,-0.9145125194810526,1.6348916798413717,2.3204704556512628,9,22,1,6,23
-1.8153346533881483,0.7428990801364745,-0.6843152798976685,-1.5579538817870409,2.3323194047399483,10,22,1,6,7
-1.6591198709025647,0.8020080069473332,-1.0296111392727447,-1.5579538817870409,2.356017302917353,11,22,1,6,7
-1.6499307660504718,0.32913659246046423,-0.6843152798976685,-1.5579538817870409,2.2730746592964706,12,22,1,6,18
-1.7050653951630306,0.03359195840617116,-0.4541180403142843,-1.5579538817870409,2.1427362193208133,13,22,1,6,18
-1.594796136937913,-0.1437348220264047,-0.6843152798976685,-0.9162156919808337,2.000548830256453,14,22,1,6,1
-1.5672288223816333,-0.2619526756481219,-0.6843152798976685,-0.9162156919808337,1.8939082884582001,15,22,1,6,1
-1.5856070320858195,-0.4983883828915564,-1.0296111392727447,-0.6626894935388755,1.8346635430147056,16,22,1,6,1
-1.6866871854588443,-0.4392794560806978,0.4666709180192524,-0.6626894935388755,1.7991166957486158,17,22,1,6,1
-1.7142545000151237,-0.2619526756481219,0.4666709180192524,-0.6626894935388755,1.739871950305138,18,22,1,6,23
-1.7234436048672168,-0.3210616024589805,0.4666709180192524,-0.6626894935388755,1.6806272048616604,19,22,1,6,23
-1.7785782339797758,0.09270088521702978,0.00627643885248406,-0.6626894935388755,1.6450803575955704,20,22,1,6,19
-1.8153346533881483,0.1518098120278884,0.00627643885248406,-0.9162156919808337,1.5739866630633905,21,22,1,6,0
-1.796956443683962,0.32913659246046423,-0.22392080073090012,-0.9162156919808337,1.5147419176199128,22,22,1,6,23
-1.8061455485360551,0.32913659246046423,-0.6843152798976685,-0.9162156919808337,1.4554971721764351,23,22,1,6,19
-1.796956443683962,0.210918738838747,-0.4541180403142843,-0.2110959525641372,1.384403477644255,0,23,1,0,23
-1.8153346533881483,0.1518098120278884,-0.4541180403142843,-0.2110959525641372,1.2896118849346876,1,23,1,0,19
-1.8061455485360551,0.2700276656496056,-0.22392080073090012,-0.2110959525641372,1.2422160885798952,2,23,1,0,23
-1.7050653951630306,0.32913659246046423,-0.22392080073090012,-0.2110959525641372,1.1118776486042377,3,23,1,0,1
-1.6315525563462854,0.2700276656496056,-0.4541180403142843,-0.2110959525641372,0.98153920862858,4,23,1,0,1
-1.5120941932690746,0.32913659246046423,-0.4541180403142843,-0.2110959525641372,0.874898666830327,5,23,1,0,1
-1.41101403989605,0.32913659246046423,-0.9145125194810526,-0.2110959525641372,0.839351819564237,6,23,1,0,1
-1.346690305931398,0.32913659246046423,-0.22392080073090012,-0.2110959525641372,0.7327112777659671,7,23,1,0,23
-1.2547992574104665,0.3882455192713229,-0.4541180403142843,-0.2824001958759379,0.7564091759433548,8,23,1,0,23
-1.0802062652206967,0.2700276656496056,-0.4541180403142843,1.6348916798413717,0.6379196850563994,9,23,1,0,23
-0.9607479021434859,0.2700276656496056,-0.6843152798976685,1.6348916798413717,0.6260707359676971,10,23,1,0,23
-0.528859974095108,0.2700276656496056,-0.4541180403142843,1.6348916798413717,0.5194301941694273,11,23,1,0,1
-0.45534713527836285,0.210918738838747,-1.0296111392727447,1.6348916798413717,0.329847008750292,12,23,1,0,1
-0.3726451916095246,0.4473544460821815,0.8119667773943287,1.6348916798413717,0.10471697606506675,13,23,1,0,1
-0.335888772201152,0.5064633728930401,1.272361256561097,1.6348916798413717,-0.04931936208797856,14,23,1,0,24
-0.3175105624969657,0.5655722997038988,1.7327557357278653,-0.2824001958759379,-0.2270535984184284,15,23,1,0,24
-0.2623759333844068,0.6246812265147573,1.5025584961444813,-0.2824001958759379,-0.40478783474887825,16,23,1,0,1
-0.27156503823649997,0.6246812265147573,1.5025584961444813,-0.9162156919808337,-0.5232773256358336,17,23,1,0,24
-0.12453936060300964,1.2157704946233434,0.4666709180192524,-1.874861629839489,-0.606219969256699,18,23,1,0,28
-0.10616115089882336,1.2157704946233434,0.8119667773943287,-1.5579538817870409,-0.7365584092323566,19,23,1,0,28
-0.12453936060300964,1.274879421434202,1.272361256561097,-1.4232680888647506,-0.866896849208031,20,23,1,0,3
-0.07859383634254392,1.274879421434202,1.0421640169777129,-1.2965049896437713,-0.9853863400949864,21,23,1,0,2
-0.032648312082078176,1.3930972750559194,1.5025584961444813,-0.2110959525641372,-1.1275737291593462,22,23,1,0,1
-0.005080997525798757,1.3339883482450607,0.8119667773943287,-0.2110959525641372,-1.1512716273367338,23,23,1,0,1
-0.023459207229985065,1.452206201866778,0.23647367843586825,-1.1697418904227923,-1.1986674236915094,0,24,1,1,24
-0.06021562663835764,1.452206201866778,0.4666709180192524,-0.9162156919808337,-1.1986674236915094,1,24,1,1,1
-0.04183741693417133,1.5113151286776365,-0.6843152798976685,-1.4232680888647506,-1.1394226782480317,2,24,1,1,24
0.09599915584722585,1.3930972750559194,0.4666709180192524,-1.4232680888647506,-1.0209331873610763,3,24,1,1,24
-0.12453936060300964,0.8020080069473332,1.7327557357278653,-0.2110959525641372,-0.9498394928288963,4,24,1,1,1
-0.2531868285323137,0.5064633728930401,2.9988405534364784,-0.2110959525641372,-0.8076521037645366,5,24,1,1,1
-0.28994324794068627,0.4473544460821815,1.5025584961444813,-0.2110959525641372,-0.7128605110549688,6,24,1,1,1
-0.335888772201152,0.4473544460821815,1.272361256561097,-0.9162156919808337,-0.6654647147001934,7,24,1,1,1
-0.39102340131371083,0.210918738838747,1.5025584961444813,-0.6626894935388755,-0.6299178674341035,8,24,1,1,23
-0.400212506165804,0.210918738838747,1.7327557357278653,-0.2824001958759379,-0.5351262747245359,9,24,1,1,1
-0.41859071586999036,0.1518098120278884,2.3082488346863257,-0.2824001958759379,-0.4758815292810413,10,24,1,1,1
-0.4094016110178971,0.1518098120278884,2.078051595102942,-0.2824001958759379,-0.4166367838375637,11,24,1,1,1
-0.44615803042626967,-0.025516968404687458,1.7327557357278653,-0.2824001958759379,-0.392938885660176,12,24,1,1,1
-0.45534713527836285,0.09270088521702978,2.768643313853094,-0.2824001958759379,-0.3810899365714737,13,24,1,1,1
-0.45534713527836285,0.210918738838747,2.3082488346863257,-0.2824001958759379,-0.357392038394086,14,24,1,1,24
-0.43696892557417655,0.3882455192713229,1.272361256561097,-0.6626894935388755,-0.2981472929506083,15,24,1,1,35
-0.45534713527836285,0.3882455192713229,1.7327557357278653,-0.2824001958759379,-0.27444939477322067,16,24,1,1,1
-0.4921035546867354,0.32913659246046423,1.272361256561097,-0.2824001958759379,-0.20335570024104072,17,24,1,1,37
-0.5012926595388286,0.2700276656496056,0.8119667773943287,-0.2110959525641372,-0.1204130566201585,18,24,1,1,37
-0.528859974095108,0.210918738838747,1.9629529753112496,-0.2110959525641372,-0.04931936208797856,19,24,1,1,37
-0.528859974095108,0.2700276656496056,0.4666709180192524,-0.2110959525641372,0.009925383355499112,20,24,1,1,1
-0.5104817643909217,0.3882455192713229,0.5817695378109445,-0.2110959525641372,0.06917012879897678,21,24,1,1,23
-0.5472381837992943,0.2700276656496056,0.8119667773943287,-0.2110959525641372,0.09286802697636448,22,24,1,1,23
-0.5472381837992943,0.2700276656496056,1.5025584961444813,-0.2110959525641372,0.12841487424245446,23,24,1,1,37
-0.6575074420244121,0.09270088521702978,1.5025584961444813,-0.2110959525641372,0.1758106705972467,0,25,1,2,1
-0.7126420711369709,0.03359195840617116,0.8119667773943287,-0.2110959525641372,0.24690436512942662,1,25,1,2,23
-0.776965805101623,-0.08462589521554607,0.5817695378109445,-0.2110959525641372,0.37724280510508423,2,25,1,2,23
-0.8045331196579024,-0.1437348220264047,1.0421640169777129,-0.2110959525641372,0.4720343978146519,3,25,1,2,1
-0.7861549099537162,-0.025516968404687458,1.0421640169777129,-0.2110959525641372,0.5549770414355173,4,25,1,2,1
-0.9423696924392996,-0.2028437488372633,2.078051595102942,-0.2110959525641372,0.6260707359676971,5,25,1,2,23
-1.0618280555165105,-0.3210616024589805,2.3082488346863257,-0.2110959525641372,0.7208623286772649,6,25,1,2,23
-1.153719104037442,-0.2619526756481219,2.53844607426971,-0.2110959525641372,0.874898666830327,7,25,1,2,23
-1.2364210477062803,-0.3210616024589805,1.272361256561097,-0.2824001958759379,1.05263290316076,8,25,1,2,23
-1.273177467114653,-0.3210616024589805,1.5025584961444813,-0.2824001958759379,1.1829713431364175,9,25,1,2,1
-1.282366571966746,-0.3210616024589805,0.8119667773943287,-0.2824001958759379,1.23036713949121,10,25,1,2,23
-1.3283120962272117,-0.4392794560806978,0.4666709180192524,-0.2824001958759379,1.2896118849346876,11,25,1,2,23
-1.3191229913751186,-0.4983883828915564,0.5817695378109445,-0.2824001958759379,1.1948202922251199,12,25,1,2,23
-1.3099338865230254,-0.5574973097024151,0.5817695378109445,-0.2824001958759379,1.1355755467816422,13,25,1,2,19
-1.2456101525583734,-0.4392794560806978,0.8119667773943287,-0.2824001958759379,1.1000286995155522,14,25,1,2,19
-1.2639883622625596,-0.4983883828915564,0.8119667773943287,-0.2824001958759379,1.05263290316076,15,25,1,2,19
-1.273177467114653,-0.4983883828915564,0.4666709180192524,-0.2824001958759379,1.0763308013381476,16,25,1,2,23
-1.282366571966746,-0.4392794560806978,0.5817695378109445,-0.2824001958759379,1.1355755467816422,17,25,1,2,19
-1.282366571966746,-0.3801705292698392,-0.4541180403142843,-0.2110959525641372,1.2066692413138054,18,25,1,2,19
-1.2915556768188392,-0.3210616024589805,-0.22392080073090012,-0.2110959525641372,1.2896118849346876,19,25,1,2,23
-1.3007447816709323,-0.4983883828915564,-0.9145125194810526,-0.2110959525641372,1.2066692413138054,20,25,1,2,23
-1.2547992574104665,-0.2028437488372633,-0.9145125194810526,-0.2110959525641372,1.1355755467816422,21,25,1,2,23
-1.273177467114653,-0.2028437488372633,-1.7202028580228972,-0.2110959525641372,1.1118776486042377,22,25,1,2,23
-1.282366571966746,-0.2619526756481219,-1.0296111392727447,-0.2110959525641372,1.1355755467816422,23,25,1,2,23
-1.3099338865230254,-0.2028437488372633,-1.0296111392727447,-0.2110959525641372,1.1118776486042377,0,26,1,3,23
-1.346690305931398,-0.025516968404687458,-1.259808378856129,-0.2110959525641372,1.0644818522494623,1,26,1,3,0
-1.3926358301918638,0.210918738838747,-1.0296111392727447,-0.2110959525641372,1.1118776486042377,2,26,1,3,0
-1.3834467253397706,0.210918738838747,-1.7202028580228972,-0.2110959525641372,1.08817975042685,3,26,1,3,0
-1.4753377738607019,-0.025516968404687458,-1.7202028580228972,-0.2110959525641372,1.0644818522494623,4,26,1,3,0
-1.5120941932690746,0.03359195840617116,-1.0296111392727447,-0.2110959525641372,1.1474244958703277,5,26,1,3,0
-1.6131743466420991,0.32913659246046423,-1.0296111392727447,-0.2110959525641372,1.1948202922251199,6,26,1,3,0
-1.5580397175295404,0.3882455192713229,-1.0296111392727447,-0.2824001958759379,1.1355755467816422,7,26,1,3,19
-1.4569595641565158,0.2700276656496056,-1.0296111392727447,-0.2824001958759379,1.2185181904025075,8,26,1,3,0
-1.3742576204876775,0.1518098120278884,-0.4541180403142843,-0.2824001958759379,1.1355755467816422,9,26,1,3,19
-1.3742576204876775,-0.4983883828915564,-0.4541180403142843,-0.2824001958759379,1.1711223940477322,10,26,1,3,19
-1.346690305931398,-0.6166062365132736,-0.9145125194810526,-0.2824001958759379,1.1829713431364175,11,26,1,3,19
-1.3834467253397706,-0.7939330169458495,-0.4541180403142843,-0.2824001958759379,0.98153920862858,12,26,1,3,19
-1.3375012010793048,-0.7939330169458495,0.00627643885248406,-0.2824001958759379,0.7801070741207425,13,26,1,3,23
-1.3834467253397706,-1.0894776510001425,-0.4541180403142843,-0.2824001958759379,0.6497686341450849,14,26,1,3,23
-1.5304724029732608,-1.503240138676153,-0.22392080073090012,-0.2824001958759379,0.5668259905242196,15,26,1,3,23
-1.355879410783491,-0.9121508705675667,0.4666709180192524,-0.2824001958759379,0.5549770414355173,16,26,1,3,1
-1.355879410783491,-0.7939330169458495,0.5817695378109445,-0.2824001958759379,0.4127896523711742,17,26,1,3,1
-1.493715983564888,-1.0894776510001425,1.0421640169777129,-0.2110959525641372,0.2706022633068143,18,26,1,3,1
-1.4753377738607019,-1.0894776510001425,0.23647367843586825,-0.2110959525641372,0.23505541604072436,19,26,1,3,1
-1.4293922496002363,-0.9121508705675667,0.23647367843586825,-0.2110959525641372,0.11656592515376903,20,26,1,3,37
-1.346690305931398,-0.5574973097024151,0.5817695378109445,-0.2110959525641372,-0.07301726026538309,21,26,1,3,35
-1.1720973137416282,0.03359195840617116,0.8119667773943287,-0.9162156919808337,-0.15595990388624847,22,26,1,3,35
-1.0710171603686036,0.5655722997038988,0.8119667773943287,-1.6847169810080203,-0.28629834386190606,23,26,1,3,35
-1.0434498458123243,0.683790153325616,1.5025584961444813,-1.8114800802289992,-0.4403346820149514,0,27,1,4,35
-0.9975043215518585,0.8020080069473332,1.0421640169777129,-2.001624729060468,-0.5588241729019235,1,27,1,4,35
-0.9883152166997653,0.8020080069473332,1.272361256561097,-1.9382431794499786,-0.6891626128775812,2,27,1,4,35
-0.9791261118476722,0.8020080069473332,1.5025584961444813,-1.874861629839489,-0.8550479001193287,3,27,1,4,35
-0.9331805875872065,0.8020080069473332,1.272361256561097,-2.001624729060468,-1.0920268818932564,4,27,1,4,35
-0.841289539066275,0.8611169337581918,0.8119667773943287,-0.9162156919808337,-1.2697611182236892,5,27,1,4,35
-0.6207510226160394,1.0975526410016263,0.4666709180192524,-0.6626894935388755,-1.4830422018202292,6,27,1,4,35
-0.5012926595388286,1.0975526410016263,0.8119667773943287,-0.9162156919808337,-1.7081722345054544,7,27,1,4,13
-0.39102340131371083,1.0975526410016263,0.5817695378109445,-1.1697418904227923,-1.874057521747202,8,27,1,4,13
-0.3634560867574314,1.0975526410016263,0.23647367843586825,-1.1697418904227923,-2.028093859900247,9,27,1,4,24
-0.3450778770532451,1.2157704946233434,0.23647367843586825,-1.5579538817870409,-2.2176770453193826,10,27,1,4,28
-0.32669966734905886,1.2157704946233434,0.5817695378109445,-2.001624729060468,-2.336166536206355,11,27,1,4,3
-0.3175105624969657,1.274879421434202,0.5817695378109445,-1.9699339542552232,-2.537598670714192,12,27,1,4,3
-0.32669966734905886,1.2157704946233434,0.8119667773943287,-1.9382431794499786,-2.7153329070446253,13,27,1,4,3
-0.3542669819053383,1.2157704946233434,0.5817695378109445,-2.001624729060468,-2.7982755506655073,14,27,1,4,3
-0.3818342964616177,1.156661567812485,0.4666709180192524,-2.001624729060468,-2.845671347020283,15,27,1,4,3
-0.44615803042626967,1.0975526410016263,0.4666709180192524,-1.5579538817870409,-2.7390308052220296,16,27,1,4,9
-0.44615803042626967,1.2157704946233434,0.8119667773943287,-1.9699339542552232,-2.466504976182012,17,27,1,4,35
-0.400212506165804,1.3339883482450607,-0.4541180403142843,-2.001624729060468,-2.276921790762877,18,27,1,4,35
-0.3818342964616177,1.2157704946233434,1.7327557357278653,-1.1697418904227923,-2.0636407071663374,19,27,1,4,35
-0.48291444983464227,1.0975526410016263,1.9629529753112496,-0.9162156919808337,-1.7911148781263198,20,27,1,4,1
-0.5931837080597601,0.8611169337581918,0.4666709180192524,-0.2824001958759379,-1.5422869472637069,21,27,1,4,1
-0.6391292323202259,0.8020080069473332,0.4666709180192524,-0.2110959525641372,-1.3882506091106614,22,27,1,4,23
-0.648318337172319,0.8020080069473332,0.5817695378109445,-0.2110959525641372,-1.2105163727802115,23,27,1,4,19
-0.6299401274681325,0.8020080069473332,0.4666709180192524,-0.2110959525641372,-1.0209331873610763,0,28,1,5,19
-0.5012926595388286,0.8611169337581918,0.8119667773943287,-0.2110959525641372,-0.8431989510306265,1,28,1,5,37
-0.4737253449825492,0.8020080069473332,1.0421640169777129,-0.2110959525641372,-0.6654647147001934,2,28,1,5,23
-0.5104817643909217,0.6246812265147573,0.23647367843586825,-0.2110959525641372,-0.5469752238132213,3,28,1,5,23
-0.5472381837992943,0.5655722997038988,0.00627643885248406,-0.2110959525641372,-0.48773047836974365,4,28,1,5,23
-0.48291444983464227,0.7428990801364745,0.4666709180192524,-0.2110959525641372,-0.392938885660176,5,28,1,5,23
-0.7310202808411573,0.5064633728930401,-0.6843152798976685,-0.2110959525641372,-0.30999624203929377,6,28,1,5,23
-0.6575074420244121,0.6246812265147573,-0.4541180403142843,-0.2110959525641372,-0.23890254750713066,7,28,1,5,19
-0.7034529662848779,0.7428990801364745,-0.9145125194810526,1.6348916798413717,-0.16780885297495074,8,28,1,5,19
-0.648318337172319,0.8020080069473332,-0.22392080073090012,-0.2824001958759379,-0.1441109547975462,9,28,1,5,23
-0.6391292323202259,0.6246812265147573,-0.22392080073090012,1.6348916798413717,-0.13226200570886076,10,28,1,5,1
-0.5656163935034806,0.7428990801364745,-1.0296111392727447,1.6348916798413717,-0.17965780206363616,11,28,1,5,1
-0.5472381837992943,0.7428990801364745,-0.9145125194810526,1.6348916798413717,-0.3692409874827883,12,28,1,5,23
-0.5564272886513875,0.2700276656496056,-1.259808378856129,1.6348916798413717,-0.5588241729019235,13,28,1,5,1
-0.5564272886513875,0.210918738838747,-0.6843152798976685,1.6348916798413717,-0.6773136637888789,14,28,1,5,1
-0.5748054983555737,0.1518098120278884,0.00627643885248406,1.6348916798413717,-0.9142926455628064,15,28,1,5,1
-0.5748054983555737,0.09270088521702978,0.8119667773943287,1.6348916798413717,-1.080177932804554,16,28,1,5,1
-0.5564272886513875,0.210918738838747,-0.4541180403142843,1.6348916798413717,-1.0564800346271663,17,28,1,5,1
-0.5472381837992943,0.09270088521702978,-0.6843152798976685,-0.2110959525641372,-1.1512716273367338,18,28,1,5,1
-0.4737253449825492,0.210918738838747,0.4666709180192524,-0.6626894935388755,-1.1394226782480317,19,28,1,5,35
-0.3450778770532451,0.8020080069473332,1.0421640169777129,-0.6626894935388755,-1.1868184746028239,20,28,1,5,35
-0.39102340131371083,0.5064633728930401,1.0421640169777129,-0.2110959525641372,-1.3053079654897792,21,28,1,5,19
-0.41859071586999036,0.32913659246046423,2.53844607426971,-0.2110959525641372,-1.4237974563767515,22,28,1,5,23
-0.39102340131371083,0.8020080069473332,4.264925371145091,-0.9162156919808337,-1.400099558199347,23,28,1,5,31
-0.6942638614327847,-0.3210616024589805,4.840418470103552,-0.2110959525641372,-1.2934590164010937,0,29,1,6,19
-0.721831175989064,-0.2619526756481219,4.264925371145091,-0.2110959525641372,-1.1394226782480317,1,29,1,6,19
-0.7677767002495297,-0.2028437488372633,4.264925371145091,-0.2110959525641372,-0.9972352891836886,2,29,1,6,19
-0.7861549099537162,-0.1437348220264047,3.2290377930198626,-0.2110959525641372,-0.8431989510306265,3,29,1,6,19
-0.8780459584746476,-0.2619526756481219,3.2290377930198626,-0.2110959525641372,-0.6891626128775812,4,29,1,6,19
-0.9515587972913927,-0.3210616024589805,3.2290377930198626,-0.2110959525641372,-0.5469752238132213,5,29,1,6,19
-0.9791261118476722,-0.2619526756481219,3.3441364128115545,-0.2110959525641372,-0.4403346820149514,6,29,1,6,19
-0.9883152166997653,-0.3210616024589805,1.9629529753112496,-0.2824001958759379,-0.3692409874827883,7,29,1,6,19
-0.9975043215518585,-0.2619526756481219,1.9629529753112496,-0.2824001958759379,-0.28629834386190606,8,29,1,6,23
-1.0158825312560449,-0.3210616024589805,1.9629529753112496,-0.2824001958759379,-0.20335570024104072,9,29,1,6,1
-0.9975043215518585,-0.3801705292698392,1.0421640169777129,-0.2824001958759379,-0.21520464932972613,10,29,1,6,23
-0.9423696924392996,-0.4983883828915564,2.078051595102942,-0.2824001958759379,-0.2507514965958161,11,29,1,6,19
-0.9331805875872065,-0.6757151633241323,2.53844607426971,-0.2824001958759379,-0.3336941402166983,12,29,1,6,19
-1.0434498458123243,-1.030368724189284,2.078051595102942,-0.2824001958759379,-0.4166367838375637,13,29,1,6,23
-0.9607479021434859,-0.7939330169458495,0.4666709180192524,-0.2824001958759379,-0.4995794274584459,14,29,1,6,23
-0.9239914827351133,-0.6757151633241323,0.23647367843586825,-0.2824001958759379,-0.4758815292810413,15,29,1,6,23
-0.9975043215518585,-0.9712597973784254,0.5817695378109445,-0.2824001958759379,-0.45218363110365367,16,29,1,6,23
-1.0066934264039518,-0.6757151633241323,-0.4541180403142843,-0.2824001958759379,-0.3692409874827883,17,29,1,6,19
-1.08939537007279,-0.7939330169458495,0.23647367843586825,-0.2110959525641372,-0.3336941402166983,18,29,1,6,19
-1.08939537007279,-0.6757151633241323,0.23647367843586825,-0.2110959525641372,-0.28629834386190606,19,29,1,6,19
-1.0710171603686036,-0.5574973097024151,0.23647367843586825,-0.2110959525641372,-0.2626004456845184,20,29,1,6,19
-1.0066934264039518,-0.4392794560806978,-0.6843152798976685,-0.2110959525641372,-0.23890254750713066,21,29,1,6,19
-0.8780459584746476,0.1518098120278884,0.00627643885248406,-0.2110959525641372,-0.2507514965958161,22,29,1,6,19
-0.9331805875872065,0.32913659246046423,0.00627643885248406,-0.2110959525641372,-0.23890254750713066,23,29,1,6,0
-1.0434498458123243,0.03359195840617116,-0.4541180403142843,-0.2110959525641372,-0.19150675115233842,0,30,1,0,0
-1.153719104037442,-0.1437348220264047,0.00627643885248406,-0.2110959525641372,-0.15595990388624847,1,30,1,0,19
-1.153719104037442,0.03359195840617116,0.00627643885248406,-0.2110959525641372,-0.07301726026538309,2,30,1,0,0
-1.1812864185937215,0.2700276656496056,-0.4541180403142843,-0.2110959525641372,0.021774332444184544,3,30,1,0,0
-1.3191229913751186,0.2700276656496056,-0.4541180403142843,-0.2110959525641372,0.16396172150854443,4,30,1,0,0
-1.5029050884169814,-0.2619526756481219,-0.22392080073090012,-0.2110959525641372,0.329847008750292,5,30,1,0,0
-1.6223634514941923,-0.3801705292698392,0.00627643885248406,-0.2110959525641372,0.49573229599203955,6,30,1,0,0
-1.7050653951630306,-0.3801705292698392,0.00627643885248406,-0.2110959525641372,0.5905238887016072,7,30,1,0,0
-1.796956443683962,-0.4983883828915564,-0.6843152798976685,1.6348916798413717,0.7445602268546694,8,30,1,0,0
-1.7602000242755895,-0.6757151633241323,-0.22392080073090012,1.6348916798413717,0.8275028704755347,9,30,1,0,19
-1.7050653951630306,-0.6757151633241323,0.23647367843586825,1.6348916798413717,0.9104455140964001,10,30,1,0,23
-1.5856070320858195,-0.6166062365132736,0.4666709180192524,1.6348916798413717,0.9578413104511924,11,30,1,0,23
-1.539661507825354,-0.6757151633241323,0.8119667773943287,1.6348916798413717,0.9222944631851023,12,30,1,0,19
-1.6315525563462854,-0.7939330169458495,0.8119667773943287,1.6348916798413717,0.8867476159190124,13,30,1,0,19
-1.6131743466420991,-0.9121508705675667,0.8119667773943287,1.6348916798413717,0.8985965650077147,14,30,1,0,0
-1.6407416611983785,-0.9712597973784254,0.8119667773943287,1.6348916798413717,0.9222944631851023,15,30,1,0,19
-1.6866871854588443,-0.9712597973784254,0.23647367843586825,1.6348916798413717,0.9578413104511924,16,30,1,0,23
-1.677498080606751,-0.9712597973784254,-0.22392080073090012,1.6348916798413717,1.0052371068059847,17,30,1,0,23
-1.668308975754658,-0.9121508705675667,0.00627643885248406,-0.2110959525641372,1.05263290316076,18,30,1,0,19
-1.6958762903109377,-0.6757151633241323,-0.9145125194810526,-0.2110959525641372,1.0763308013381476,19,30,1,0,19
-1.7050653951630306,-0.4983883828915564,-1.259808378856129,-0.2110959525641372,1.0644818522494623,20,30,1,0,19
-1.6591198709025647,-0.6166062365132736,-1.259808378856129,-0.2110959525641372,1.0763308013381476,21,30,1,0,23
-1.6315525563462854,-0.7348240901349908,-1.259808378856129,-0.2110959525641372,1.1000286995155522,22,30,1,0,23
-1.5029050884169814,-0.08462589521554607,-1.0296111392727447,-0.2110959525641372,1.0763308013381476,23,30,1,0,23
-1.4385813544523294,-0.3210616024589805,-0.9145125194810526,-0.2110959525641372,1.0289350049833723,0,31,1,1,23
-1.4477704593044225,-0.3210616024589805,-1.0296111392727447,-0.2110959525641372,0.98153920862858,1,31,1,1,1
-1.4385813544523294,-0.4983883828915564,-0.4541180403142843,-0.2110959525641372,0.8985965650077147,2,31,1,1,35
-1.3742576204876775,-0.2028437488372633,0.00627643885248406,-0.6626894935388755,0.839351819564237,3,31,1,1,35
-1.3742576204876775,-0.08462589521554607,0.23647367843586825,-1.5579538817870409,0.7801070741207425,4,31,1,1,35
-1.355879410783491,-0.025516968404687458,0.23647367843586825,-1.4232680888647506,0.768258125032057,5,31,1,1,35
-1.3191229913751186,0.09270088521702978,-0.22392080073090012,-1.6847169810080203,0.7090133795885794,6,31,1,1,35
-1.4753377738607019,0.32913659246046423,0.23647367843586825,-1.1697418904227923,0.6497686341450849,7,31,1,1,35
-1.5120941932690746,0.2700276656496056,0.4666709180192524,-0.9162156919808337,0.6616175832337872,8,31,1,1,35
-1.5580397175295404,0.210918738838747,0.23647367843586825,-0.2824001958759379,0.6379196850563994,9,31,1,1,35
-1.539661507825354,0.1518098120278884,0.4666709180192524,-0.6626894935388755,0.5786749396129218,10,31,1,1,1
-1.539661507825354,-0.025516968404687458,0.5817695378109445,-0.6626894935388755,0.4838833469033373,11,31,1,1,1
-1.4569595641565158,0.09270088521702978,0.8119667773943287,-1.874861629839489,0.36539385601638197,12,31,1,1,35
-1.3650685156355844,0.32913659246046423,0.5817695378109445,-2.0650062786709578,0.28245121239551657,13,31,1,1,35
-1.346690305931398,0.4473544460821815,0.5817695378109445,-2.0966970534762024,0.21135751786333665,14,31,1,1,35
-1.3375012010793048,0.3882455192713229,0.23647367843586825,-2.112542440878825,0.19950856877463438,15,31,1,1,35
-1.2915556768188392,0.5064633728930401,0.5817695378109445,-2.112542440878825,0.1758106705972467,16,31,1,1,35
-1.2547992574104665,0.5655722997038988,0.4666709180192524,-2.112542440878825,0.16396172150854443,17,31,1,1,35
-1.2639883622625596,0.5655722997038988,0.5817695378109445,-2.0650062786709578,0.152112772419859,18,31,1,1,35
-1.2364210477062803,0.6246812265147573,0.4666709180192524,-2.0650062786709578,0.10471697606506675,19,31,1,1,35
-1.218042838002094,0.5655722997038988,0.5817695378109445,-2.0650062786709578,0.04547223062158908,20,31,1,1,35
-1.1996646282979078,0.5655722997038988,0.5817695378109445,-1.1697418904227923,-0.03747041299929313,21,31,1,1,1
-1.1904755234458146,0.5655722997038988,0.4666709180192524,-1.4232680888647506,-0.1204130566201585,22,31,1,1,35
-1.1445299991853488,0.683790153325616,0.8119667773943287,-1.4232680888647506,-0.2270535984184284,23,31,1,1,11
-1.1261517894811626,0.683790153325616,0.4666709180192524,-1.2965049896437713,-0.27444939477322067,0,1,2,2,35
-1.1077735797769763,0.7428990801364745,0.00627643885248406,-1.4232680888647506,-0.42848573292626596,1,1,2,2,35
-1.08939537007279,0.8611169337581918,0.4666709180192524,-1.8114800802289992,-0.5232773256358336,2,1,2,2,8
-1.0618280555165105,0.8611169337581918,0.00627643885248406,-1.8114800802289992,-0.5825220710793113,3,1,2,2,13
-0.9883152166997653,0.9202258605690504,0.23647367843586825,-1.5579538817870409,-0.6773136637888789,4,1,2,2,13
-1.0158825312560449,0.8020080069473332,0.4666709180192524,-1.5579538817870409,-0.7484073583210589,5,1,2,2,8
-0.969937006995579,0.8611169337581918,0.00627643885248406,-1.5579538817870409,-0.8431989510306265,6,1,2,2,13
-0.9883152166997653,0.8020080069473332,-0.22392080073090012,-1.4232680888647506,-0.8550479001193287,7,1,2,2,13
-1.0158825312560449,0.683790153325616,-0.4541180403142843,-1.2965049896437713,-0.8195010528532388,8,1,2,2,1
-1.0250716361081378,0.7428990801364745,0.00627643885248406,-1.1697418904227923,-0.8195010528532388,9,1,2,2,1
-1.0158825312560449,0.8020080069473332,-0.22392080073090012,-1.5579538817870409,-0.8313500019419411,10,1,2,2,18
-0.9975043215518585,0.8611169337581918,-0.6843152798976685,-1.874861629839489,-0.8195010528532388,11,1,2,2,10
-0.969937006995579,0.9202258605690504,-0.4541180403142843,-2.0333155038657127,-0.8787457982967164,12,1,2,2,10
-0.9423696924392996,0.8020080069473332,-0.4541180403142843,-2.0333155038657127,-0.9142926455628064,13,1,2,2,10
-0.9148023778830202,0.9202258605690504,-0.6843152798976685,-2.0333155038657127,-0.8431989510306265,14,1,2,2,15
-0.9239914827351133,0.8611169337581918,-1.0296111392727447,-1.9699339542552232,-0.7602563074097611,15,1,2,2,15
-0.8964241681788339,0.8020080069473332,-1.7202028580228972,-1.8114800802289992,-0.6891626128775812,16,1,2,2,18
-0.8872350633267407,0.8020080069473332,-1.7202028580228972,-1.6847169810080203,-0.5232773256358336,17,1,2,2,41
-0.8688568536225545,0.7428990801364745,-1.7202028580228972,-1.874861629839489,-0.4403346820149514,18,1,2,2,41
-0.8504786439183681,0.8020080069473332,-1.0296111392727447,-1.874861629839489,-0.32184519112799603,19,1,2,2,41
-0.8229113293620888,0.8020080069473332,-1.259808378856129,-1.8114800802289992,-0.23890254750713066,20,1,2,2,41
-0.8964241681788339,0.7428990801364745,0.00627643885248406,-1.874861629839489,-0.07301726026538309,21,1,2,2,41
-0.9883152166997653,0.6246812265147573,0.00627643885248406,-1.1697418904227923,0.08101907788767905,22,1,2,2,35
-0.9791261118476722,0.6246812265147573,-1.7202028580228972,-1.1697418904227923,0.19950856877463438,23,1,2,2,35
-0.9883152166997653,0.6246812265147573,-0.9145125194810526,-1.1697418904227923,0.3179980596615897,0,2,2,3,35
-1.0802062652206967,0.4473544460821815,-0.6843152798976685,-0.2110959525641372,0.36539385601638197,1,2,2,3,23
-1.1169626846290694,0.5655722997038988,-1.259808378856129,-0.9162156919808337,0.4720343978146519,2,2,2,3,37
-1.0710171603686036,0.5064633728930401,-1.0296111392727447,-0.2110959525641372,0.5549770414355173,3,2,2,3,37
-1.0434498458123243,0.6246812265147573,-1.259808378856129,-0.9162156919808337,0.6379196850563994,4,2,2,3,37
-1.1077735797769763,0.2700276656496056,-0.6843152798976685,-0.9162156919808337,0.6734665323224894,5,2,2,3,37
-1.3191229913751186,-0.2619526756481219,-0.22392080073090012,-0.2110959525641372,0.6853154814111748,6,2,2,3,37
-1.41101403989605,-0.2619526756481219,0.8119667773943287,-0.2824001958759379,0.7327112777659671,7,2,2,3,35
-1.4477704593044225,-0.2028437488372633,0.4666709180192524,-1.1697418904227923,0.8156539213868325,8,2,2,3,35
-1.4845268787127952,-0.2619526756481219,0.4666709180192524,-0.6626894935388755,0.9104455140964001,9,2,2,3,35
-1.493715983564888,-0.1437348220264047,0.23647367843586825,-0.2824001958759379,0.9696902595398946,10,2,2,3,23
-1.539661507825354,-0.3210616024589805,0.4666709180192524,-0.2824001958759379,0.9933881577172823,11,2,2,3,23
-1.4569595641565158,-0.08462589521554607,-0.22392080073090012,-0.2824001958759379,0.9578413104511924,12,2,2,3,23
-1.4018249350439569,-0.08462589521554607,-0.6843152798976685,-0.2824001958759379,0.9578413104511924,13,2,2,3,23
-1.3375012010793048,-0.08462589521554607,-0.6843152798976685,-0.2824001958759379,0.9459923613624901,14,2,2,3,23
-1.346690305931398,-0.1437348220264047,-0.6843152798976685,-0.2824001958759379,1.0052371068059847,15,2,2,3,23
-1.3099338865230254,-0.025516968404687458,-0.4541180403142843,-0.2824001958759379,1.05263290316076,16,2,2,3,23
-1.3375012010793048,0.03359195840617116,-0.22392080073090012,-0.2824001958759379,1.1118776486042377,17,2,2,3,23
-1.3834467253397706,0.03359195840617116,-0.9145125194810526,-0.2110959525641372,1.2185181904025075,18,2,2,3,23
-1.355879410783491,-0.08462589521554607,-1.0296111392727447,-0.2110959525641372,1.2777629358459852,19,2,2,3,23
-1.41101403989605,0.32913659246046423,-1.259808378856129,-0.2110959525641372,1.384403477644255,20,2,2,3,23
-1.2456101525583734,0.3882455192713229,-1.259808378856129,-0.2110959525641372,1.4317992739990473,21,2,2,3,35
-1.2915556768188392,0.5064633728930401,-0.9145125194810526,-0.2110959525641372,1.4673461212651373,22,2,2,3,35
-1.2547992574104665,0.3882455192713229,-0.9145125194810526,-0.2110959525641372,1.491044019442525,23,2,2,3,23
-1.3834467253397706,0.7428990801364745,-1.259808378856129,-0.2110959525641372,1.5147419176199128,0,3,2,4,23
-1.4753377738607019,0.8611169337581918,-1.7202028580228972,-0.2110959525641372,1.5384398157973005,1,3,2,4,19
-1.4018249350439569,0.8611169337581918,-1.7202028580228972,-0.2110959525641372,1.5858356121520927,2,3,2,4,19
-1.5212832981211677,0.8611169337581918,-1.7202028580228972,-0.2110959525641372,1.597684561240795,3,3,2,4,19
-1.6223634514941923,0.8611169337581918,-0.9145125194810526,-0.9162156919808337,1.6213824594181827,4,3,2,4,19
-1.4477704593044225,1.0384437141907676,-0.6843152798976685,-1.4232680888647506,1.6806272048616604,5,3,2,4,7
-1.5304724029732608,0.9202258605690504,-0.9145125194810526,-0.9162156919808337,1.7280230012164526,6,3,2,4,19
-1.493715983564888,0.8611169337581918,-0.6843152798976685,-0.9162156919808337,1.8228145939260203,7,3,2,4,23
-1.4569595641565158,0.7428990801364745,-0.6843152798976685,-0.6626894935388755,1.85836144119211,8,3,2,4,23
-1.3283120962272117,0.6246812265147573,-1.0296111392727447,-0.2824001958759379,1.85836144119211,9,3,2,4,23
-1.1720973137416282,0.5655722997038988,-0.9145125194810526,-0.6626894935388755,1.846512492103408,10,3,2,4,1
-1.153719104037442,0.4473544460821815,-0.4541180403142843,-1.6847169810080203,1.7991166957486158,11,3,2,4,35
-1.1077735797769763,0.5655722997038988,-0.4541180403142843,-0.9162156919808337,1.668778255772958,12,3,2,4,35
-0.9975043215518585,0.5064633728930401,-1.0296111392727447,-0.9162156919808337,1.526590866708615,13,3,2,4,35
-0.9148023778830202,0.5064633728930401,-0.9145125194810526,-0.9162156919808337,1.4436482230877328,14,3,2,4,35
-0.9515587972913927,0.09270088521702978,0.4666709180192524,-0.6626894935388755,1.4199503249103451,15,3,2,4,35
-0.905613273030927,0.3882455192713229,-0.22392080073090012,-0.9162156919808337,1.372554528555553,16,3,2,4,35
-0.8780459584746476,0.5064633728930401,-0.4541180403142843,-0.6626894935388755,1.3488566303781653,17,3,2,4,1
-0.8872350633267407,0.5655722997038988,-0.9145125194810526,-0.6626894935388755,1.3251587322007774,18,3,2,4,35
-0.8964241681788339,0.5655722997038988,-0.6843152798976685,-0.2110959525641372,1.3251587322007774,19,3,2,4,35
-0.9423696924392996,0.5655722997038988,-0.4541180403142843,-0.2110959525641372,1.3133097831120752,20,3,2,4,23
-0.969937006995579,0.6246812265147573,-0.9145125194810526,-0.2110959525641372,1.3251587322007774,21,3,2,4,23
-1.0250716361081378,0.6246812265147573,-1.7202028580228972,-0.2110959525641372,1.2422160885798952,22,3,2,4,1
-0.8504786439183681,0.7428990801364745,-1.0296111392727447,-0.2110959525641372,1.1592734449590298,23,3,2,4,35
-0.8596677487704613,0.9793347873799091,-0.6843152798976685,-2.0333155038657127,1.1474244958703277,0,4,2,5,35
-0.8504786439183681,1.0384437141907676,-0.4541180403142843,-0.2110959525641372,1.1000286995155522,1,4,2,5,23
-0.9148023778830202,0.5655722997038988,0.5817695378109445,-0.2110959525641372,1.2066692413138054,2,4,2,5,23
-1.1996646282979078,-0.1437348220264047,0.00627643885248406,-0.2110959525641372,1.2540650376685976,3,4,2,5,23
-1.4018249350439569,-0.2028437488372633,-0.22392080073090012,-0.2110959525641372,1.3133097831120752,4,4,2,5,19
-1.4569595641565158,-0.08462589521554607,0.00627643885248406,-0.2110959525641372,1.372554528555553,5,4,2,5,19
-1.5120941932690746,0.1518098120278884,-0.6843152798976685,-0.2110959525641372,1.4436482230877328,6,4,2,5,0
-1.5856070320858195,0.3882455192713229,-0.9145125194810526,1.6348916798413717,1.4199503249103451,7,4,2,5,0
-1.668308975754658,0.2700276656496056,-0.6843152798976685,1.6348916798413717,1.491044019442525,8,4,2,5,0
-1.5304724029732608,0.1518098120278884,-0.22392080073090012,1.6348916798413717,1.562137713974705,9,4,2,5,0
-1.493715983564888,-0.08462589521554607,-1.0296111392727447,1.6348916798413717,1.5028929685312105,10,4,2,5,19
-1.4845268787127952,-0.3210616024589805,-1.7202028580228972,1.6348916798413717,1.4673461212651373,11,4,2,5,0
-1.4477704593044225,-0.4983883828915564,-1.259808378856129,1.6348916798413717,1.372554528555553,12,4,2,5,19
-1.4018249350439569,-0.4392794560806978,-0.22392080073090012,1.6348916798413717,1.2540650376685976,13,4,2,5,19
-1.4018249350439569,-0.4983883828915564,-1.0296111392727447,1.6348916798413717,1.1829713431364175,14,4,2,5,19
-1.3926358301918638,-0.6166062365132736,-0.4541180403142843,1.6348916798413717,1.1355755467816422,15,4,2,5,19
-1.41101403989605,-0.6166062365132736,-0.6843152798976685,1.6348916798413717,1.1118776486042377,16,4,2,5,0
-1.4753377738607019,-0.6757151633241323,-0.4541180403142843,1.6348916798413717,1.08817975042685,17,4,2,5,0
-1.493715983564888,-0.6166062365132736,-0.6843152798976685,-0.2110959525641372,1.0763308013381476,18,4,2,5,0
-1.5212832981211677,-0.3801705292698392,-0.9145125194810526,-0.2110959525641372,1.08817975042685,19,4,2,5,0
-1.5580397175295404,-0.2028437488372633,-1.0296111392727447,-0.2110959525641372,1.08817975042685,20,4,2,5,0
-1.5672288223816333,0.09270088521702978,-1.0296111392727447,-0.2110959525641372,1.08817975042685,21,4,2,5,0
-1.603985241790006,0.09270088521702978,-1.7202028580228972,-0.2110959525641372,1.0407839540720745,22,4,2,5,0
-1.548850612677447,0.210918738838747,-1.7202028580228972,-0.2110959525641372,0.9933881577172823,23,4,2,5,0
-1.6407416611983785,0.5064633728930401,-1.0296111392727447,-0.2110959525641372,0.9933881577172823,0,5,2,6,0
-1.6131743466420991,0.683790153325616,-1.0296111392727447,-0.2110959525641372,0.9696902595398946,1,5,2,6,0
-1.8061455485360551,0.7428990801364745,-1.0296111392727447,-0.2110959525641372,0.98153920862858,2,5,2,6,0
-1.677498080606751,0.683790153325616,-1.0296111392727447,-0.2110959525641372,0.9578413104511924,3,5,2,6,0
-1.8796583873528,0.6246812265147573,-1.0296111392727447,-0.2110959525641372,0.9578413104511924,4,5,2,6,0
-1.796956443683962,0.683790153325616,-0.9145125194810526,-0.2110959525641372,1.01708605589467,5,5,2,6,0
-1.8429019679444276,0.683790153325616,-1.259808378856129,-0.6626894935388755,1.0407839540720745,6,5,2,6,0
-1.9439821213174524,0.6246812265147573,-1.259808378856129,-0.2824001958759379,1.0407839540720745,7,5,2,6,0
-1.8429019679444276,0.8020080069473332,-1.259808378856129,-0.2824001958759379,1.0644818522494623,8,5,2,6,0
-1.7142545000151237,0.8020080069473332,-1.7202028580228972,-0.2824001958759379,1.08817975042685,9,5,2,6,0
-1.466148669008609,0.9202258605690504,-0.6843152798976685,-2.128387828281447,1.08817975042685,10,5,2,6,12
-1.3742576204876775,1.0975526410016263,-0.4541180403142843,-1.1697418904227923,1.0644818522494623,11,5,2,6,1
-1.3099338865230254,0.683790153325616,-0.6843152798976685,-0.2824001958759379,0.9104455140964001,12,5,2,6,19
-1.346690305931398,0.03359195840617116,-0.22392080073090012,-0.2824001958759379,0.7919560232094448,13,5,2,6,19
-1.3191229913751186,-0.3801705292698392,0.5817695378109445,-0.2824001958759379,0.6853154814111748,14,5,2,6,1
-1.282366571966746,-0.3210616024589805,0.00627643885248406,-0.2824001958759379,0.5905238887016072,15,5,2,6,1
-1.218042838002094,-0.2619526756481219,-1.0296111392727447,-0.6626894935388755,0.5075812450807419,16,5,2,6,1
-1.153719104037442,-0.2028437488372633,-0.6843152798976685,-0.2110959525641372,0.4483364996372642,17,5,2,6,1
-1.1261517894811626,-0.2028437488372633,0.00627643885248406,-0.2110959525641372,0.42463860145985965,18,5,2,6,1
-1.0250716361081378,-0.08462589521554607,0.00627643885248406,-0.2110959525641372,0.34169595783899426,19,5,2,6,1
-0.969937006995579,-0.025516968404687458,1.0421640169777129,-0.2110959525641372,0.23505541604072436,20,5,2,6,23
-0.9423696924392996,-0.025516968404687458,1.272361256561097,-0.2110959525641372,0.152112772419859,21,5,2,6,1
-0.8504786439183681,0.210918738838747,1.5025584961444813,-0.2110959525641372,0.009925383355499112,22,5,2,6,1
-0.7585875953974367,0.32913659246046423,1.7327557357278653,-0.2110959525641372,-0.1441109547975462,23,5,2,6,1
-0.7126420711369709,0.2700276656496056,1.7327557357278653,-0.2110959525641372,-0.2270535984184284,0,6,2,0,1
-0.7126420711369709,0.2700276656496056,1.0421640169777129,-0.2110959525641372,-0.2981472929506083,1,6,2,0,1
-0.6666965468765051,0.1518098120278884,1.9629529753112496,-0.2110959525641372,-0.357392038394086,2,6,2,0,35
-0.5380490789472011,0.6246812265147573,1.7327557357278653,-0.2110959525641372,-0.3336941402166983,3,6,2,0,1
-0.5748054983555737,0.2700276656496056,2.3082488346863257,-0.2110959525641372,-0.4403346820149514,4,6,2,0,35
-0.5839946032076668,0.1518098120278884,1.272361256561097,-0.2110959525641372,-0.4166367838375637,5,6,2,0,1
-0.5656163935034806,0.210918738838747,1.9629529753112496,-0.2110959525641372,-0.4995794274584459,6,6,2,0,1
-0.5564272886513875,0.210918738838747,2.53844607426971,-0.2824001958759379,-0.5114283765471314,7,6,2,0,23
-0.5839946032076668,0.1518098120278884,2.078051595102942,-0.2824001958759379,-0.4995794274584459,8,6,2,0,23
-0.5656163935034806,0.210918738838747,1.9629529753112496,-0.2824001958759379,-0.5114283765471314,9,6,2,0,1
-0.5380490789472011,0.210918738838747,1.9629529753112496,-0.2824001958759379,-0.5351262747245359,10,6,2,0,1
-0.4921035546867354,0.210918738838747,2.3082488346863257,-0.2824001958759379,-0.5706731219906258,11,6,2,0,1
-0.45534713527836285,0.1518098120278884,0.8119667773943287,-0.2824001958759379,-0.6536157656114912,12,6,2,0,1
-0.5012926595388286,-0.025516968404687458,1.9629529753112496,-0.2824001958759379,-0.6891626128775812,13,6,2,0,1
-0.5380490789472011,-0.2619526756481219,2.078051595102942,-0.2824001958759379,-0.7128605110549688,14,6,2,0,23
-0.5380490789472011,-0.3210616024589805,1.7327557357278653,-0.2824001958759379,-0.7010115619662834,15,6,2,0,1
-0.5196708692430149,-0.2619526756481219,0.23647367843586825,-0.2824001958759379,-0.6891626128775812,16,6,2,0,1
-0.4921035546867354,-0.08462589521554607,-0.22392080073090012,-0.2110959525641372,-0.6417668165227889,17,6,2,0,1
-0.4921035546867354,-0.1437348220264047,-0.4541180403142843,-0.2110959525641372,-0.5706731219906258,18,6,2,0,1
-0.4737253449825492,-0.08462589521554607,-0.22392080073090012,-0.2110959525641372,-0.5114283765471314,19,6,2,0,1
-0.4737253449825492,0.09270088521702978,-0.4541180403142843,-0.2110959525641372,-0.4758815292810413,20,6,2,0,1
-0.43696892557417655,0.09270088521702978,0.00627643885248406,-0.2110959525641372,-0.45218363110365367,21,6,2,0,1
-0.4737253449825492,0.03359195840617116,-0.22392080073090012,-0.2110959525641372,-0.4403346820149514,22,6,2,0,23
-0.5012926595388286,0.09270088521702978,-0.22392080073090012,-0.2110959525641372,-0.4166367838375637,23,6,2,0,23
-0.5196708692430149,0.09270088521702978,-0.22392080073090012,-0.2110959525641372,-0.3336941402166983,0,7,2,1,1
-0.5472381837992943,0.03359195840617116,0.00627643885248406,-0.2110959525641372,-0.27444939477322067,1,7,2,1,23
-0.6391292323202259,-0.1437348220264047,0.00627643885248406,-0.2110959525641372,-0.19150675115233842,2,7,2,1,23
-0.6942638614327847,-0.1437348220264047,0.4666709180192524,-0.2110959525641372,-0.13226200570886076,3,7,2,1,37
-0.9975043215518585,-0.5574973097024151,0.4666709180192524,-0.2110959525641372,-0.025621463910590857,4,7,2,1,23
-1.0066934264039518,-0.3801705292698392,0.00627643885248406,-0.2110959525641372,0.10471697606506675,5,7,2,1,19
-1.0434498458123243,-0.2028437488372633,0.5817695378109445,-0.2110959525641372,0.25875331421811204,6,7,2,1,23
-1.3926358301918638,-0.6166062365132736,0.23647367843586825,-0.2824001958759379,0.40094070328247194,7,7,2,1,19
-1.41101403989605,-0.4983883828915564,0.23647367843586825,-0.2824001958759379,0.5668259905242196,8,7,2,1,19
-1.4569595641565158,-0.6166062365132736,0.4666709180192524,-0.2824001958759379,0.6971644304998771,9,7,2,1,19
-1.466148669008609,-0.6166062365132736,0.4666709180192524,-0.2824001958759379,0.7564091759433548,10,7,2,1,19
-1.493715983564888,-0.7939330169458495,-0.4541180403142843,-0.2824001958759379,0.8156539213868325,11,7,2,1,19
-1.4385813544523294,-0.7348240901349908,-0.22392080073090012,-0.2824001958759379,0.8038049722981471,12,7,2,1,19
-1.548850612677447,-1.0894776510001425,0.00627643885248406,-0.2824001958759379,0.8038049722981471,13,7,2,1,0
-1.6223634514941923,-1.3259133582435771,0.00627643885248406,-0.2824001958759379,0.874898666830327,14,7,2,1,0
-1.6499307660504718,-1.4441312118652943,0.4666709180192524,-0.2824001958759379,0.9459923613624901,15,7,2,1,0
-1.741821814571403,-1.6214579922978702,0.8119667773943287,-0.2824001958759379,0.98153920862858,16,7,2,1,0
-1.852091072796521,-1.6805669191087287,0.4666709180192524,1.6348916798413717,1.05263290316076,17,7,2,1,0
-1.8337128630923345,-1.3850222850544356,-0.4541180403142843,-0.2110959525641372,1.1592734449590298,18,7,2,1,0
-1.8704692825007072,-1.2668044314327185,-0.6843152798976685,-0.2110959525641372,1.23036713949121,19,7,2,1,0
-1.925603911613266,-1.2076955046218598,-0.4541180403142843,-0.2110959525641372,1.2659139867572997,20,7,2,1,0
-1.9715494358737315,-1.2076955046218598,-0.22392080073090012,-0.2110959525641372,1.3014608340233897,21,7,2,1,0
-2.0818186940988497,-1.2668044314327185,-0.6843152798976685,-0.2110959525641372,1.372554528555553,22,7,2,1,0
-2.1461424280635018,-1.2076955046218598,-0.6843152798976685,-0.2110959525641372,1.372554528555553,23,7,2,1,0
-2.2104661620281534,-0.9121508705675667,-1.259808378856129,-0.2110959525641372,1.372554528555553,0,8,2,2,0
-2.1277642183593155,-1.1485865778110012,-0.6843152798976685,-0.2110959525641372,1.372554528555553,1,8,2,2,0
-2.109386008655129,-1.030368724189284,-1.0296111392727447,-0.2110959525641372,1.3607055794668674,2,8,2,2,0
-2.109386008655129,-0.9712597973784254,-0.4541180403142843,-0.2110959525641372,1.3014608340233897,3,8,2,2,0
-2.164520637767688,-0.7348240901349908,-1.259808378856129,-0.2110959525641372,1.2777629358459852,4,8,2,2,0
-2.182898847471874,-1.0894776510001425,-1.7202028580228972,-0.2110959525641372,1.2540650376685976,5,8,2,2,0
-2.173709742619781,-1.1485865778110012,-0.6843152798976685,-0.2110959525641372,1.1948202922251199,6,8,2,2,19
-1.8888474922048935,-0.4983883828915564,0.00627643885248406,-0.2824001958759379,1.2066692413138054,7,8,2,2,19
-1.796956443683962,-0.4392794560806978,-0.22392080073090012,1.6348916798413717,1.23036713949121,8,8,2,2,19
-1.6223634514941923,-0.2028437488372633,0.00627643885248406,1.6348916798413717,1.2066692413138054,9,8,2,2,19
-1.5764179272337266,-0.4392794560806978,0.23647367843586825,1.6348916798413717,1.1711223940477322,10,8,2,2,19
-1.493715983564888,-0.6757151633241323,0.23647367843586825,1.6348916798413717,1.0407839540720745,11,8,2,2,19
-1.4202031447481431,-0.9121508705675667,0.5817695378109445,1.6348916798413717,0.839351819564237,12,8,2,2,0
-1.4202031447481431,-1.2076955046218598,1.9629529753112496,1.6348916798413717,0.6853154814111748,13,8,2,2,0
-1.355879410783491,-1.2076955046218598,1.0421640169777129,1.6348916798413717,0.5786749396129218,14,8,2,2,19
-1.41101403989605,-1.4441312118652943,1.9629529753112496,1.6348916798413717,0.4720343978146519,15,8,2,2,19
-1.3283120962272117,-1.3259133582435771,0.8119667773943287,1.6348916798413717,0.37724280510508423,16,8,2,2,19
-1.3375012010793048,-1.2076955046218598,0.23647367843586825,1.6348916798413717,0.3061491105729043,17,8,2,2,19
-1.3926358301918638,-1.2668044314327185,0.4666709180192524,-0.2824001958759379,0.25875331421811204,18,8,2,2,19
-1.3742576204876775,-1.0894776510001425,0.8119667773943287,-0.2110959525641372,0.2706022633068143,19,8,2,2,0
-1.346690305931398,-0.9712597973784254,0.8119667773943287,-0.2110959525641372,0.24690436512942662,20,8,2,2,0
-1.1812864185937215,-0.6166062365132736,1.272361256561097,-0.2110959525641372,0.23505541604072436,21,8,2,2,19
-1.0250716361081378,0.03359195840617116,0.23647367843586825,-0.2110959525641372,0.19950856877463438,22,8,2,2,19
-0.9791261118476722,0.210918738838747,0.5817695378109445,-0.2110959525641372,0.16396172150854443,23,8,2,2,0
-0.9975043215518585,0.2700276656496056,-0.22392080073090012,-0.2110959525641372,0.14026382333115672,0,9,2,3,0
-0.9607479021434859,0.210918738838747,-0.22392080073090012,-0.2110959525641372,0.12841487424245446,1,9,2,3,0
-0.969937006995579,0.32913659246046423,-0.4541180403142843,-0.2110959525641372,0.14026382333115672,2,9,2,3,0
-0.9607479021434859,0.2700276656496056,1.0421640169777129,-0.2110959525641372,0.08101907788767905,3,9,2,3,0
-0.969937006995579,0.1518098120278884,1.272361256561097,-0.2110959525641372,0.05732117971027451,4,9,2,3,0
-0.9975043215518585,0.32913659246046423,0.5817695378109445,-0.2110959525641372,0.06917012879897678,5,9,2,3,0
-1.0526389506644174,0.32913659246046423,0.5817695378109445,-0.2110959525641372,0.09286802697636448,6,9,2,3,0
-1.0710171603686036,0.4473544460821815,0.23647367843586825,-0.2824001958759379,0.16396172150854443,7,9,2,3,19
-1.0434498458123243,0.3882455192713229,0.5817695378109445,-0.2824001958759379,0.21135751786333665,8,9,2,3,0
-0.969937006995579,0.210918738838747,0.8119667773943287,-0.2824001958759379,0.23505541604072436,9,9,2,3,19
-0.9515587972913927,-0.025516968404687458,1.5025584961444813,-0.2824001958759379,0.24690436512942662,10,9,2,3,19
-0.905613273030927,-0.2619526756481219,1.0421640169777129,-0.2824001958759379,0.25875331421811204,11,9,2,3,0
-0.905613273030927,-0.5574973097024151,1.0421640169777129,1.6348916798413717,0.16396172150854443,12,9,2,3,0
-0.8872350633267407,-0.6757151633241323,1.272361256561097,1.6348916798413717,0.09286802697636448,13,9,2,3,0
-0.8137222245099955,-0.6757151633241323,1.7327557357278653,-0.2824001958759379,-0.0019235657332031574,14,9,2,3,0
-0.8045331196579024,-0.853041943756708,1.0421640169777129,1.6348916798413717,-0.025621463910590857,15,9,2,3,0
-0.8321004342141819,-0.9712597973784254,0.8119667773943287,1.6348916798413717,-0.04931936208797856,16,9,2,3,0
-0.8137222245099955,-0.7939330169458495,0.5817695378109445,1.6348916798413717,-0.03747041299929313,17,9,2,3,0
-0.841289539066275,-0.7939330169458495,0.8119667773943287,-0.2824001958759379,0.009925383355499112,18,9,2,3,0
-0.776965805101623,-0.2619526756481219,0.5817695378109445,-0.2110959525641372,0.05732117971027451,19,9,2,3,0
-0.841289539066275,-0.4983883828915564,0.23647367843586825,-0.2110959525641372,0.06917012879897678,20,9,2,3,0
-0.7402093856932505,-0.1437348220264047,0.8119667773943287,-0.2110959525641372,0.09286802697636448,21,9,2,3,0
-0.6666965468765051,-0.025516968404687458,1.5025584961444813,-0.2110959525641372,0.06917012879897678,22,9,2,3,0
-0.6850747565806916,0.09270088521702978,1.272361256561097,-0.2110959525641372,0.05732117971027451,23,9,2,3,0
-0.5564272886513875,0.4473544460821815,0.8119667773943287,-0.2110959525641372,0.08101907788767905,0,10,2,4,0
-0.6115619177639463,0.32913659246046423,0.4666709180192524,-0.2110959525641372,0.09286802697636448,1,10,2,4,0
-0.6299401274681325,0.32913659246046423,0.8119667773943287,-0.2110959525641372,0.11656592515376903,2,10,2,4,0
-0.6299401274681325,0.6246812265147573,0.23647367843586825,-0.2110959525641372,0.09286802697636448,3,10,2,4,0
-0.6391292323202259,0.5655722997038988,0.5817695378109445,-0.2110959525641372,0.05732117971027451,4,10,2,4,0
-0.6299401274681325,0.5655722997038988,0.8119667773943287,-0.2110959525641372,0.021774332444184544,5,10,2,4,0
-0.6023728129118533,0.6246812265147573,0.8119667773943287,-0.2110959525641372,0.021774332444184544,6,10,2,4,0
-0.5931837080597601,0.6246812265147573,0.5817695378109445,-0.2824001958759379,0.04547223062158908,7,10,2,4,23
-0.6207510226160394,0.6246812265147573,0.23647367843586825,-0.2824001958759379,0.08101907788767905,8,10,2,4,23
-0.5564272886513875,0.6246812265147573,0.4666709180192524,-0.2824001958759379,0.08101907788767905,9,10,2,4,1
-0.5748054983555737,0.210918738838747,1.5025584961444813,-0.2824001958759379,0.05732117971027451,10,10,2,4,23
-0.6115619177639463,-0.025516968404687458,0.5817695378109445,-0.2824001958759379,0.03362328153288681,11,10,2,4,1
-0.5931837080597601,0.03359195840617116,1.0421640169777129,-0.2824001958759379,-0.0967151584427708,12,10,2,4,1
-0.6666965468765051,-0.2028437488372633,1.0421640169777129,-0.2824001958759379,-0.15595990388624847,13,10,2,4,1
-0.5564272886513875,0.210918738838747,1.7327557357278653,-0.2824001958759379,-0.16780885297495074,14,10,2,4,1
-0.6023728129118533,0.03359195840617116,1.5025584961444813,-0.2824001958759379,-0.13226200570886076,15,10,2,4,1
-0.6115619177639463,0.09270088521702978,1.7327557357278653,-0.2824001958759379,-0.17965780206363616,16,10,2,4,1
-0.6758856517285983,-0.08462589521554607,0.8119667773943287,-0.2110959525641372,-0.21520464932972613,17,10,2,4,1
-0.6758856517285983,0.03359195840617116,0.23647367843586825,-0.2110959525641372,-0.15595990388624847,18,10,2,4,1
-0.7126420711369709,0.03359195840617116,0.23647367843586825,-0.2110959525641372,-0.16780885297495074,19,10,2,4,23
-0.7126420711369709,0.09270088521702978,0.00627643885248406,-0.2110959525641372,-0.20335570024104072,20,10,2,4,37
-0.6666965468765051,0.32913659246046423,-0.22392080073090012,-0.2110959525641372,-0.2507514965958161,21,10,2,4,1
-0.5104817643909217,0.9793347873799091,-0.4541180403142843,-0.9162156919808337,-0.32184519112799603,22,10,2,4,35
-0.45534713527836285,1.3339883482450607,-1.0296111392727447,-1.4232680888647506,-0.34554308930538374,23,10,2,4,40
-0.44615803042626967,1.5704240554884952,-0.6843152798976685,-1.6847169810080203,-0.32184519112799603,0,11,2,5,40
-1.0526389506644174,1.274879421434202,1.0421640169777129,-1.9065524046447335,-0.2626004456845184,1,11,2,5,35
-1.2456101525583734,0.9202258605690504,1.7327557357278653,-1.5579538817870409,-0.16780885297495074,2,11,2,5,35
-1.3742576204876775,0.683790153325616,0.8119667773943287,-1.6847169810080203,-0.1441109547975462,3,11,2,5,35
-1.466148669008609,0.8020080069473332,0.8119667773943287,-0.9162156919808337,-0.08486620935406852,4,11,2,5,35
-1.5580397175295404,0.683790153325616,0.5817695378109445,-0.9162156919808337,-0.07301726026538309,5,11,2,5,35
-1.594796136937913,0.8020080069473332,1.0421640169777129,-1.4232680888647506,-0.061168311176680826,6,11,2,5,35
-1.677498080606751,0.7428990801364745,0.5817695378109445,-1.1697418904227923,-0.10856410753147307,7,11,2,5,35
-1.8061455485360551,0.4473544460821815,0.5817695378109445,-0.9162156919808337,-0.04931936208797856,8,11,2,5,35
-1.9899276455779182,-0.2028437488372633,0.5817695378109445,-0.2824001958759379,-0.013772514821888588,9,11,2,5,1
-1.9623603310216386,-0.2028437488372633,0.4666709180192524,-0.2824001958759379,-0.0019235657332031574,10,11,2,5,35
-1.9623603310216386,-0.3210616024589805,-0.4541180403142843,-0.2824001958759379,-0.025621463910590857,11,11,2,5,35
-1.8153346533881483,0.1518098120278884,-0.6843152798976685,-0.6626894935388755,-0.0967151584427708,12,11,2,5,35
-1.741821814571403,0.1518098120278884,-0.9145125194810526,-0.2824001958759379,-0.23890254750713066,13,11,2,5,23
-1.8337128630923345,-0.3801705292698392,-1.0296111392727447,1.6348916798413717,-0.34554308930538374,14,11,2,5,19
-1.9623603310216386,-0.9121508705675667,-0.4541180403142843,1.6348916798413717,-0.3810899365714737,15,11,2,5,19
-1.9164148067611728,-0.9121508705675667,-1.0296111392727447,1.6348916798413717,-0.4166367838375637,16,11,2,5,19
-1.796956443683962,-0.4983883828915564,-1.259808378856129,-0.2110959525641372,-0.4403346820149514,17,11,2,5,19
-1.8796583873528,-0.08462589521554607,-1.259808378856129,-0.2110959525641372,-0.392938885660176,18,11,2,5,0
-2.182898847471874,-0.7939330169458495,-0.9145125194810526,-0.2110959525641372,-0.3692409874827883,19,11,2,5,0
-2.063440484394663,-0.2619526756481219,-0.6843152798976685,-0.2110959525641372,-0.3810899365714737,20,11,2,5,0
-1.9439821213174524,0.03359195840617116,-0.9145125194810526,-0.2110959525641372,-0.40478783474887825,21,11,2,5,0
-1.9072257019090797,0.03359195840617116,-1.0296111392727447,-0.2110959525641372,-0.4166367838375637,22,11,2,5,0
-2.1461424280635018,-0.4983883828915564,-0.22392080073090012,-0.2110959525641372,-0.4403346820149514,23,11,2,5,0
-2.2931681056969917,-0.853041943756708,-0.4541180403142843,-0.2110959525641372,-0.46403258019235594,0,12,2,6,0
-2.3574918396616438,-0.9712597973784254,-0.4541180403142843,-0.2110959525641372,-0.5114283765471314,1,12,2,6,23
-2.4126264687742025,-0.9712597973784254,-1.0296111392727447,-0.2110959525641372,-0.5351262747245359,2,12,2,6,0
-2.4310046784783887,-0.7939330169458495,-0.6843152798976685,-0.2110959525641372,-0.5706731219906258,3,12,2,6,19
-2.421815573626296,-0.7939330169458495,-0.4541180403142843,-0.2110959525641372,-0.5351262747245359,4,12,2,6,1
-2.3299245251053646,-0.5574973097024151,-0.4541180403142843,-0.2110959525641372,-0.5469752238132213,5,12,2,6,35
-2.37587004936583,-0.6166062365132736,0.00627643885248406,-0.2110959525641372,-0.5351262747245359,6,12,2,6,35
-2.3942482590700163,-0.6757151633241323,0.4666709180192524,-0.2824001958759379,-0.48773047836974365,7,12,2,6,35
-2.4493828881825754,-0.7939330169458495,0.23647367843586825,-0.2824001958759379,-0.4403346820149514,8,12,2,6,1
-2.4953284124430413,-1.030368724189284,0.23647367843586825,-0.2824001958759379,-0.392938885660176,9,12,2,6,35
-2.5412739367035067,-1.1485865778110012,0.23647367843586825,1.6348916798413717,-0.3810899365714737,10,12,2,6,23
-2.559652146407693,-1.3259133582435771,0.5817695378109445,1.6348916798413717,-0.392938885660176,11,12,2,6,19
-2.421815573626296,-1.2668044314327185,1.0421640169777129,1.6348916798413717,-0.5232773256358336,12,12,2,6,19
-2.366680944513737,-1.3259133582435771,0.5817695378109445,1.6348916798413717,-0.5943710201680136,13,12,2,6,19
-2.348302734809551,-1.3850222850544356,1.272361256561097,1.6348916798413717,-0.6299178674341035,14,12,2,6,19
-2.3299245251053646,-1.503240138676153,1.5025584961444813,1.6348916798413717,-0.6417668165227889,15,12,2,6,19
-2.247222581436526,-1.3850222850544356,1.9629529753112496,1.6348916798413717,-0.606219969256699,16,12,2,6,19
-2.2656007911407126,-1.4441312118652943,1.272361256561097,-0.2110959525641372,-0.5825220710793113,17,12,2,6,19
-2.0818186940988497,-0.9121508705675667,1.0421640169777129,-0.2110959525641372,-0.5706731219906258,18,12,2,6,23
-2.0083058552821043,-0.7939330169458495,1.0421640169777129,-0.2110959525641372,-0.5588241729019235,19,12,2,6,23
-1.9715494358737315,-0.853041943756708,0.8119667773943287,-0.2110959525641372,-0.5588241729019235,20,12,2,6,1
-1.9623603310216386,-0.9121508705675667,1.0421640169777129,-0.2110959525641372,-0.5943710201680136,21,12,2,6,1
-1.8796583873528,-0.7348240901349908,1.272361256561097,-0.2110959525641372,-0.5943710201680136,22,12,2,6,1
-1.8245237582402414,-0.6757151633241323,0.5817695378109445,-0.2110959525641372,-0.6180689183454012,23,12,2,6,1
-1.73263270971931,-0.4392794560806978,0.4666709180192524,-0.2110959525641372,-0.6773136637888789,0,13,2,0,35
-1.7510109194234962,-0.6757151633241323,0.8119667773943287,-0.2110959525641372,-0.8076521037645366,1,13,2,0,1
-1.677498080606751,-0.6166062365132736,1.0421640169777129,-0.2110959525641372,-0.8550479001193287,2,13,2,0,1
-1.5764179272337266,-0.2619526756481219,0.5817695378109445,-0.2110959525641372,-0.8787457982967164,3,13,2,0,1
-1.5764179272337266,-0.3801705292698392,0.5817695378109445,-0.2110959525641372,-0.8905947473854188,4,13,2,0,1
-1.6131743466420991,-0.6166062365132736,0.8119667773943287,-0.2110959525641372,-0.8550479001193287,5,13,2,0,1
-1.5672288223816333,-0.4983883828915564,0.8119667773943287,-0.2110959525641372,-0.8076521037645366,6,13,2,0,1
-1.5672288223816333,-0.4983883828915564,0.8119667773943287,-0.2824001958759379,-0.7247094601436711,7,13,2,0,1
-1.4753377738607019,-0.1437348220264047,1.0421640169777129,1.6348916798413717,-0.606219969256699,8,13,2,0,1
-1.5764179272337266,-0.6166062365132736,0.5817695378109445,1.6348916798413717,-0.5825220710793113,9,13,2,0,1
-1.9899276455779182,-1.798784772730446,1.272361256561097,1.6348916798413717,-0.5469752238132213,10,13,2,0,23
-1.4293922496002363,-0.4392794560806978,0.5817695378109445,1.6348916798413717,-0.5469752238132213,11,13,2,0,1
-1.4385813544523294,-0.7939330169458495,0.23647367843586825,1.6348916798413717,-0.5825220710793113,12,13,2,0,23
-1.5212832981211677,-1.0894776510001425,1.0421640169777129,1.6348916798413717,-0.6299178674341035,13,13,2,0,23
-1.466148669008609,-1.0894776510001425,0.8119667773943287,1.6348916798413717,-0.6299178674341035,14,13,2,0,1
-1.3742576204876775,-1.030368724189284,1.0421640169777129,1.6348916798413717,-0.606219969256699,15,13,2,0,1
-1.41101403989605,-1.1485865778110012,1.0421640169777129,1.6348916798413717,-0.5825220710793113,16,13,2,0,1
-1.493715983564888,-1.3259133582435771,0.00627643885248406,-0.2824001958759379,-0.5351262747245359,17,13,2,0,23
-1.466148669008609,-0.9712597973784254,-1.7202028580228972,-0.2110959525641372,-0.48773047836974365,18,13,2,0,23
-1.3375012010793048,-0.3801705292698392,0.00627643885248406,-0.2110959525641372,-0.42848573292626596,19,13,2,0,23
-1.3375012010793048,0.09270088521702978,-0.9145125194810526,-0.2110959525641372,-0.3810899365714737,20,13,2,0,1
-1.346690305931398,0.1518098120278884,-0.4541180403142843,-0.6626894935388755,-0.34554308930538374,21,13,2,0,35
-1.4202031447481431,0.32913659246046423,-0.22392080073090012,-0.2110959525641372,-0.32184519112799603,22,13,2,0,1
-1.594796136937913,0.2700276656496056,0.4666709180192524,-0.2110959525641372,-0.2981472929506083,23,13,2,0,1
-1.668308975754658,0.32913659246046423,0.00627643885248406,-0.2110959525641372,-0.2626004456845184,0,14,2,1,23
-1.7050653951630306,0.2700276656496056,-0.22392080073090012,-0.2110959525641372,-0.2270535984184284,1,14,2,1,19
-1.8796583873528,-0.08462589521554607,-0.4541180403142843,-0.2110959525641372,-0.1441109547975462,2,14,2,1,19
-1.9899276455779182,-0.3801705292698392,-0.6843152798976685,-0.2110959525641372,-0.10856410753147307,3,14,2,1,23
-2.017494960134197,-0.3801705292698392,-0.4541180403142843,-0.2110959525641372,-0.04931936208797856,4,14,2,1,23
-2.0450622746904767,-0.4983883828915564,-1.259808378856129,-0.2110959525641372,-0.025621463910590857,5,14,2,1,23
-2.035873169838384,-0.2028437488372633,-1.0296111392727447,-0.2110959525641372,-0.013772514821888588,6,14,2,1,19
-2.063440484394663,-0.4983883828915564,-0.9145125194810526,-0.2824001958759379,0.021774332444184544,7,14,2,1,19
-2.0726295892467563,-0.5574973097024151,-0.6843152798976685,-0.2824001958759379,0.08101907788767905,8,14,2,1,19
-1.8888474922048935,-0.4983883828915564,-1.259808378856129,-0.2824001958759379,0.08101907788767905,9,14,2,1,19
-1.548850612677447,-0.2028437488372633,-1.259808378856129,-0.2824001958759379,0.11656592515376903,10,14,2,1,19
-1.2088537331500009,-0.1437348220264047,-1.7202028580228972,-0.6626894935388755,0.10471697606506675,11,14,2,1,23
-0.9975043215518585,0.03359195840617116,-1.259808378856129,-0.2824001958759379,0.04547223062158908,12,14,2,1,1
-0.8321004342141819,0.2700276656496056,-1.259808378856129,-0.2824001958759379,-0.03747041299929313,13,14,2,1,1
-0.7034529662848779,0.03359195840617116,-0.6843152798976685,-0.2824001958759379,-0.08486620935406852,14,14,2,1,23
-0.721831175989064,-0.3210616024589805,-0.6843152798976685,-0.2824001958759379,-0.08486620935406852,15,14,2,1,23
-0.6850747565806916,-0.4983883828915564,-0.9145125194810526,-0.2824001958759379,-0.0967151584427708,16,14,2,1,23
-0.5748054983555737,0.1518098120278884,-0.6843152798976685,-0.2824001958759379,-0.04931936208797856,17,14,2,1,23
-0.5931837080597601,0.03359195840617116,-0.6843152798976685,-0.2110959525641372,0.03362328153288681,18,14,2,1,1
-0.7953440148058093,-0.6757151633241323,-0.9145125194810526,-0.2110959525641372,0.09286802697636448,19,14,2,1,1
-0.7034529662848779,0.09270088521702978,-1.259808378856129,-0.2110959525641372,0.12841487424245446,20,14,2,1,23
-0.7861549099537162,-0.025516968404687458,-0.9145125194810526,-0.2110959525641372,0.152112772419859,21,14,2,1,19
-0.7585875953974367,0.03359195840617116,-1.7202028580228972,-0.2110959525641372,0.18765961968593212,22,14,2,1,1
-0.7493984905453436,0.2700276656496056,-1.7202028580228972,-0.2110959525641372,0.19950856877463438,23,14,2,1,1
-0.7493984905453436,0.5064633728930401,-1.259808378856129,-0.2110959525641372,0.24690436512942662,0,15,2,2,1
-0.7126420711369709,0.6246812265147573,-1.259808378856129,-0.2110959525641372,0.3061491105729043,1,15,2,2,1
-0.7126420711369709,0.3882455192713229,-1.7202028580228972,-0.2110959525641372,0.329847008750292,2,15,2,2,1
-0.7310202808411573,0.4473544460821815,-1.259808378856129,-0.2110959525641372,0.36539385601638197,3,15,2,2,1
-0.5564272886513875,0.8020080069473332,-1.7202028580228972,-0.2110959525641372,0.40094070328247194,4,15,2,2,35
-0.5104817643909217,1.2157704946233434,-0.9145125194810526,-1.8114800802289992,0.4720343978146519,5,15,2,2,35
-0.44615803042626967,1.3930972750559194,-1.7202028580228972,-1.8114800802289992,0.5075812450807419,6,15,2,2,35
-0.3818342964616177,1.3930972750559194,-1.259808378856129,-1.6847169810080203,0.5431280923468318,7,15,2,2,35
-0.3726451916095246,1.274879421434202,-1.259808378856129,-1.8114800802289992,0.6142217868789949,8,15,2,2,35
-0.3450778770532451,1.2157704946233434,-1.259808378856129,-1.9382431794499786,0.6616175832337872,9,15,2,2,35
-0.2991323527927794,1.2157704946233434,-1.7202028580228972,-1.6847169810080203,0.6734665323224894,10,15,2,2,35
-0.2531868285323137,1.0384437141907676,-1.7202028580228972,-1.5579538817870409,0.7090133795885794,11,15,2,2,35
-0.2623759333844068,0.9793347873799091,-1.7202028580228972,-1.4232680888647506,0.7327112777659671,12,15,2,2,35
-0.2623759333844068,1.156661567812485,-1.0296111392727447,-1.4232680888647506,0.7327112777659671,13,15,2,2,35
-0.2348086188281274,1.3339883482450607,-0.9145125194810526,-1.4232680888647506,0.7445602268546694,14,15,2,2,35
-0.22561951397603425,1.2157704946233434,-1.0296111392727447,-1.1697418904227923,0.7919560232094448,15,15,2,2,1
-0.21643040912394107,1.156661567812485,-1.0296111392727447,-1.1697418904227923,0.8275028704755347,16,15,2,2,24
-0.20724130427184798,1.2157704946233434,-1.0296111392727447,-1.2965049896437713,0.8867476159190124,17,15,2,2,24
-0.21643040912394107,1.3930972750559194,-0.9145125194810526,-1.4232680888647506,0.9459923613624901,18,15,2,2,24
-0.21643040912394107,1.3930972750559194,-0.9145125194810526,-1.4232680888647506,0.9933881577172823,19,15,2,2,24
-0.21643040912394107,1.3930972750559194,-0.9145125194810526,-1.6847169810080203,1.01708605589467,20,15,2,2,24
-0.22561951397603425,1.452206201866778,-0.22392080073090012,-1.5579538817870409,1.0644818522494623,21,15,2,2,35
-0.2348086188281274,1.452206201866778,-0.9145125194810526,-1.6847169810080203,1.1000286995155522,22,15,2,2,7
-0.2348086188281274,1.3339883482450607,-0.9145125194810526,-1.5579538817870409,1.08817975042685,23,15,2,2,7
-0.27156503823649997,1.452206201866778,-0.6843152798976685,-1.4232680888647506,1.0763308013381476,0,16,2,3,7
-0.2807541430885931,1.274879421434202,-0.9145125194810526,-1.1697418904227923,1.1237265976929398,1,16,2,3,1
-0.30832145764487257,1.3339883482450607,-1.259808378856129,-1.1697418904227923,1.08817975042685,2,16,2,3,1
-0.2991323527927794,1.3339883482450607,-1.0296111392727447,-0.2110959525641372,1.05263290316076,3,16,2,3,1
-0.2991323527927794,1.274879421434202,-0.9145125194810526,-1.1697418904227923,1.05263290316076,4,16,2,3,1
-0.3175105624969657,1.274879421434202,-1.259808378856129,-1.1697418904227923,1.0289350049833723,5,16,2,3,1
-0.3175105624969657,1.0384437141907676,-1.0296111392727447,-1.1697418904227923,1.0407839540720745,6,16,2,3,1
-0.3175105624969657,0.9202258605690504,-0.9145125194810526,-1.1697418904227923,1.0763308013381476,7,16,2,3,1
-0.3450778770532451,0.9793347873799091,-0.9145125194810526,-0.9162156919808337,1.0644818522494623,8,16,2,3,1
-0.3542669819053383,0.7428990801364745,-1.7202028580228972,-0.9162156919808337,1.01708605589467,9,16,2,3,23
-0.335888772201152,0.5064633728930401,-0.4541180403142843,-0.2824001958759379,0.9222944631851023,10,16,2,3,19
-0.4277798207220834,0.03359195840617116,-0.4541180403142843,-0.2824001958759379,0.839351819564237,11,16,2,3,23
-0.5196708692430149,-0.3210616024589805,0.4666709180192524,-0.2824001958759379,0.7090133795885794,12,16,2,3,23
-0.48291444983464227,-0.1437348220264047,0.4666709180192524,-0.2824001958759379,0.5668259905242196,13,16,2,3,23
-0.48291444983464227,-0.2028437488372633,0.4666709180192524,-0.2824001958759379,0.40094070328247194,14,16,2,3,23
-0.4921035546867354,-0.2619526756481219,0.4666709180192524,-0.2824001958759379,0.28245121239551657,15,16,2,3,23
-0.4645362401304561,-0.2028437488372633,0.00627643885248406,-0.2824001958759379,0.19950856877463438,16,16,2,3,1
-0.48291444983464227,-0.2619526756481219,0.00627643885248406,-0.2824001958759379,0.14026382333115672,17,16,2,3,1
-0.4277798207220834,0.09270088521702978,0.4666709180192524,-0.2824001958759379,0.09286802697636448,18,16,2,3,24
-0.3634560867574314,0.4473544460821815,0.23647367843586825,-0.2110959525641372,-0.03747041299929313,19,16,2,3,24
-0.2991323527927794,0.9793347873799091,0.23647367843586825,-0.9162156919808337,-0.13226200570886076,20,16,2,3,24
-0.2807541430885931,1.156661567812485,0.00627643885248406,-0.2110959525641372,-0.20335570024104072,21,16,2,3,24
-0.28994324794068627,1.0975526410016263,0.23647367843586825,-1.1697418904227923,-0.2981472929506083,22,16,2,3,24
-0.2623759333844068,1.274879421434202,0.4666709180192524,-0.9162156919808337,-0.40478783474887825,23,16,2,3,24
-0.2623759333844068,1.274879421434202,0.4666709180192524,-1.1697418904227923,-0.48773047836974365,0,17,2,4,24
-0.2531868285323137,1.3339883482450607,0.4666709180192524,-1.1697418904227923,-0.5706731219906258,1,17,2,4,24
-0.22561951397603425,1.452206201866778,0.23647367843586825,-1.4232680888647506,-0.6536157656114912,2,17,2,4,24
-0.21643040912394107,1.452206201866778,0.4666709180192524,-1.1697418904227923,-0.7128605110549688,3,17,2,4,24
-0.13372846545510278,1.452206201866778,0.5817695378109445,-1.5579538817870409,-0.6891626128775812,4,17,2,4,2
-0.08778294119463706,1.452206201866778,1.0421640169777129,-1.1697418904227923,-0.6654647147001934,5,17,2,4,1
-0.15210667515928908,1.0975526410016263,1.7327557357278653,-0.9162156919808337,-0.606219969256699,6,17,2,4,1
-0.2623759333844068,0.683790153325616,1.0421640169777129,-0.2824001958759379,-0.5588241729019235,7,17,2,4,23
-0.3450778770532451,0.4473544460821815,1.9629529753112496,-0.2824001958759379,-0.45218363110365367,8,17,2,4,1
-0.45534713527836285,0.210918738838747,1.9629529753112496,-0.2824001958759379,-0.3692409874827883,9,17,2,4,23
-0.5104817643909217,-0.025516968404687458,2.9988405534364784,1.6348916798413717,-0.34554308930538374,10,17,2,4,23
-0.6023728129118533,-0.3210616024589805,1.9629529753112496,1.6348916798413717,-0.3336941402166983,11,17,2,4,1
-0.6115619177639463,-0.3801705292698392,1.0421640169777129,-0.2824001958759379,-0.40478783474887825,12,17,2,4,1
-0.6299401274681325,-0.4983883828915564,0.8119667773943287,-0.2824001958759379,-0.46403258019235594,13,17,2,4,23
-0.7034529662848779,-0.853041943756708,1.5025584961444813,-0.2824001958759379,-0.5114283765471314,14,17,2,4,23
-0.6391292323202259,-0.5574973097024151,1.7327557357278653,-0.2824001958759379,-0.4995794274584459,15,17,2,4,23
-0.6850747565806916,-0.6757151633241323,1.272361256561097,-0.2824001958759379,-0.48773047836974365,16,17,2,4,1
-0.5931837080597601,-0.3210616024589805,1.272361256561097,-0.2824001958759379,-0.46403258019235594,17,17,2,4,23
-0.5748054983555737,-0.2028437488372633,0.8119667773943287,-0.2110959525641372,-0.42848573292626596,18,17,2,4,23
-0.5564272886513875,-0.025516968404687458,1.5025584961444813,-0.2110959525641372,-0.4403346820149514,19,17,2,4,23
-0.5472381837992943,0.03359195840617116,1.0421640169777129,-0.2110959525641372,-0.4403346820149514,20,17,2,4,23
-0.5656163935034806,0.03359195840617116,0.4666709180192524,-0.2110959525641372,-0.4166367838375637,21,17,2,4,23
-0.5931837080597601,0.09270088521702978,0.00627643885248406,-0.2110959525641372,-0.392938885660176,22,17,2,4,19
-0.6115619177639463,0.09270088521702978,1.272361256561097,-0.2110959525641372,-0.4166367838375637,23,17,2,4,19
-0.5931837080597601,0.210918738838747,1.0421640169777129,-0.2110959525641372,-0.40478783474887825,0,18,2,5,19
-0.648318337172319,0.03359195840617116,0.8119667773943287,-0.2110959525641372,-0.40478783474887825,1,18,2,5,19
-0.6391292323202259,0.210918738838747,0.8119667773943287,-0.2110959525641372,-0.3692409874827883,2,18,2,5,19
-0.6666965468765051,0.09270088521702978,1.272361256561097,-0.2110959525641372,-0.392938885660176,3,18,2,5,23
-0.6850747565806916,0.210918738838747,0.8119667773943287,-0.2110959525641372,-0.3692409874827883,4,18,2,5,23
-0.7034529662848779,0.2700276656496056,0.4666709180192524,-0.2110959525641372,-0.30999624203929377,5,18,2,5,1
-0.6942638614327847,0.1518098120278884,0.5817695378109445,-0.2110959525641372,-0.27444939477322067,6,18,2,5,23
-0.7126420711369709,0.210918738838747,1.0421640169777129,-0.2110959525641372,-0.2507514965958161,7,18,2,5,23
-0.721831175989064,0.1518098120278884,0.4666709180192524,-0.2824001958759379,-0.23890254750713066,8,18,2,5,23
-0.7310202808411573,0.1518098120278884,1.0421640169777129,1.6348916798413717,-0.23890254750713066,9,18,2,5,19
-0.721831175989064,-0.025516968404687458,1.0421640169777129,1.6348916798413717,-0.2626004456845184,10,18,2,5,1
-0.7034529662848779,-0.08462589521554607,0.23647367843586825,1.6348916798413717,-0.28629834386190606,11,18,2,5,1
-0.7585875953974367,-0.4392794560806978,0.00627643885248406,1.6348916798413717,-0.357392038394086,12,18,2,5,23
-0.7953440148058093,-0.6757151633241323,0.5817695378109445,1.6348916798413717,-0.4166367838375637,13,18,2,5,23
-0.7310202808411573,-0.3801705292698392,0.00627643885248406,1.6348916798413717,-0.4166367838375637,14,18,2,5,23
-0.7677767002495297,-0.5574973097024151,0.4666709180192524,1.6348916798413717,-0.40478783474887825,15,18,2,5,23
-0.8137222245099955,-0.6757151633241323,0.4666709180192524,1.6348916798413717,-0.3810899365714737,16,18,2,5,23
-0.8045331196579024,-0.4983883828915564,-0.22392080073090012,1.6348916798413717,-0.32184519112799603,17,18,2,5,23
-0.8688568536225545,-0.6757151633241323,0.00627643885248406,-0.2110959525641372,-0.20335570024104072,18,18,2,5,23
-0.9515587972913927,-0.5574973097024151,-0.4541180403142843,-0.2110959525641372,-0.07301726026538309,19,18,2,5,19
-0.9515587972913927,-0.2619526756481219,-0.4541180403142843,-0.2110959525641372,0.04547223062158908,20,18,2,5,0
-0.9791261118476722,-0.1437348220264047,-0.6843152798976685,-0.2110959525641372,0.12841487424245446,21,18,2,5,0
-0.9975043215518585,0.09270088521702978,-0.6843152798976685,-0.2110959525641372,0.18765961968593212,22,18,2,5,0
-1.034260740960231,0.09270088521702978,-0.6843152798976685,-0.2110959525641372,0.28245121239551657,23,18,2,5,0
-1.0434498458123243,0.09270088521702978,-0.22392080073090012,-0.2110959525641372,0.37724280510508423,0,19,2,6,0
-1.1353408943332557,-0.08462589521554607,0.4666709180192524,-0.2110959525641372,0.4838833469033373,1,19,2,6,19
-1.1720973137416282,0.03359195840617116,-0.6843152798976685,-0.2110959525641372,0.5194301941694273,2,19,2,6,19
-1.1812864185937215,0.2700276656496056,-1.7202028580228972,-0.2110959525641372,0.4483364996372642,3,19,2,6,0
-1.1996646282979078,0.09270088521702978,-0.9145125194810526,-0.2110959525641372,0.46018544872594963,4,19,2,6,19
-1.1261517894811626,0.3882455192713229,-0.6843152798976685,-0.2110959525641372,0.5075812450807419,5,19,2,6,19
-1.1812864185937215,0.5064633728930401,-1.0296111392727447,-0.2110959525641372,0.5312791432581295,6,19,2,6,0
-1.1996646282979078,0.2700276656496056,-0.9145125194810526,-0.2110959525641372,0.5668259905242196,7,19,2,6,19
-1.1445299991853488,0.32913659246046423,-0.9145125194810526,-0.2824001958759379,0.6142217868789949,8,19,2,6,23
-1.1261517894811626,0.210918738838747,-0.6843152798976685,-0.2824001958759379,0.6379196850563994,9,19,2,6,23
-1.1261517894811626,0.03359195840617116,0.00627643885248406,1.6348916798413717,0.6379196850563994,10,19,2,6,1
-1.0710171603686036,0.03359195840617116,0.23647367843586825,1.6348916798413717,0.6379196850563994,11,19,2,6,23
-1.0618280555165105,-0.2028437488372633,0.23647367843586825,1.6348916798413717,0.6023728377903095,12,19,2,6,19
-1.0250716361081378,-0.2028437488372633,0.4666709180192524,1.6348916798413717,0.5431280923468318,13,19,2,6,19
-1.1077735797769763,-0.5574973097024151,0.00627643885248406,1.6348916798413717,0.4720343978146519,14,19,2,6,0
-1.08939537007279,-0.6757151633241323,0.23647367843586825,1.6348916798413717,0.4483364996372642,15,19,2,6,0
-1.1261517894811626,-0.7939330169458495,0.5817695378109445,1.6348916798413717,0.37724280510508423,16,19,2,6,0
-1.1353408943332557,-0.6757151633241323,0.00627643885248406,1.6348916798413717,0.36539385601638197,17,19,2,6,0
-1.1353408943332557,-0.4983883828915564,-0.22392080073090012,1.6348916798413717,0.40094070328247194,18,19,2,6,0
-1.153719104037442,-0.4983883828915564,0.00627643885248406,-0.2110959525641372,0.4483364996372642,19,19,2,6,0
-1.162908208889535,-0.3210616024589805,-0.22392080073090012,-0.2110959525641372,0.49573229599203955,20,19,2,6,0
-1.153719104037442,-0.025516968404687458,-0.4541180403142843,-0.2110959525641372,0.5431280923468318,21,19,2,6,0
-1.1720973137416282,0.09270088521702978,-0.6843152798976685,-0.2110959525641372,0.5549770414355173,22,19,2,6,0
-1.3191229913751186,-0.1437348220264047,-0.9145125194810526,-0.2110959525641372,0.5549770414355173,23,19,2,6,0
-1.3742576204876775,-0.2028437488372633,-1.259808378856129,-0.2110959525641372,0.5905238887016072,0,20,2,0,0
-1.3926358301918638,-0.025516968404687458,-1.7202028580228972,-0.2110959525641372,0.6853154814111748,1,20,2,0,0
-1.3650685156355844,0.5064633728930401,-1.259808378856129,-0.2110959525641372,0.7208623286772649,2,20,2,0,0
-1.4018249350439569,0.32913659246046423,-0.9145125194810526,-0.2110959525641372,0.7445602268546694,3,20,2,0,0
-1.4293922496002363,0.5655722997038988,-1.0296111392727447,-0.2110959525641372,0.7564091759433548,4,20,2,0,0
-1.493715983564888,0.4473544460821815,-1.0296111392727447,-0.2110959525641372,0.8512007686529224,5,20,2,0,0
-1.548850612677447,0.4473544460821815,-1.259808378856129,-0.2110959525641372,0.8985965650077147,6,20,2,0,0
-1.5580397175295404,0.5064633728930401,-1.259808378856129,-0.2824001958759379,0.9696902595398946,7,20,2,0,0
-1.5580397175295404,0.1518098120278884,-1.259808378856129,1.6348916798413717,1.1000286995155522,8,20,2,0,19
-1.5304724029732608,-0.1437348220264047,-1.0296111392727447,1.6348916798413717,1.1711223940477322,9,20,2,0,23
-1.493715983564888,-0.2028437488372633,-0.6843152798976685,1.6348916798413717,1.2066692413138054,10,20,2,0,23
-1.4569595641565158,-0.3801705292698392,-0.6843152798976685,1.6348916798413717,1.23036713949121,11,20,2,0,23
-1.346690305931398,-0.3210616024589805,-0.4541180403142843,1.6348916798413717,1.2422160885798952,12,20,2,0,23
-1.3099338865230254,-0.5574973097024151,0.5817695378109445,1.6348916798413717,1.2185181904025075,13,20,2,0,23
-1.1996646282979078,-0.6166062365132736,0.23647367843586825,1.6348916798413717,1.2066692413138054,14,20,2,0,19
-1.1261517894811626,-0.6757151633241323,0.4666709180192524,1.6348916798413717,1.2066692413138054,15,20,2,0,23
-1.0158825312560449,-0.4392794560806978,0.5817695378109445,1.6348916798413717,1.1948202922251199,16,20,2,0,19
-1.0526389506644174,-0.4983883828915564,0.23647367843586825,1.6348916798413717,1.2185181904025075,17,20,2,0,0
-1.0434498458123243,-0.1437348220264047,-0.6843152798976685,1.6348916798413717,1.2422160885798952,18,20,2,0,0
-1.034260740960231,0.03359195840617116,-0.9145125194810526,-0.2110959525641372,1.2777629358459852,19,20,2,0,0
-1.0618280555165105,0.03359195840617116,-1.0296111392727447,-0.2110959525641372,1.3133097831120752,20,20,2,0,19
-1.0526389506644174,-0.08462589521554607,-1.0296111392727447,-0.2110959525641372,1.3370076812894798,21,20,2,0,0
-1.0434498458123243,-0.08462589521554607,-1.7202028580228972,-0.2110959525641372,1.3607055794668674,22,20,2,0,0
-1.08939537007279,0.5064633728930401,-1.259808378856129,-0.2110959525641372,1.3607055794668674,23,20,2,0,0
-0.9791261118476722,0.32913659246046423,-0.6843152798976685,-0.2110959525641372,1.372554528555553,0,21,2,1,0
-1.0066934264039518,0.32913659246046423,-1.0296111392727447,-0.2110959525641372,1.3370076812894798,1,21,2,1,0
-0.9791261118476722,0.3882455192713229,-0.9145125194810526,-0.2110959525641372,1.372554528555553,2,21,2,1,0
-1.0526389506644174,0.5064633728930401,-1.259808378856129,-0.2110959525641372,1.3488566303781653,3,21,2,1,0
-0.9883152166997653,0.683790153325616,-1.259808378856129,-0.2110959525641372,1.2659139867572997,4,21,2,1,0
-1.0250716361081378,0.8611169337581918,-0.9145125194810526,-0.2110959525641372,1.1829713431364175,5,21,2,1,19
-1.0526389506644174,0.8020080069473332,-1.0296111392727447,-0.2110959525641372,1.1592734449590298,6,21,2,1,19
-1.0710171603686036,0.7428990801364745,-0.9145125194810526,1.6348916798413717,1.1592734449590298,7,21,2,1,19
-0.9883152166997653,0.6246812265147573,-0.9145125194810526,1.6348916798413717,1.1000286995155522,8,21,2,1,23
-0.8964241681788339,0.32913659246046423,-0.6843152798976685,1.6348916798413717,0.9696902595398946,9,21,2,1,23
-0.8780459584746476,-0.08462589521554607,-0.4541180403142843,1.6348916798413717,0.7919560232094448,10,21,2,1,23
-0.8045331196579024,-0.2619526756481219,0.00627643885248406,1.6348916798413717,0.5905238887016072,11,21,2,1,1
-0.8596677487704613,-0.4392794560806978,0.4666709180192524,1.6348916798413717,0.3890917541937697,12,21,2,1,1
-0.8045331196579024,-0.4983883828915564,1.0421640169777129,1.6348916798413717,0.16396172150854443,13,21,2,1,1
-0.8045331196579024,-0.7348240901349908,0.8119667773943287,1.6348916798413717,-0.1204130566201585,14,21,2,1,23
-0.7677767002495297,-0.7348240901349908,0.4666709180192524,1.6348916798413717,-0.27444939477322067,15,21,2,1,1
-0.776965805101623,-0.6757151633241323,0.23647367843586825,1.6348916798413717,-0.46403258019235594,16,21,2,1,1
-0.8229113293620888,-0.853041943756708,-0.6843152798976685,1.6348916798413717,-0.5469752238132213,17,21,2,1,1
-0.7953440148058093,-0.7348240901349908,-0.6843152798976685,-0.2110959525641372,-0.606219969256699,18,21,2,1,1
-0.8321004342141819,-0.853041943756708,-1.7202028580228972,-0.2110959525641372,-0.6536157656114912,19,21,2,1,1
-0.6850747565806916,0.210918738838747,-1.259808378856129,-0.2110959525641372,-0.7365584092323566,20,21,2,1,1
-0.6850747565806916,0.2700276656496056,-1.0296111392727447,-0.2110959525641372,-0.7721052564984465,21,21,2,1,1
-0.648318337172319,0.4473544460821815,-1.0296111392727447,-0.2110959525641372,-0.8313500019419411,22,21,2,1,35
-0.6391292323202259,0.1518098120278884,-1.7202028580228972,-0.2110959525641372,-1.0090842382723741,23,21,2,1,1
-0.4277798207220834,0.9202258605690504,0.4666709180192524,-1.4232680888647506,-1.1275737291593462,0,22,2,2,35
-0.43696892557417655,0.7428990801364745,0.00627643885248406,-1.1697418904227923,-1.2816100673123916,1,22,2,2,35
-0.4645362401304561,0.4473544460821815,0.4666709180192524,-1.1697418904227923,-1.400099558199347,2,22,2,2,35
-0.3726451916095246,0.8611169337581918,0.5817695378109445,-1.4232680888647506,-1.518589049086319,3,22,2,2,31
-0.32669966734905886,1.0384437141907676,0.00627643885248406,-1.1697418904227923,-1.6252295908845722,4,22,2,2,24
-0.28994324794068627,1.156661567812485,0.00627643885248406,-1.4232680888647506,-1.6726253872393644,5,22,2,2,24
-0.2623759333844068,1.2157704946233434,-0.22392080073090012,-1.1697418904227923,-1.731870132682842,6,22,2,2,24
-0.22561951397603425,1.3339883482450607,0.00627643885248406,-1.6847169810080203,-1.7555680308602466,7,22,2,2,28
-0.15210667515928908,1.274879421434202,0.23647367843586825,-0.6626894935388755,-1.7555680308602466,8,22,2,2,24
-0.17048488486347538,1.0384437141907676,1.272361256561097,-0.2824001958759379,-1.7555680308602466,9,22,2,2,1
-0.12453936060300964,0.8611169337581918,1.5025584961444813,-0.2824001958759379,-1.7911148781263198,10,22,2,2,23
-0.19805219941975483,0.3882455192713229,1.272361256561097,-0.2824001958759379,-1.767416979948932,11,22,2,2,23
-0.28994324794068627,-0.08462589521554607,1.5025584961444813,-0.2824001958759379,-1.8148127763037243,12,22,2,2,23
-0.335888772201152,-0.3801705292698392,0.8119667773943287,-0.2824001958759379,-1.9570001653680673,13,22,2,2,23
-0.3634560867574314,-0.4983883828915564,0.23647367843586825,-0.2824001958759379,-2.051791758077652,14,22,2,2,23
-0.3634560867574314,-0.3210616024589805,1.5025584961444813,-0.2824001958759379,-2.0754896562550393,15,22,2,2,25
-0.20724130427184798,0.9202258605690504,0.4666709180192524,-0.2824001958759379,-2.0636407071663374,16,22,2,2,19
-0.22561951397603425,0.9793347873799091,0.4666709180192524,-0.2824001958759379,-2.087338605343725,17,22,2,2,23
-0.2531868285323137,0.9202258605690504,-0.6843152798976685,-0.2824001958759379,-2.0399428089889495,18,22,2,2,23
-0.2531868285323137,1.0975526410016263,-1.0296111392727447,-0.2110959525641372,-2.028093859900247,19,22,2,2,19
-0.30832145764487257,0.9793347873799091,-0.22392080073090012,-0.2110959525641372,-2.051791758077652,20,22,2,2,23
-0.3175105624969657,0.683790153325616,0.00627643885248406,-0.2110959525641372,-2.0399428089889495,21,22,2,2,23
-0.30832145764487257,0.6246812265147573,0.00627643885248406,-0.2110959525641372,-2.1228854526098146,22,22,2,2,1
-0.32669966734905886,0.5655722997038988,-0.22392080073090012,-0.2110959525641372,-2.1110365035211296,23,22,2,2,1
-0.3175105624969657,0.683790153325616,0.5817695378109445,-0.2110959525641372,-2.158432299875905,0,23,2,3,25
-0.335888772201152,0.8611169337581918,-0.4541180403142843,-0.2110959525641372,-2.2176770453193826,1,23,2,3,1
-0.335888772201152,1.0384437141907676,-0.9145125194810526,-0.2110959525641372,-2.229525994408085,2,23,2,3,35
-0.32669966734905886,1.274879421434202,-1.0296111392727447,-1.6847169810080203,-2.2650728416741748,3,23,2,3,35
-0.32669966734905886,1.3339883482450607,-1.259808378856129,-1.6847169810080203,-2.276921790762877,4,23,2,3,7
-0.335888772201152,1.3339883482450607,-1.259808378856129,-1.6847169810080203,-2.3006196889402646,5,23,2,3,7
-0.335888772201152,1.274879421434202,-0.6843152798976685,-1.5579538817870409,-2.241374943496787,6,23,2,3,7
-0.32669966734905886,1.274879421434202,-0.9145125194810526,-1.5579538817870409,-2.1939791471419947,7,23,2,3,7
-0.3818342964616177,1.0975526410016263,-0.9145125194810526,-0.6626894935388755,-2.1228854526098146,8,23,2,3,19
-0.400212506165804,0.8020080069473332,0.23647367843586825,-0.2824001958759379,-2.051791758077652,9,23,2,3,23
-0.4094016110178971,0.6246812265147573,0.4666709180192524,-0.2824001958759379,-1.9806980635454718,10,23,2,3,19
-0.4094016110178971,0.3882455192713229,0.8119667773943287,-0.2824001958759379,-1.9333022671906797,11,23,2,3,23
-0.44615803042626967,0.32913659246046423,0.5817695378109445,-0.2824001958759379,-1.874057521747202,12,23,2,3,1
-0.4277798207220834,0.3882455192713229,0.5817695378109445,-0.9162156919808337,-1.8503596235698143,13,23,2,3,37
-0.3726451916095246,0.8020080069473332,-0.22392080073090012,-0.6626894935388755,-1.802963827215022,14,23,2,3,35
-0.400212506165804,0.5064633728930401,0.8119667773943287,-0.2824001958759379,-1.7200211835941566,15,23,2,3,23
-0.44615803042626967,0.1518098120278884,0.8119667773943287,-0.2824001958759379,-1.6015316927071845,16,23,2,3,23
-0.5748054983555737,-0.2028437488372633,1.0421640169777129,-0.2824001958759379,-1.4593443036428413,17,23,2,3,23
-0.5839946032076668,-0.025516968404687458,0.00627643885248406,-0.2824001958759379,-1.364552710933257,18,23,2,3,19
-0.6758856517285983,-0.3210616024589805,0.4666709180192524,-0.2110959525641372,-1.1868184746028239,19,23,2,3,0
-0.6942638614327847,-0.2028437488372633,0.00627643885248406,-0.2110959525641372,-1.1038758309819416,20,23,2,3,0
-0.7126420711369709,-0.08462589521554607,-0.22392080073090012,-0.2110959525641372,-0.9735373910062841,21,23,2,3,0
-0.7310202808411573,0.03359195840617116,-0.6843152798976685,-0.2110959525641372,-0.9142926455628064,22,23,2,3,0
-0.7126420711369709,0.32913659246046423,-0.9145125194810526,-0.2110959525641372,-0.8787457982967164,23,23,2,3,0
-0.7034529662848779,0.32913659246046423,-1.0296111392727447,-0.2110959525641372,-0.8431989510306265,0,24,2,4,0
-0.7034529662848779,0.6246812265147573,-1.259808378856129,-0.2110959525641372,-0.9024436964741042,1,24,2,4,0
-0.7310202808411573,0.5064633728930401,-1.7202028580228972,-0.2110959525641372,-1.0090842382723741,2,24,2,4,0
-0.7953440148058093,0.9793347873799091,-1.7202028580228972,-0.2110959525641372,-0.9024436964741042,3,24,2,4,19
-0.6942638614327847,1.0384437141907676,-1.7202028580228972,-0.2110959525641372,-0.8787457982967164,4,24,2,4,1
-0.7034529662848779,1.0975526410016263,-1.7202028580228972,-0.2110959525641372,-0.9024436964741042,5,24,2,4,1
-0.7034529662848779,1.0384437141907676,-1.0296111392727447,-0.2110959525641372,-0.9379905437401941,6,24,2,4,1
-0.5839946032076668,0.9202258605690504,-0.4541180403142843,-0.2824001958759379,-0.9972352891836886,7,24,2,4,1
-0.5656163935034806,0.8020080069473332,-0.6843152798976685,-0.2824001958759379,-0.9972352891836886,8,24,2,4,1
-0.5380490789472011,0.5655722997038988,-0.9145125194810526,-0.6626894935388755,-0.9261415946515087,9,24,2,4,1
-0.5104817643909217,0.5064633728930401,-0.6843152798976685,-0.6626894935388755,-0.9498394928288963,10,24,2,4,1
-0.528859974095108,0.3882455192713229,0.00627643885248406,-0.6626894935388755,-1.0920268818932564,11,24,2,4,1
-0.5380490789472011,0.2700276656496056,0.5817695378109445,-0.6626894935388755,-1.3527037618445714,12,24,2,4,1
-0.5564272886513875,0.2700276656496056,0.5817695378109445,-0.6626894935388755,-1.5422869472637069,13,24,2,4,1
-0.5380490789472011,0.2700276656496056,0.5817695378109445,-0.9162156919808337,-1.6726253872393644,14,24,2,4,35
-0.4737253449825492,0.5655722997038988,0.4666709180192524,-1.6847169810080203,-1.802963827215022,15,24,2,4,40
-0.3818342964616177,1.3339883482450607,0.8119667773943287,-2.0966970534762024,-1.9806980635454718,16,24,2,4,40
-0.3726451916095246,1.3339883482450607,1.272361256561097,-2.112542440878825,-2.241374943496787,17,24,2,4,35
-0.3634560867574314,1.3339883482450607,1.0421640169777129,-2.112542440878825,-2.3480154852950568,18,24,2,4,35
-0.3542669819053383,1.3930972750559194,0.8119667773943287,-2.0966970534762024,-2.573145517980282,19,24,2,4,35
-0.3450778770532451,1.452206201866778,0.00627643885248406,-2.0333155038657127,-2.6560881616011476,20,24,2,4,35
-0.335888772201152,1.3339883482450607,0.23647367843586825,-2.001624729060468,-2.7982755506655073,21,24,2,4,35
-0.30832145764487257,1.3339883482450607,0.4666709180192524,-0.9162156919808337,-2.964160837907255,22,24,2,4,24
-0.2807541430885931,1.3930972750559194,0.23647367843586825,-0.6626894935388755,-3.1537440233263903,23,24,2,4,1
-0.28994324794068627,1.274879421434202,-0.4541180403142843,-1.1697418904227923,-3.2722335142133456,0,25,2,5,24
-0.2991323527927794,1.3339883482450607,0.00627643885248406,-1.5579538817870409,-3.4025719541890034,1,25,2,5,31
-0.3175105624969657,1.3930972750559194,-0.4541180403142843,-1.6847169810080203,-3.544759343253363,2,25,2,5,35
-0.30832145764487257,1.3339883482450607,0.4666709180192524,-1.874861629839489,-3.615853037785543,3,25,2,5,35
-0.32669966734905886,1.3339883482450607,0.4666709180192524,-1.9382431794499786,-3.651399885051633,4,25,2,5,35
-0.335888772201152,1.2157704946233434,0.8119667773943287,-1.1697418904227923,-3.6277019868742455,5,25,2,5,35
-0.3818342964616177,1.274879421434202,2.078051595102942,-1.9699339542552232,-3.5803061905194533,6,25,2,5,35
-0.5012926595388286,1.274879421434202,2.078051595102942,-2.0966970534762024,-3.4855145978098854,7,25,2,5,39
-0.528859974095108,1.3339883482450607,1.9629529753112496,-2.0966970534762024,-3.3788740560116155,8,25,2,5,39
-0.5012926595388286,1.274879421434202,2.078051595102942,-2.0966970534762024,-3.2248377178585703,9,25,2,5,39
-0.5380490789472011,1.274879421434202,1.9629529753112496,-2.0650062786709578,-3.08265032879421,10,25,2,5,35
-0.5564272886513875,1.3339883482450607,2.078051595102942,-2.0333155038657127,-2.904916092463777,11,25,2,5,35
-0.6207510226160394,1.2157704946233434,2.078051595102942,-1.9382431794499786,-2.7271818561333276,12,25,2,5,35
-0.6942638614327847,0.9793347873799091,1.9629529753112496,-2.0333155038657127,-2.56129656889158,13,25,2,5,35
-0.8137222245099955,0.683790153325616,2.3082488346863257,-1.9382431794499786,-2.3717133834724446,14,25,2,5,35
-0.9239914827351133,0.32913659246046423,2.078051595102942,-0.6626894935388755,-2.1702812489646073,15,25,2,5,35
-0.9148023778830202,0.4473544460821815,1.0421640169777129,-1.4232680888647506,-1.9688491144567695,16,25,2,5,35
-1.0066934264039518,-0.025516968404687458,1.0421640169777129,-0.2110959525641372,-1.731870132682842,17,25,2,5,1
-1.0618280555165105,-0.08462589521554607,1.7327557357278653,-0.2110959525641372,-1.4830422018202292,18,25,2,5,1
-1.1996646282979078,-0.2028437488372633,2.3082488346863257,-0.2110959525641372,-1.1986674236915094,19,25,2,5,1
-1.2639883622625596,-0.2619526756481219,1.272361256561097,-0.2110959525641372,-0.9616884419175986,20,25,2,5,1
-1.2547992574104665,-0.1437348220264047,1.9629529753112496,-0.2110959525641372,-0.7484073583210589,21,25,2,5,23
-1.41101403989605,-0.3801705292698392,1.5025584961444813,-0.2110959525641372,-0.5114283765471314,22,25,2,5,1
-1.5029050884169814,-0.3801705292698392,1.272361256561097,-0.2110959525641372,-0.34554308930538374,23,25,2,5,1
-1.548850612677447,-0.3210616024589805,0.4666709180192524,-0.2110959525641372,-0.19150675115233842,0,26,2,6,23
-1.5672288223816333,-0.2028437488372633,0.5817695378109445,-0.2110959525641372,0.04547223062158908,1,26,2,6,19
-1.5764179272337266,-0.1437348220264047,0.8119667773943287,-0.2110959525641372,0.24690436512942662,2,26,2,6,0
-1.6223634514941923,-0.08462589521554607,1.5025584961444813,-0.2110959525641372,0.4364875505485619,3,26,2,6,19
-1.6407416611983785,0.09270088521702978,1.7327557357278653,-0.2110959525641372,0.6497686341450849,4,26,2,6,23
-1.6958762903109377,0.1518098120278884,0.5817695378109445,-0.2110959525641372,0.8512007686529224,5,26,2,6,0
-1.7785782339797758,-0.2028437488372633,0.8119667773943287,-0.2110959525641372,1.0289350049833723,6,26,2,6,0
-1.8704692825007072,-0.3210616024589805,0.8119667773943287,1.6348916798413717,1.2066692413138054,7,26,2,6,0
-1.8888474922048935,-0.3801705292698392,1.272361256561097,1.6348916798413717,1.3962524267329575,8,26,2,6,19
-1.9439821213174524,-0.6757151633241323,1.9629529753112496,1.6348916798413717,1.5028929685312105,9,26,2,6,19
-2.100196903803036,-1.2076955046218598,0.8119667773943287,1.6348916798413717,1.5384398157973005,10,26,2,6,0
-2.0818186940988497,-1.3850222850544356,1.272361256561097,1.6348916798413717,1.5858356121520927,11,26,2,6,0
-1.9439821213174524,-1.2076955046218598,1.5025584961444813,1.6348916798413717,1.6213824594181827,12,26,2,6,0
-1.8337128630923345,-1.1485865778110012,1.272361256561097,1.6348916798413717,1.6095335103294803,13,26,2,6,19
-1.8153346533881483,-1.2668044314327185,1.5025584961444813,1.6348916798413717,1.6213824594181827,14,26,2,6,19
-1.73263270971931,-1.1485865778110012,1.272361256561097,1.6348916798413717,1.704325103039048,15,26,2,6,19
-1.741821814571403,-1.2668044314327185,1.0421640169777129,1.6348916798413717,1.739871950305138,16,26,2,6,19
-1.8061455485360551,-1.2668044314327185,1.0421640169777129,1.6348916798413717,1.775418797571228,17,26,2,6,23
-1.7693891291276824,-1.0894776510001425,0.4666709180192524,-0.2110959525641372,1.8346635430147056,18,26,2,6,1
-1.7785782339797758,-1.1485865778110012,-0.22392080073090012,-0.2110959525641372,1.8702103902807956,19,26,2,6,1
-1.741821814571403,-1.030368724189284,-0.4541180403142843,-0.2110959525641372,1.8820593393694978,20,26,2,6,1
-1.7602000242755895,-0.9121508705675667,-0.6843152798976685,-0.2110959525641372,1.9768509320790655,21,26,2,6,1
-1.7510109194234962,-0.853041943756708,-1.7202028580228972,-0.2110959525641372,1.9294551357242902,22,26,2,6,23
-1.7234436048672168,-0.5574973097024151,-1.7202028580228972,-0.2110959525641372,1.8820593393694978,23,26,2,6,1
-1.7234436048672168,-0.9121508705675667,-0.9145125194810526,-0.2110959525641372,1.8702103902807956,0,27,2,0,1
-1.6591198709025647,-0.6166062365132736,-1.259808378856129,-0.2110959525641372,1.846512492103408,1,27,2,0,1
-1.539661507825354,-0.2619526756481219,-0.22392080073090012,-0.2110959525641372,1.8346635430147056,2,27,2,0,1
-1.493715983564888,-0.1437348220264047,-0.6843152798976685,-0.2110959525641372,1.8228145939260203,3,27,2,0,1
-1.5580397175295404,-0.3801705292698392,-0.6843152798976685,-0.2110959525641372,1.810965644837318,4,27,2,0,1
-1.6223634514941923,-0.5574973097024151,-0.22392080073090012,-0.2110959525641372,1.7635698484825426,5,27,2,0,23
-1.6315525563462854,-0.3801705292698392,0.23647367843586825,-0.2110959525641372,1.6213824594181827,6,27,2,0,23
-1.5764179272337266,-0.08462589521554607,0.5817695378109445,1.6348916798413717,1.491044019442525,7,27,2,0,1
-1.594796136937913,-0.025516968404687458,0.4666709180192524,1.6348916798413717,1.4199503249103451,8,27,2,0,1
-1.603985241790006,-0.2028437488372633,0.8119667773943287,1.6348916798413717,1.2422160885798952,9,27,2,0,1
-1.5764179272337266,-0.3210616024589805,0.8119667773943287,-0.2824001958759379,1.05263290316076,10,27,2,0,1
-1.539661507825354,-0.2028437488372633,1.5025584961444813,1.6348916798413717,0.8156539213868325,11,27,2,0,23
-1.41101403989605,-0.4392794560806978,0.00627643885248406,1.6348916798413717,0.6379196850563994,12,27,2,0,23
-1.3007447816709323,-0.4983883828915564,0.4666709180192524,1.6348916798413717,0.42463860145985965,13,27,2,0,1
-1.2915556768188392,-0.2619526756481219,0.8119667773943287,-0.2824001958759379,0.34169595783899426,14,27,2,0,1
-1.0985844749248832,0.2700276656496056,0.5817695378109445,-2.0650062786709578,0.16396172150854443,15,27,2,0,35
-0.9607479021434859,0.683790153325616,0.4666709180192524,-0.6626894935388755,0.09286802697636448,16,27,2,0,35
-0.9607479021434859,0.8020080069473332,0.5817695378109445,-0.2824001958759379,-0.04931936208797856,17,27,2,0,1
-1.0526389506644174,0.8611169337581918,1.0421640169777129,-0.2110959525641372,0.05732117971027451,18,27,2,0,1
-1.1169626846290694,0.8611169337581918,0.8119667773943287,-2.0333155038657127,0.10471697606506675,19,27,2,0,35
-1.1169626846290694,0.9202258605690504,-0.6843152798976685,-0.2110959525641372,0.23505541604072436,20,27,2,0,35
-1.1261517894811626,0.9202258605690504,-1.259808378856129,-0.2110959525641372,0.28245121239551657,21,27,2,0,35
-1.1169626846290694,0.8611169337581918,-1.7202028580228972,-1.5579538817870409,0.329847008750292,22,27,2,0,35
-1.0710171603686036,0.9793347873799091,-1.259808378856129,-1.6847169810080203,0.3890917541937697,23,27,2,0,35
-1.0618280555165105,0.9793347873799091,-1.7202028580228972,-1.6847169810080203,0.4127896523711742,0,28,2,1,35
-1.034260740960231,0.9793347873799091,-1.7202028580228972,-1.5579538817870409,0.5075812450807419,1,28,2,1,35
-1.0526389506644174,0.9793347873799091,-1.7202028580228972,-1.4232680888647506,0.5905238887016072,2,28,2,1,35
-0.9975043215518585,0.9202258605690504,-0.6843152798976685,-1.1697418904227923,0.7208623286772649,3,28,2,1,1
-0.9975043215518585,0.8020080069473332,0.00627643885248406,-0.9162156919808337,0.9104455140964001,4,28,2,1,1
-1.1261517894811626,0.2700276656496056,0.5817695378109445,-1.1697418904227923,1.1000286995155522,5,28,2,1,35
-1.1812864185937215,0.5655722997038988,0.8119667773943287,-1.5579538817870409,1.3488566303781653,6,28,2,1,35
-1.466148669008609,-0.08462589521554607,0.4666709180192524,-0.2824001958759379,1.5384398157973005,7,28,2,1,19
-1.493715983564888,-0.08462589521554607,0.4666709180192524,-0.2824001958759379,1.7161740521277502,8,28,2,1,19
-1.5029050884169814,-0.2028437488372633,0.5817695378109445,1.6348916798413717,1.8702103902807956,9,28,2,1,0
-1.4845268787127952,-0.3210616024589805,-0.22392080073090012,-0.2824001958759379,1.8939082884582001,10,28,2,1,0
-1.4385813544523294,-0.4983883828915564,-0.6843152798976685,1.6348916798413717,1.9413040848129755,11,28,2,1,0
-1.4569595641565158,-0.7348240901349908,-0.4541180403142843,1.6348916798413717,1.8939082884582001,12,28,2,1,19
-1.3650685156355844,-0.4983883828915564,0.23647367843586825,1.6348916798413717,1.85836144119211,13,28,2,1,19
-1.346690305931398,-0.6166062365132736,0.00627643885248406,1.6348916798413717,1.810965644837318,14,28,2,1,23
-1.3191229913751186,-0.7348240901349908,0.4666709180192524,1.6348916798413717,1.810965644837318,15,28,2,1,23
-1.3742576204876775,-0.853041943756708,0.23647367843586825,1.6348916798413717,1.7635698484825426,16,28,2,1,23
-1.3926358301918638,-0.853041943756708,0.00627643885248406,1.6348916798413717,1.7517208993938402,17,28,2,1,19
-1.3834467253397706,-0.6166062365132736,0.23647367843586825,-0.2824001958759379,1.7872677466599303,18,28,2,1,0
-1.4202031447481431,-0.5574973097024151,-0.9145125194810526,-0.2110959525641372,1.810965644837318,19,28,2,1,0
-1.466148669008609,-0.4983883828915564,-0.4541180403142843,-0.2110959525641372,1.7872677466599303,20,28,2,1,0
-1.5764179272337266,-0.3210616024589805,-0.4541180403142843,-0.2110959525641372,1.7517208993938402,21,28,2,1,0
-1.5212832981211677,-0.2619526756481219,-1.7202028580228972,-0.2110959525641372,1.739871950305138,22,28,2,1,0
-1.6407416611983785,-0.1437348220264047,-0.6843152798976685,-0.2110959525641372,1.739871950305138,23,28,2,1,0
-1.5029050884169814,-0.2028437488372633,-0.6843152798976685,-0.2110959525641372,1.7280230012164526,0,29,2,2,0
-1.594796136937913,-0.1437348220264047,-1.259808378856129,-0.2110959525641372,1.6806272048616604,1,29,2,2,0
-1.5120941932690746,0.210918738838747,-1.259808378856129,-0.2110959525641372,1.668778255772958,2,29,2,2,19
-1.5856070320858195,0.5655722997038988,-1.7202028580228972,-0.2110959525641372,1.6569293066842725,3,29,2,2,0
-1.539661507825354,0.32913659246046423,-0.9145125194810526,-0.2110959525641372,1.6095335103294803,4,29,2,2,19
-1.7050653951630306,0.683790153325616,-1.7202028580228972,-0.2110959525641372,1.597684561240795,5,29,2,2,0
-1.6315525563462854,0.6246812265147573,-1.7202028580228972,-0.2110959525641372,1.6095335103294803,6,29,2,2,0
-1.5764179272337266,0.683790153325616,-0.6843152798976685,-0.2824001958759379,1.597684561240795,7,29,2,2,19
-1.493715983564888,0.6246812265147573,-0.4541180403142843,-0.2824001958759379,1.6450803575955704,8,29,2,2,1
-1.3650685156355844,0.3882455192713229,-0.4541180403142843,-0.2824001958759379,1.5502887648860026,9,29,2,2,23
-1.3007447816709323,0.03359195840617116,0.23647367843586825,-0.2824001958759379,1.4791950703538228,10,29,2,2,23
-1.3834467253397706,-0.7939330169458495,0.00627643885248406,-0.2824001958759379,1.4081013758216427,11,29,2,2,23
-1.355879410783491,-0.9121508705675667,0.23647367843586825,-0.2824001958759379,1.2185181904025075,12,29,2,2,23
-1.2272319428541871,-0.7939330169458495,-0.4541180403142843,-0.2824001958759379,1.1118776486042377,13,29,2,2,23
-1.3099338865230254,-0.9712597973784254,-0.22392080073090012,-0.2824001958759379,0.9933881577172823,14,29,2,2,23
-1.2915556768188392,-0.9121508705675667,0.5817695378109445,-0.2824001958759379,0.8985965650077147,15,29,2,2,1
-1.2639883622625596,-0.6757151633241323,1.272361256561097,-0.2824001958759379,0.7919560232094448,16,29,2,2,1
-1.3375012010793048,-0.7939330169458495,1.5025584961444813,-0.2824001958759379,0.6497686341450849,17,29,2,2,1
-1.41101403989605,-0.853041943756708,1.5025584961444813,-0.2824001958759379,0.5786749396129218,18,29,2,2,1
-1.4477704593044225,-0.9712597973784254,1.7327557357278653,-0.2110959525641372,0.4838833469033373,19,29,2,2,23
-1.4293922496002363,-0.9712597973784254,1.7327557357278653,-0.2110959525641372,0.4364875505485619,20,29,2,2,1
-1.4018249350439569,-0.853041943756708,1.272361256561097,-0.2110959525641372,0.21135751786333665,21,29,2,2,1
-1.3650685156355844,-0.7939330169458495,1.7327557357278653,-0.2110959525641372,0.10471697606506675,22,29,2,2,35
-1.2639883622625596,-0.3210616024589805,1.7327557357278653,-1.5579538817870409,-0.04931936208797856,23,29,2,2,35
-1.1261517894811626,0.2700276656496056,1.0421640169777129,-1.874861629839489,-0.0967151584427708,0,1,3,3,35
-1.034260740960231,0.683790153325616,1.272361256561097,-2.001624729060468,-0.21520464932972613,1,1,3,3,35
-0.9975043215518585,0.7428990801364745,1.5025584961444813,-1.8114800802289992,-0.2981472929506083,2,1,3,3,35
-0.9423696924392996,0.683790153325616,1.5025584961444813,-1.874861629839489,-0.42848573292626596,3,1,3,3,35
-0.9515587972913927,0.9202258605690504,2.3082488346863257,-2.0650062786709578,-0.5114283765471314,4,1,3,3,35
-0.9607479021434859,0.8611169337581918,2.078051595102942,-2.001624729060468,-0.5588241729019235,5,1,3,3,35
-0.9515587972913927,0.8611169337581918,2.078051595102942,-1.874861629839489,-0.5706731219906258,6,1,3,3,35
-0.9148023778830202,0.9202258605690504,1.7327557357278653,-2.0650062786709578,-0.5469752238132213,7,1,3,3,35
-0.9239914827351133,0.9202258605690504,1.9629529753112496,-2.0966970534762024,-0.5469752238132213,8,1,3,3,35
-0.9239914827351133,0.8611169337581918,1.9629529753112496,-2.0650062786709578,-0.5351262747245359,9,1,3,3,35
-0.905613273030927,0.8611169337581918,1.9629529753112496,-2.0966970534762024,-0.5114283765471314,10,1,3,3,35
-0.8596677487704613,0.9202258605690504,1.5025584961444813,-2.112542440878825,-0.46403258019235594,11,1,3,3,35
-0.8596677487704613,0.9202258605690504,1.7327557357278653,-2.0966970534762024,-0.46403258019235594,12,1,3,3,35
-0.8688568536225545,0.8611169337581918,1.5025584961444813,-2.0966970534762024,-0.4758815292810413,13,1,3,3,35
-0.841289539066275,0.8020080069473332,1.5025584961444813,-2.0966970534762024,-0.45218363110365367,14,1,3,3,35
-0.8045331196579024,0.7428990801364745,1.0421640169777129,-2.0650062786709578,-0.40478783474887825,15,1,3,3,35
-0.7585875953974367,0.7428990801364745,0.4666709180192524,-2.001624729060468,-0.3692409874827883,16,1,3,3,35
-0.776965805101623,0.7428990801364745,0.5817695378109445,-1.874861629839489,-0.2981472929506083,17,1,3,3,35
-0.7861549099537162,0.7428990801364745,0.4666709180192524,-1.874861629839489,-0.21520464932972613,18,1,3,3,35
-0.8229113293620888,0.8020080069473332,0.23647367843586825,-1.9382431794499786,-0.1441109547975462,19,1,3,3,35
-0.8229113293620888,0.8020080069473332,0.5817695378109445,-1.8114800802289992,-0.1204130566201585,20,1,3,3,35
-0.8504786439183681,0.8020080069473332,0.8119667773943287,-1.6847169810080203,-0.08486620935406852,21,1,3,3,35
-0.8688568536225545,0.8611169337581918,0.8119667773943287,-2.001624729060468,-0.061168311176680826,22,1,3,3,35
-0.8872350633267407,0.8020080069473332,0.8119667773943287,-1.8114800802289992,-0.013772514821888588,23,1,3,3,35
-0.905613273030927,0.9202258605690504,0.8119667773943287,-1.9382431794499786,-0.013772514821888588,0,2,3,4,35
-0.9607479021434859,0.8611169337581918,0.5817695378109445,-1.8114800802289992,0.04547223062158908,1,2,3,4,35
-0.9515587972913927,0.8611169337581918,0.4666709180192524,-1.6847169810080203,0.06917012879897678,2,2,3,4,35
-0.9607479021434859,0.9202258605690504,0.4666709180192524,-1.8114800802289992,0.11656592515376903,3,2,3,4,35
-0.9883152166997653,0.8611169337581918,1.0421640169777129,-1.6847169810080203,0.11656592515376903,4,2,3,4,35
-0.9975043215518585,0.8020080069473332,0.4666709180192524,-1.1697418904227923,0.11656592515376903,5,2,3,4,35
-1.0250716361081378,0.683790153325616,0.4666709180192524,-0.9162156919808337,0.10471697606506675,6,2,3,4,35
-1.034260740960231,0.683790153325616,0.8119667773943287,-0.2824001958759379,0.14026382333115672,7,2,3,4,1
-1.0434498458123243,0.683790153325616,0.23647367843586825,-0.2824001958759379,0.1758106705972467,8,2,3,4,35
-1.0066934264039518,0.9793347873799091,-0.22392080073090012,-2.0333155038657127,0.16396172150854443,9,2,3,4,35
-0.9975043215518585,0.9202258605690504,0.00627643885248406,-1.874861629839489,0.19950856877463438,10,2,3,4,35
-0.9239914827351133,1.0975526410016263,0.00627643885248406,-1.9699339542552232,0.18765961968593212,11,2,3,4,35
-0.8872350633267407,1.0975526410016263,-0.22392080073090012,-2.001624729060468,0.152112772419859,12,2,3,4,11
-0.8321004342141819,1.156661567812485,-0.22392080073090012,-1.8114800802289992,0.04547223062158908,13,2,3,4,35
-0.7953440148058093,1.0975526410016263,0.00627643885248406,-1.5579538817870409,-0.025621463910590857,14,2,3,4,7
-0.7585875953974367,0.9202258605690504,0.00627643885248406,-1.2965049896437713,-0.08486620935406852,15,2,3,4,1
-0.721831175989064,0.9202258605690504,0.00627643885248406,-1.2965049896437713,-0.1441109547975462,16,2,3,4,1
-0.7034529662848779,0.9793347873799091,0.00627643885248406,-1.1697418904227923,-0.19150675115233842,17,2,3,4,1
-0.6758856517285983,0.9793347873799091,0.5817695378109445,-1.1697418904227923,-0.28629834386190606,18,2,3,4,1
-0.6207510226160394,0.9793347873799091,0.23647367843586825,-0.9162156919808337,-0.357392038394086,19,2,3,4,1
-0.6666965468765051,0.9793347873799091,0.00627643885248406,-0.9162156919808337,-0.3692409874827883,20,2,3,4,1
-0.6023728129118533,0.8611169337581918,0.00627643885248406,-0.6626894935388755,-0.5114283765471314,21,2,3,4,1
-0.6207510226160394,0.2700276656496056,-0.22392080073090012,-0.2110959525641372,-0.6654647147001934,22,2,3,4,1
-0.5656163935034806,0.3882455192713229,0.23647367843586825,-0.2110959525641372,-0.9024436964741042,23,2,3,4,1
-0.528859974095108,0.32913659246046423,0.8119667773943287,-0.2110959525641372,-1.1038758309819416,0,3,3,5,1
-0.4921035546867354,0.4473544460821815,0.4666709180192524,-0.2110959525641372,-1.2934590164010937,1,3,3,5,35
-0.5012926595388286,0.9793347873799091,0.4666709180192524,-2.001624729060468,-1.5422869472637069,2,3,3,5,35
-0.45534713527836285,1.0975526410016263,0.8119667773943287,-1.9699339542552232,-1.7792659290376343,3,3,3,5,35
-0.39102340131371083,1.0975526410016263,1.0421640169777129,-1.2965049896437713,-1.9570001653680673,4,3,3,5,42
-0.3726451916095246,1.0384437141907676,2.9988405534364784,-0.6626894935388755,-2.2176770453193826,5,3,3,5,1
-0.3818342964616177,0.7428990801364745,3.2290377930198626,-0.2110959525641372,-2.4072602307385345,6,3,3,5,19
-0.3818342964616177,0.5655722997038988,2.9988405534364784,-0.2824001958759379,-2.56129656889158,7,3,3,5,23
-0.3726451916095246,0.3882455192713229,1.9629529753112496,-0.2824001958759379,-2.6797860597785355,8,3,3,5,23
-0.32669966734905886,0.4473544460821815,2.53844607426971,-0.2824001958759379,-2.7864266015768053,9,3,3,5,1
-0.19805219941975483,0.683790153325616,0.00627643885248406,-0.2824001958759379,-2.59684341615767,10,3,3,5,1
-0.2991323527927794,0.210918738838747,1.9629529753112496,-0.2824001958759379,-2.644239212512462,11,3,3,5,25
-0.5104817643909217,-0.7348240901349908,2.53844607426971,1.6348916798413717,-2.644239212512462,12,3,3,5,23
-0.6023728129118533,-1.0894776510001425,4.034728131561708,1.6348916798413717,-2.750879754310715,13,3,3,5,23
-0.7402093856932505,-1.503240138676153,3.804530891978323,1.6348916798413717,-2.8101244997541928,14,3,3,5,23
-0.7493984905453436,-1.3259133582435771,4.840418470103552,-0.2824001958759379,-2.821973448842895,15,3,3,5,23
-0.6942638614327847,-1.1485865778110012,5.531010188853704,1.6348916798413717,-2.821973448842895,16,3,3,5,19
-0.6850747565806916,-0.9712597973784254,4.840418470103552,1.6348916798413717,-2.77457765248812,17,3,3,5,19
-0.6299401274681325,-0.6757151633241323,3.804530891978323,-0.2110959525641372,-2.644239212512462,18,3,3,5,23
-0.6023728129118533,-0.5574973097024151,3.3441364128115545,-0.2110959525641372,-2.52574972162549,19,3,3,5,19
-0.5931837080597601,-0.4392794560806978,4.034728131561708,-0.2110959525641372,-2.4783539252707145,20,3,3,5,19
-0.5656163935034806,-0.3210616024589805,3.5743336523949387,-0.2110959525641372,-2.45465602709331,21,3,3,5,35
-0.5472381837992943,-0.2028437488372633,4.840418470103552,-0.2110959525641372,-2.3480154852950568,22,3,3,5,35
-0.5196708692430149,-0.025516968404687458,2.078051595102942,-0.2110959525641372,-2.2176770453193826,23,3,3,5,35
-0.6758856517285983,0.03359195840617116,1.9629529753112496,-0.2110959525641372,-2.028093859900247,0,4,3,6,23
-0.7861549099537162,0.03359195840617116,1.0421640169777129,-0.2110959525641372,-1.8859064708359041,1,4,3,6,23
-0.9515587972913927,-0.2028437488372633,1.272361256561097,-0.2110959525641372,-1.767416979948932,2,4,3,6,23
-0.9883152166997653,-0.2619526756481219,0.4666709180192524,-0.2110959525641372,-1.6844743363280665,3,4,3,6,23
-1.0618280555165105,-0.2619526756481219,0.5817695378109445,-0.2110959525641372,-1.6015316927071845,4,4,3,6,23
-1.1996646282979078,-0.3210616024589805,0.4666709180192524,-0.2110959525641372,-1.518589049086319,5,4,3,6,1
-1.3007447816709323,-0.4983883828915564,0.23647367843586825,-0.2110959525641372,-1.4356464054654368,6,4,3,6,23
-1.3926358301918638,-0.5574973097024151,0.8119667773943287,-0.2824001958759379,-1.3882506091106614,7,4,3,6,23
-1.5029050884169814,-0.7939330169458495,-0.22392080073090012,-0.2824001958759379,-1.2816100673123916,8,4,3,6,23
-1.4753377738607019,-0.6166062365132736,0.00627643885248406,-0.2824001958759379,-1.3053079654897792,9,4,3,6,1
-1.4753377738607019,-0.6166062365132736,0.23647367843586825,-0.2824001958759379,-1.3053079654897792,10,4,3,6,1
-1.5212832981211677,-0.7348240901349908,0.23647367843586825,-0.2824001958759379,-1.2934590164010937,11,4,3,6,1
-1.4202031447481431,-0.6166062365132736,0.4666709180192524,1.6348916798413717,-1.3053079654897792,12,4,3,6,23
-1.41101403989605,-0.6757151633241323,0.4666709180192524,1.6348916798413717,-1.3882506091106614,13,4,3,6,19
-1.466148669008609,-0.7348240901349908,0.4666709180192524,1.6348916798413717,-1.364552710933257,14,4,3,6,23
-1.4753377738607019,-0.7939330169458495,0.8119667773943287,1.6348916798413717,-1.364552710933257,15,4,3,6,23
-1.4569595641565158,-0.7939330169458495,0.5817695378109445,1.6348916798413717,-1.3290058636671669,16,4,3,6,19
-1.5764179272337266,-0.7939330169458495,0.8119667773943287,1.6348916798413717,-1.3171569145784816,17,4,3,6,19
-1.677498080606751,-0.853041943756708,1.5025584961444813,-0.2110959525641372,-1.1986674236915094,18,4,3,6,19
-1.6591198709025647,-0.7939330169458495,0.8119667773943287,-0.2110959525641372,-1.1394226782480317,19,4,3,6,23
-1.5764179272337266,-0.3801705292698392,1.0421640169777129,-0.2110959525641372,-1.0920268818932564,20,4,3,6,1
-1.493715983564888,0.09270088521702978,0.00627643885248406,-0.2110959525641372,-1.0327821364497618,21,4,3,6,37
-1.6591198709025647,-0.1437348220264047,0.23647367843586825,-0.2110959525641372,-0.9972352891836886,22,4,3,6,1
-1.73263270971931,-0.1437348220264047,1.0421640169777129,-0.2110959525641372,-0.9735373910062841,23,4,3,6,23
-1.8337128630923345,-0.08462589521554607,0.4666709180192524,-0.2110959525641372,-0.9379905437401941,0,5,3,0,19
-1.934793016465359,-0.08462589521554607,1.0421640169777129,-0.2110959525641372,-0.8550479001193287,1,5,3,0,19
-2.283979000844899,-0.9121508705675667,1.0421640169777129,-0.2110959525641372,-0.7839542055871488,2,5,3,0,0
-2.2104661620281534,-0.5574973097024151,0.8119667773943287,-0.2110959525641372,-0.6891626128775812,3,5,3,0,0
-2.247222581436526,-0.5574973097024151,1.272361256561097,-0.2110959525641372,-0.5943710201680136,4,5,3,0,0
-2.2656007911407126,-0.4983883828915564,0.5817695378109445,-0.2110959525641372,-0.42848573292626596,5,5,3,0,0
-2.3115463154011784,-0.5574973097024151,1.272361256561097,-0.2824001958759379,-0.3336941402166983,6,5,3,0,23
-2.283979000844899,-0.4983883828915564,0.8119667773943287,-0.2824001958759379,-0.20335570024104072,7,5,3,0,23
-2.302357210549085,-0.6757151633241323,1.0421640169777129,-0.2824001958759379,-0.061168311176680826,8,5,3,0,23
-2.2656007911407126,-0.7348240901349908,1.0421640169777129,-0.2824001958759379,0.06917012879897678,9,5,3,0,23
-2.2104661620281534,-0.7348240901349908,1.272361256561097,-0.2824001958759379,0.18765961968593212,10,5,3,0,23
-2.1369533232114084,-0.7939330169458495,1.272361256561097,1.6348916798413717,0.3061491105729043,11,5,3,0,23
-2.063440484394663,-0.853041943756708,-1.0296111392727447,1.6348916798413717,0.40094070328247194,12,5,3,0,23
-2.0266840649862905,-0.9712597973784254,1.0421640169777129,1.6348916798413717,0.4838833469033373,13,5,3,0,23
-2.05425137954257,-1.2076955046218598,1.5025584961444813,1.6348916798413717,0.5905238887016072,14,5,3,0,23
-1.9439821213174524,-1.0894776510001425,1.7327557357278653,1.6348916798413717,0.6971644304998771,15,5,3,0,23
-1.9715494358737315,-1.1485865778110012,1.272361256561097,1.6348916798413717,0.8038049722981471,16,5,3,0,23
-1.9623603310216386,-1.2076955046218598,1.0421640169777129,1.6348916798413717,0.9104455140964001,17,5,3,0,19
-1.980738540725825,-1.2076955046218598,0.8119667773943287,-0.2110959525641372,1.0052371068059847,18,5,3,0,19
-1.9899276455779182,-1.1485865778110012,0.5817695378109445,-0.2110959525641372,1.1355755467816422,19,5,3,0,0
-1.9991167504300111,-1.0894776510001425,0.23647367843586825,-0.2110959525641372,1.2540650376685976,20,5,3,0,19
-2.035873169838384,-1.0894776510001425,0.23647367843586825,-0.2110959525641372,1.3962524267329575,21,5,3,0,0
-2.0910077989509426,-1.0894776510001425,0.00627643885248406,-0.2110959525641372,1.4673461212651373,22,5,3,0,0
-2.100196903803036,-0.853041943756708,-0.4541180403142843,-0.2110959525641372,1.526590866708615,23,5,3,0,0
-2.118575113507222,-0.7348240901349908,-0.4541180403142843,-0.2110959525641372,1.6095335103294803,0,6,3,1,0
-2.100196903803036,-0.6757151633241323,-0.4541180403142843,-0.2110959525641372,1.7161740521277502,1,6,3,1,0
-2.1369533232114084,-0.7348240901349908,-1.259808378856129,-0.2110959525641372,1.775418797571228,2,6,3,1,0
-2.173709742619781,-0.4983883828915564,-0.6843152798976685,-0.2110959525641372,1.846512492103408,3,6,3,1,0
-2.173709742619781,-0.6166062365132736,-0.6843152798976685,-0.2110959525641372,1.9531530339016778,4,6,3,1,0
-2.164520637767688,-0.5574973097024151,-0.22392080073090012,-0.2110959525641372,2.130887270232111,5,6,3,1,0
-2.192087952323967,-0.4392794560806978,-0.4541180403142843,-0.2824001958759379,2.1901320156756054,6,6,3,1,0
-2.1369533232114084,-0.3801705292698392,-0.4541180403142843,1.6348916798413717,2.308621506562561,7,6,3,1,0
-2.017494960134197,-0.4983883828915564,-1.7202028580228972,1.6348916798413717,2.3797152010947404,8,6,3,1,0
-1.9899276455779182,-0.9121508705675667,-1.0296111392727447,1.6348916798413717,2.427110997449516,9,6,3,1,0
-1.7785782339797758,-0.6166062365132736,-0.6843152798976685,1.6348916798413717,2.4508088956269205,10,6,3,1,19
-1.8704692825007072,-1.0894776510001425,0.00627643885248406,1.6348916798413717,2.4508088956269205,11,6,3,1,19
-1.6407416611983785,-0.7348240901349908,-0.22392080073090012,1.6348916798413717,2.4152620483608307,12,6,3,1,19
-1.7050653951630306,-1.1485865778110012,-0.6843152798976685,1.6348916798413717,2.3204704556512628,13,6,3,1,19
-1.6866871854588443,-1.3259133582435771,-0.6843152798976685,1.6348916798413717,2.284923608385173,14,6,3,1,19
-1.677498080606751,-1.3850222850544356,-1.0296111392727447,1.6348916798413717,2.2612257102077686,15,6,3,1,19
-1.7234436048672168,-1.5623490654870116,-0.4541180403142843,1.6348916798413717,2.2375278120303808,16,6,3,1,19
-1.6223634514941923,-1.3850222850544356,-1.0296111392727447,1.6348916798413717,2.1901320156756054,17,6,3,1,19
-1.5764179272337266,-0.9121508705675667,-1.0296111392727447,1.6348916798413717,2.1190383211434254,18,6,3,1,19
-1.466148669008609,-0.853041943756708,-0.4541180403142843,-0.2110959525641372,2.0834914738773356,19,6,3,1,23
-1.4845268787127952,-0.9121508705675667,-0.6843152798976685,-0.2110959525641372,1.9768509320790655,20,6,3,1,19
-1.5580397175295404,-1.0894776510001425,-0.6843152798976685,-0.2110959525641372,1.9413040848129755,21,6,3,1,23
-1.6223634514941923,-1.3259133582435771,-0.6843152798976685,-0.2110959525641372,1.8228145939260203,22,6,3,1,23
-1.677498080606751,-1.5623490654870116,-1.0296111392727447,-0.2110959525641372,1.775418797571228,23,6,3,1,23
-1.4569595641565158,-1.2076955046218598,-1.0296111392727447,-0.2110959525641372,1.6450803575955704,0,7,3,2,23
-1.273177467114653,-0.6757151633241323,-0.6843152798976685,-0.2110959525641372,1.668778255772958,1,7,3,2,23
-1.3283120962272117,-0.3210616024589805,0.23647367843586825,-0.2110959525641372,1.562137713974705,2,7,3,2,1
-1.3007447816709323,-0.3801705292698392,-0.22392080073090012,-0.2110959525641372,1.384403477644255,3,7,3,2,1
-1.2639883622625596,-0.2619526756481219,0.00627643885248406,-0.2110959525641372,1.3133097831120752,4,7,3,2,1
-1.2639883622625596,-0.2619526756481219,0.23647367843586825,-0.2110959525641372,1.2777629358459852,5,7,3,2,23
-1.1812864185937215,-0.2619526756481219,0.00627643885248406,-0.2824001958759379,1.1000286995155522,6,7,3,2,1
-1.0802062652206967,-0.025516968404687458,-0.4541180403142843,1.6348916798413717,1.0289350049833723,7,7,3,2,1
-1.1077735797769763,0.09270088521702978,-0.4541180403142843,1.6348916798413717,1.01708605589467,8,7,3,2,23
-0.9423696924392996,-0.025516968404687458,-0.4541180403142843,-0.2824001958759379,0.9459923613624901,9,7,3,2,0
-0.8321004342141819,-0.3210616024589805,-1.0296111392727447,-0.2824001958759379,0.839351819564237,10,7,3,2,0
-0.6666965468765051,-0.6166062365132736,-1.0296111392727447,-0.2824001958759379,0.7327112777659671,11,7,3,2,19
-0.5656163935034806,-1.0894776510001425,-1.259808378856129,-0.2824001958759379,0.6260707359676971,12,7,3,2,19
-0.6391292323202259,-1.6805669191087287,-0.22392080073090012,-0.2824001958759379,0.5194301941694273,13,7,3,2,19
-0.6115619177639463,-1.6805669191087287,-0.22392080073090012,-0.2824001958759379,0.42463860145985965,14,7,3,2,19
-0.48291444983464227,-1.503240138676153,-0.22392080073090012,-0.2824001958759379,0.36539385601638197,15,7,3,2,19
-0.44615803042626967,-1.7396758459195873,0.00627643885248406,-0.2824001958759379,0.3061491105729043,16,7,3,2,23
-0.4094016110178971,-1.3850222850544356,-0.6843152798976685,-0.2824001958759379,0.23505541604072436,17,7,3,2,23
-0.3818342964616177,-0.4392794560806978,-0.9145125194810526,-0.2824001958759379,0.23505541604072436,18,7,3,2,19
-0.400212506165804,-0.6166062365132736,-0.4541180403142843,-0.2110959525641372,0.19950856877463438,19,7,3,2,23
-0.4277798207220834,-1.030368724189284,0.5817695378109445,-0.2110959525641372,0.152112772419859,20,7,3,2,23
-0.4277798207220834,-0.853041943756708,0.8119667773943287,-0.2110959525641372,0.12841487424245446,21,7,3,2,23
-0.39102340131371083,-0.5574973097024151,0.23647367843586825,-0.2110959525641372,0.08101907788767905,22,7,3,2,1
-0.39102340131371083,-0.2619526756481219,0.00627643885248406,-0.2110959525641372,-0.0019235657332031574,23,7,3,2,1
-0.3726451916095246,-0.5574973097024151,0.5817695378109445,-0.2110959525641372,-0.08486620935406852,0,8,3,3,1
-0.3634560867574314,-0.3801705292698392,-0.4541180403142843,-0.2110959525641372,-0.15595990388624847,1,8,3,3,1
-0.3450778770532451,-0.853041943756708,0.23647367843586825,-0.2110959525641372,-0.28629834386190606,2,8,3,3,23
-0.3175105624969657,-1.2668044314327185,1.0421640169777129,-0.2110959525641372,-0.42848573292626596,3,8,3,3,23
-0.2991323527927794,-1.2076955046218598,1.5025584961444813,-0.2110959525641372,-0.48773047836974365,4,8,3,3,23
-0.30832145764487257,-0.2619526756481219,0.4666709180192524,-0.2110959525641372,-0.5706731219906258,5,8,3,3,23
-0.27156503823649997,-0.6166062365132736,0.4666709180192524,-0.2824001958759379,-0.6299178674341035,6,8,3,3,1
-0.16129578001138223,-0.9121508705675667,1.272361256561097,1.6348916798413717,-0.6891626128775812,7,8,3,3,1
-0.21643040912394107,-0.2619526756481219,0.4666709180192524,1.6348916798413717,-0.7839542055871488,8,8,3,3,1
-0.08778294119463706,-0.7348240901349908,1.272361256561097,1.6348916798413717,-0.9024436964741042,9,8,3,3,1
0.031675421882573815,-0.853041943756708,1.7327557357278653,-0.2824001958759379,-0.9853863400949864,10,8,3,3,1
0.11437736555141212,-0.7348240901349908,1.272361256561097,-0.2824001958759379,-1.0920268818932564,11,8,3,3,1
0.13275557525559842,-0.4983883828915564,0.5817695378109445,-0.2824001958759379,-1.1512716273367338,12,8,3,3,24
0.24302483348071618,-0.1437348220264047,0.5817695378109445,-0.2824001958759379,-1.257912169135004,13,8,3,3,1
0.3073485674453682,0.03359195840617116,1.272361256561097,-0.2824001958759379,-1.3882506091106614,14,8,3,3,1
0.3716723014100201,0.210918738838747,2.53844607426971,-0.6626894935388755,-1.4593443036428413,15,8,3,3,24
0.3532940917058339,0.1518098120278884,1.9629529753112496,-0.2824001958759379,-1.5422869472637069,16,8,3,3,24
0.39923961596629964,0.3882455192713229,2.53844607426971,-0.6626894935388755,-1.6489274890619767,17,8,3,3,24
0.48194155963513796,0.9202258605690504,3.5743336523949387,-1.6847169810080203,-1.6726253872393644,18,8,3,3,24
0.05924273643885328,0.8611169337581918,1.7327557357278653,-0.9162156919808337,-1.5067400999976168,19,8,3,3,24
-0.08778294119463706,0.683790153325616,2.9988405534364784,-0.2110959525641372,-1.364552710933257,20,8,3,3,24
-0.14291757030719593,0.8611169337581918,2.9988405534364784,-1.1697418904227923,-1.1986674236915094,21,8,3,3,24
-0.2807541430885931,0.9202258605690504,3.5743336523949387,-1.4232680888647506,-1.0920268818932564,22,8,3,3,28
-0.3634560867574314,1.0384437141907676,2.3082488346863257,-2.001624729060468,-0.9498394928288963,23,8,3,3,35
-0.41859071586999036,1.156661567812485,1.5025584961444813,-1.9699339542552232,-0.8550479001193287,0,9,3,4,35
-0.5748054983555737,0.5064633728930401,0.8119667773943287,-0.2110959525641372,-0.7602563074097611,1,9,3,4,23
-0.841289539066275,-0.025516968404687458,0.5817695378109445,-0.2110959525641372,-0.5114283765471314,2,9,3,4,19
-1.0158825312560449,-0.2028437488372633,1.0421640169777129,-0.2110959525641372,-0.28629834386190606,3,9,3,4,19
-1.034260740960231,0.09270088521702978,-0.4541180403142843,-0.2110959525641372,-0.0967151584427708,4,9,3,4,19
-1.0710171603686036,-0.025516968404687458,0.5817695378109445,-0.2110959525641372,0.09286802697636448,5,9,3,4,19
-1.0618280555165105,0.1518098120278884,0.00627643885248406,-0.2110959525641372,0.24690436512942662,6,9,3,4,19
-1.1261517894811626,0.1518098120278884,0.00627643885248406,-0.2824001958759379,0.3061491105729043,7,9,3,4,0
-1.1720973137416282,-0.1437348220264047,0.00627643885248406,-0.2824001958759379,0.42463860145985965,8,9,3,4,0
-1.1077735797769763,-0.08462589521554607,0.5817695378109445,-0.2824001958759379,0.4838833469033373,9,9,3,4,0
-1.162908208889535,-0.3801705292698392,0.4666709180192524,1.6348916798413717,0.5075812450807419,10,9,3,4,19
-1.153719104037442,-0.5574973097024151,0.23647367843586825,1.6348916798413717,0.49573229599203955,11,9,3,4,19
-1.0158825312560449,-0.3210616024589805,0.5817695378109445,1.6348916798413717,0.46018544872594963,12,9,3,4,19
-1.0434498458123243,-0.6166062365132736,0.00627643885248406,1.6348916798413717,0.4364875505485619,13,9,3,4,19
-0.9331805875872065,-0.3801705292698392,0.4666709180192524,1.6348916798413717,0.4483364996372642,14,9,3,4,19
-0.9607479021434859,-0.4392794560806978,0.23647367843586825,1.6348916798413717,0.4720343978146519,15,9,3,4,23
-1.0066934264039518,-0.6757151633241323,-0.4541180403142843,1.6348916798413717,0.46018544872594963,16,9,3,4,23
-0.9607479021434859,-0.4983883828915564,-0.9145125194810526,1.6348916798413717,0.49573229599203955,17,9,3,4,23
-1.034260740960231,-0.4392794560806978,-0.9145125194810526,-0.2110959525641372,0.5549770414355173,18,9,3,4,19
-0.9883152166997653,-0.1437348220264047,-1.259808378856129,-0.2110959525641372,0.6142217868789949,19,9,3,4,23
-1.0618280555165105,-0.4983883828915564,-1.259808378856129,-0.2110959525641372,0.6616175832337872,20,9,3,4,23
-1.0250716361081378,-0.4392794560806978,-1.0296111392727447,-0.2110959525641372,0.6853154814111748,21,9,3,4,23
-1.0526389506644174,-0.4392794560806978,-0.9145125194810526,-0.2110959525641372,0.6971644304998771,22,9,3,4,23
-1.0250716361081378,-0.2619526756481219,-1.0296111392727447,-0.2110959525641372,0.7445602268546694,23,9,3,4,1
-1.034260740960231,-0.3801705292698392,-1.259808378856129,-0.2110959525641372,0.8512007686529224,0,10,3,5,1
-1.0250716361081378,-0.2028437488372633,0.00627643885248406,-0.2110959525641372,0.9933881577172823,1,10,3,5,1
-1.2088537331500009,-0.4983883828915564,0.4666709180192524,-0.2110959525641372,1.1355755467816422,2,10,3,5,1
-1.4018249350439569,-0.9712597973784254,1.0421640169777129,-0.2110959525641372,1.2422160885798952,3,10,3,5,1
-1.4385813544523294,-0.6757151633241323,1.272361256561097,-0.2110959525641372,1.4436482230877328,4,10,3,5,19
-1.5212832981211677,-0.7348240901349908,0.5817695378109445,-0.2110959525641372,1.6213824594181827,5,10,3,5,19
-1.5304724029732608,-0.6757151633241323,1.272361256561097,-0.2824001958759379,1.8346635430147056,6,10,3,5,23
-1.5764179272337266,-0.7348240901349908,0.5817695378109445,1.6348916798413717,1.9886998811677679,7,10,3,5,19
-1.5764179272337266,-0.7939330169458495,0.4666709180192524,1.6348916798413717,2.1190383211434254,8,10,3,5,19
-1.5304724029732608,-0.7939330169458495,0.00627643885248406,1.6348916798413717,2.249376761119083,9,10,3,5,23
-1.5672288223816333,-0.9712597973784254,-1.0296111392727447,1.6348916798413717,2.3204704556512628,10,10,3,5,19
-1.4477704593044225,-1.0894776510001425,-1.7202028580228972,1.6348916798413717,2.3323194047399483,11,10,3,5,19
-1.346690305931398,-0.7939330169458495,-0.9145125194810526,1.6348916798413717,2.2967725574738584,12,10,3,5,0
-1.273177467114653,-0.853041943756708,-0.9145125194810526,1.6348916798413717,2.178283066586903,13,10,3,5,19
-1.2547992574104665,-0.9121508705675667,0.00627643885248406,1.6348916798413717,2.1190383211434254,14,10,3,5,23
-1.1720973137416282,-0.6757151633241323,-0.4541180403142843,1.6348916798413717,2.0123977793451555,15,10,3,5,23
-1.1812864185937215,-0.9121508705675667,-0.22392080073090012,1.6348916798413717,1.9650019829903633,16,10,3,5,19
-1.153719104037442,-0.853041943756708,0.23647367843586825,1.6348916798413717,1.9294551357242902,17,10,3,5,19
-1.162908208889535,-0.7939330169458495,-0.6843152798976685,-0.2110959525641372,1.9057572375468856,18,10,3,5,19
-1.0985844749248832,-0.6757151633241323,-0.6843152798976685,-0.2110959525641372,1.9176061866355878,19,10,3,5,19
-0.969937006995579,-0.1437348220264047,-0.4541180403142843,-0.2110959525641372,1.8346635430147056,20,10,3,5,23
-0.9791261118476722,-0.2028437488372633,-0.4541180403142843,-0.2110959525641372,1.7635698484825426,21,10,3,5,23
-0.8872350633267407,0.03359195840617116,-0.4541180403142843,-0.2110959525641372,1.7161740521277502,22,10,3,5,37
-0.8872350633267407,-0.025516968404687458,-0.9145125194810526,-0.2110959525641372,1.6569293066842725,23,10,3,5,1
-0.8964241681788339,0.32913659246046423,-0.9145125194810526,-0.2110959525641372,1.5502887648860026,0,11,3,6,19
-0.8688568536225545,0.5064633728930401,-0.9145125194810526,-0.2110959525641372,1.4554971721764351,1,11,3,6,19
-0.8872350633267407,0.3882455192713229,-0.9145125194810526,-0.2110959525641372,1.3370076812894798,2,11,3,6,19
-0.8780459584746476,0.1518098120278884,0.23647367843586825,-0.2110959525641372,1.1829713431364175,3,11,3,6,1
-0.8688568536225545,0.03359195840617116,-0.22392080073090012,-0.2110959525641372,1.1474244958703277,4,11,3,6,1
-0.8780459584746476,0.09270088521702978,-0.4541180403142843,-0.2110959525641372,1.1000286995155522,5,11,3,6,19
-0.8504786439183681,0.03359195840617116,-0.9145125194810526,1.6348916798413717,1.1000286995155522,6,11,3,6,1
-0.8688568536225545,0.03359195840617116,-0.4541180403142843,1.6348916798413717,1.08817975042685,7,11,3,6,0
-0.8045331196579024,-0.2619526756481219,-0.9145125194810526,1.6348916798413717,1.1237265976929398,8,11,3,6,0
-0.776965805101623,-0.853041943756708,-0.9145125194810526,1.6348916798413717,1.1000286995155522,9,11,3,6,19
-0.7585875953974367,-1.030368724189284,-0.22392080073090012,1.6348916798413717,1.08817975042685,10,11,3,6,0
-0.6207510226160394,-1.1485865778110012,-0.4541180403142843,1.6348916798413717,1.0289350049833723,11,11,3,6,0
-0.528859974095108,-1.0894776510001425,1.0421640169777129,1.6348916798413717,0.9578413104511924,12,11,3,6,0
-0.4094016110178971,-1.2668044314327185,0.5817695378109445,1.6348916798413717,0.874898666830327,13,11,3,6,0
-0.3818342964616177,-1.2668044314327185,1.0421640169777129,1.6348916798413717,0.8156539213868325,14,11,3,6,0
-0.3542669819053383,-1.3850222850544356,0.5817695378109445,1.6348916798413717,0.7564091759433548,15,11,3,6,0
-0.2991323527927794,-1.3259133582435771,0.00627643885248406,1.6348916798413717,0.7090133795885794,16,11,3,6,0
-0.28994324794068627,-1.3259133582435771,-0.4541180403142843,1.6348916798413717,0.7090133795885794,17,11,3,6,0
-0.32669966734905886,-1.0894776510001425,-0.9145125194810526,-0.2110959525641372,0.7445602268546694,18,11,3,6,0
-0.3450778770532451,-0.7939330169458495,-1.0296111392727447,-0.2110959525641372,0.7564091759433548,19,11,3,6,0
-0.3726451916095246,-0.2028437488372633,-0.6843152798976685,1.6348916798413717,0.768258125032057,20,11,3,6,0
-0.3818342964616177,-0.2619526756481219,-0.22392080073090012,-0.2110959525641372,0.7919560232094448,21,11,3,6,19
-0.4094016110178971,-0.4392794560806978,-1.0296111392727447,-0.2110959525641372,0.7919560232094448,22,11,3,6,0
-0.41859071586999036,-0.6757151633241323,-0.9145125194810526,-0.2110959525641372,0.8275028704755347,23,11,3,6,0
-0.400212506165804,-0.6166062365132736,0.5817695378109445,-0.2110959525641372,0.8512007686529224,0,12,3,0,0
-0.400212506165804,-0.3801705292698392,0.23647367843586825,-0.2110959525641372,0.8512007686529224,1,12,3,0,19
-0.4277798207220834,-0.3210616024589805,-0.6843152798976685,-0.2110959525641372,0.8512007686529224,2,12,3,0,19
-0.4921035546867354,0.32913659246046423,-0.4541180403142843,-0.2110959525641372,0.8630497177416248,3,12,3,0,19
-0.4737253449825492,0.32913659246046423,-1.259808378856129,-0.2110959525641372,0.8867476159190124,4,12,3,0,19
-0.4094016110178971,0.3882455192713229,-0.6843152798976685,-0.2110959525641372,0.9104455140964001,5,12,3,0,0
-0.400212506165804,0.1518098120278884,-0.4541180403142843,1.6348916798413717,0.9933881577172823,6,12,3,0,0
-0.44615803042626967,0.1518098120278884,-1.259808378856129,1.6348916798413717,1.1000286995155522,7,12,3,0,19
-0.32669966734905886,0.03359195840617116,-1.0296111392727447,1.6348916798413717,1.1592734449590298,8,12,3,0,19
-0.2531868285323137,-0.3210616024589805,-1.7202028580228972,1.6348916798413717,1.1592734449590298,9,12,3,0,23
-0.21643040912394107,-0.6166062365132736,-0.6843152798976685,-0.2824001958759379,1.1237265976929398,10,12,3,0,1
-0.20724130427184798,-1.0894776510001425,-1.0296111392727447,-0.2824001958759379,1.1118776486042377,11,12,3,0,1
-0.19805219941975483,-1.0894776510001425,-0.6843152798976685,1.6348916798413717,1.05263290316076,12,12,3,0,23
-0.1796739897155685,-1.2076955046218598,-0.22392080073090012,1.6348916798413717,0.9341434122738046,13,12,3,0,23
-0.10616115089882336,-1.2076955046218598,-1.0296111392727447,1.6348916798413717,0.874898666830327,14,12,3,0,23
-0.1796739897155685,-1.3850222850544356,-1.259808378856129,1.6348916798413717,0.7801070741207425,15,12,3,0,1
-0.12453936060300964,-1.1485865778110012,-1.259808378856129,-0.2110959525641372,0.6971644304998771,16,12,3,0,1
-0.14291757030719593,-1.1485865778110012,-1.0296111392727447,-0.2824001958759379,0.6142217868789949,17,12,3,0,1
-0.13372846545510278,-0.5574973097024151,-0.22392080073090012,-0.2110959525641372,0.5786749396129218,18,12,3,0,1
-0.13372846545510278,-0.4983883828915564,-0.22392080073090012,-0.2110959525641372,0.5312791432581295,19,12,3,0,1
-0.10616115089882336,-0.5574973097024151,-0.22392080073090012,-0.2110959525641372,0.46018544872594963,20,12,3,0,1
-0.14291757030719593,-0.4392794560806978,-0.22392080073090012,-0.2110959525641372,0.40094070328247194,21,12,3,0,23
-0.17048488486347538,-0.4392794560806978,-0.4541180403142843,-0.2110959525641372,0.3535449069276797,22,12,3,0,23
-0.2623759333844068,-0.3801705292698392,-0.4541180403142843,-0.2110959525641372,0.19950856877463438,23,12,3,0,23
-0.2991323527927794,-0.6757151633241323,-0.22392080073090012,-0.2110959525641372,0.06917012879897678,0,13,3,1,23
-0.3175105624969657,-0.1437348220264047,-0.22392080073090012,-0.2110959525641372,0.021774332444184544,1,13,3,1,25
-0.32669966734905886,-0.08462589521554607,-1.0296111392727447,-0.2110959525641372,-0.0019235657332031574,2,13,3,1,25
-0.2531868285323137,0.210918738838747,0.00627643885248406,-0.2110959525641372,-0.21520464932972613,3,13,3,1,1
-0.13372846545510278,0.03359195840617116,-0.9145125194810526,-0.2110959525641372,-0.3692409874827883,4,13,3,1,1
-0.13372846545510278,0.2700276656496056,-1.0296111392727447,-0.2110959525641372,-0.40478783474887825,5,13,3,1,1
-0.06940473149045077,0.03359195840617116,-0.6843152798976685,-0.6626894935388755,-0.5351262747245359,6,13,3,1,1
-0.14291757030719593,0.8020080069473332,-0.4541180403142843,-1.4232680888647506,-0.5232773256358336,7,13,3,1,29
0.031675421882573815,0.9202258605690504,-0.9145125194810526,-1.6847169810080203,-0.6536157656114912,8,13,3,1,29
-0.023459207229985065,1.0975526410016263,0.23647367843586825,-1.874861629839489,-0.6417668165227889,9,13,3,1,29
-0.09697204604673021,1.156661567812485,-0.4541180403142843,-2.001624729060468,-0.606219969256699,10,13,3,1,3
-0.08778294119463706,1.156661567812485,-0.4541180403142843,-1.8114800802289992,-0.5706731219906258,11,13,3,1,3
-0.032648312082078176,1.274879421434202,-0.6843152798976685,-1.8114800802289992,-0.48773047836974365,12,13,3,1,7
0.04086452673466697,1.156661567812485,-0.9145125194810526,-1.6847169810080203,-0.4995794274584459,13,13,3,1,7
0.17870109951606414,1.156661567812485,-0.9145125194810526,-1.6847169810080203,-0.5232773256358336,14,13,3,1,7
0.06843184129094639,1.156661567812485,-0.4541180403142843,-1.5579538817870409,-0.4995794274584459,15,13,3,1,7
0.022486317030480662,0.9202258605690504,-0.4541180403142843,-1.5579538817870409,-0.45218363110365367,16,13,3,1,18
-0.032648312082078176,0.9202258605690504,0.23647367843586825,-1.5579538817870409,-0.4403346820149514,17,13,3,1,18
-0.09697204604673021,0.9793347873799091,-0.22392080073090012,-1.5579538817870409,-0.3810899365714737,18,13,3,1,18
-0.15210667515928908,1.0384437141907676,0.23647367843586825,-1.6847169810080203,-0.30999624203929377,19,13,3,1,3
-0.20724130427184798,1.0384437141907676,0.23647367843586825,-1.6847169810080203,-0.3336941402166983,20,13,3,1,18
-0.32669966734905886,1.0975526410016263,0.5817695378109445,-1.8114800802289992,-0.21520464932972613,21,13,3,1,28
-0.2991323527927794,1.0975526410016263,-1.0296111392727447,-1.6847169810080203,-0.1441109547975462,22,13,3,1,18
-0.3175105624969657,1.0975526410016263,-0.6843152798976685,-1.8114800802289992,-0.08486620935406852,23,13,3,1,18
-0.32669966734905886,1.2157704946233434,-0.9145125194810526,-1.9382431794499786,-0.03747041299929313,0,14,3,2,7
-0.3175105624969657,1.274879421434202,-0.9145125194810526,-2.112542440878825,0.009925383355499112,1,14,3,2,7
-0.32669966734905886,1.274879421434202,-0.9145125194810526,-2.128387828281447,-0.0019235657332031574,2,14,3,2,7
-0.2623759333844068,1.452206201866778,-1.0296111392727447,-2.1442332156840695,0.009925383355499112,3,14,3,2,7
-0.28994324794068627,1.3339883482450607,-1.259808378856129,-2.1442332156840695,0.09286802697636448,4,14,3,2,7
-0.3175105624969657,1.274879421434202,-1.0296111392727447,-2.1442332156840695,0.21135751786333665,5,14,3,2,7
-0.3175105624969657,1.3339883482450607,-0.9145125194810526,-2.1442332156840695,0.2706022633068143,6,14,3,2,7
-0.27156503823649997,1.452206201866778,-1.0296111392727447,-2.001624729060468,0.36539385601638197,7,14,3,2,7
-0.24399772368022055,1.452206201866778,-1.0296111392727447,-1.9382431794499786,0.4838833469033373,8,14,3,2,28
-0.19805219941975483,1.452206201866778,-0.9145125194810526,-1.8114800802289992,0.5431280923468318,9,14,3,2,28
-0.18886309456766168,1.6886419091102125,-0.9145125194810526,-2.001624729060468,0.6142217868789949,10,14,3,2,40
-0.22561951397603425,1.8068597627319296,-1.0296111392727447,-2.0650062786709578,0.6497686341450849,11,14,3,2,40
-0.16129578001138223,1.8659686895427883,-1.259808378856129,-2.0333155038657127,0.7090133795885794,12,14,3,2,40
-0.06940473149045077,1.8068597627319296,-1.259808378856129,-1.8114800802289992,0.7327112777659671,13,14,3,2,28
-0.06940473149045077,1.7477508359210712,-0.9145125194810526,-1.5579538817870409,0.768258125032057,14,14,3,2,3
-0.1153502557509165,1.7477508359210712,-0.22392080073090012,-1.8114800802289992,0.8512007686529224,15,14,3,2,3
-0.12453936060300964,1.8068597627319296,-0.22392080073090012,-1.5579538817870409,0.9104455140964001,16,14,3,2,3
-0.1796739897155685,1.7477508359210712,0.00627643885248406,-1.4232680888647506,0.9933881577172823,17,14,3,2,7
-0.22561951397603425,1.7477508359210712,0.23647367843586825,-1.4232680888647506,1.1118776486042377,18,14,3,2,3
-0.2531868285323137,1.6886419091102125,0.00627643885248406,-1.5579538817870409,1.2066692413138054,19,14,3,2,40
-0.2807541430885931,1.6295329822993538,0.00627643885248406,-1.1697418904227923,1.2777629358459852,20,14,3,2,1
-0.3175105624969657,1.5704240554884952,0.23647367843586825,-1.1697418904227923,1.3251587322007774,21,14,3,2,1
-0.3542669819053383,1.5113151286776365,0.5817695378109445,-1.1697418904227923,1.3370076812894798,22,14,3,2,1
-0.3818342964616177,1.5113151286776365,0.00627643885248406,-1.1697418904227923,1.3962524267329575,23,14,3,2,1
-0.39102340131371083,1.452206201866778,0.4666709180192524,-1.1697418904227923,1.4081013758216427,0,15,3,3,1
-0.39102340131371083,1.452206201866778,0.4666709180192524,-1.1697418904227923,1.4436482230877328,1,15,3,3,1
-0.3726451916095246,1.452206201866778,-0.22392080073090012,-1.1697418904227923,1.4673461212651373,2,15,3,3,1
-0.3726451916095246,1.452206201866778,-0.4541180403142843,-1.1697418904227923,1.4199503249103451,3,15,3,3,1
-0.3542669819053383,1.452206201866778,0.23647367843586825,-1.1697418904227923,1.4317992739990473,4,15,3,3,1
-0.3726451916095246,1.452206201866778,0.00627643885248406,-1.1697418904227923,1.526590866708615,5,15,3,3,1
-0.3818342964616177,1.3930972750559194,0.5817695378109445,-0.9162156919808337,1.5502887648860026,6,15,3,3,1
-0.4094016110178971,1.3339883482450607,-0.22392080073090012,-0.9162156919808337,1.597684561240795,7,15,3,3,1
-0.4277798207220834,1.274879421434202,0.23647367843586825,-0.6626894935388755,1.6213824594181827,8,15,3,3,1
-0.41859071586999036,1.2157704946233434,0.5817695378109445,-0.9162156919808337,1.5858356121520927,9,15,3,3,1
-0.3818342964616177,1.0975526410016263,0.8119667773943287,-0.6626894935388755,1.491044019442525,10,15,3,3,1
-0.3542669819053383,0.9793347873799091,0.4666709180192524,-0.2824001958759379,1.3962524267329575,11,15,3,3,1
-0.2991323527927794,0.8020080069473332,0.4666709180192524,-0.2824001958759379,1.3370076812894798,12,15,3,3,1
-0.2348086188281274,0.6246812265147573,0.8119667773943287,-0.2824001958759379,1.2659139867572997,13,15,3,3,1
-0.24399772368022055,0.6246812265147573,0.8119667773943287,-0.2824001958759379,1.1829713431364175,14,15,3,3,1
-0.1796739897155685,0.6246812265147573,1.0421640169777129,-0.2824001958759379,1.1237265976929398,15,15,3,3,23
-0.22561951397603425,0.6246812265147573,0.5817695378109445,-0.2824001958759379,1.1118776486042377,16,15,3,3,23
-0.2623759333844068,0.683790153325616,1.272361256561097,-0.2824001958759379,1.1000286995155522,17,15,3,3,23
-0.2623759333844068,0.8020080069473332,0.8119667773943287,-0.2824001958759379,1.1000286995155522,18,15,3,3,25
-0.27156503823649997,0.8611169337581918,1.5025584961444813,-0.2110959525641372,0.98153920862858,19,15,3,3,23
-0.2531868285323137,0.9793347873799091,1.0421640169777129,-0.2110959525641372,0.9578413104511924,20,15,3,3,23
-0.19805219941975483,1.274879421434202,1.5025584961444813,-0.2110959525641372,0.8867476159190124,21,15,3,3,25
-0.18886309456766168,1.274879421434202,0.5817695378109445,-0.2110959525641372,0.8512007686529224,22,15,3,3,23
-0.21643040912394107,1.274879421434202,0.4666709180192524,-0.2110959525641372,0.768258125032057,23,15,3,3,23
-0.19805219941975483,1.3339883482450607,0.4666709180192524,-0.2110959525641372,0.7327112777659671,0,16,3,4,1
-0.1796739897155685,1.3930972750559194,0.00627643885248406,-0.2110959525641372,0.5786749396129218,1,16,3,4,25
-0.21643040912394107,1.5704240554884952,0.23647367843586825,-1.1697418904227923,0.6023728377903095,2,16,3,4,24
-0.18886309456766168,1.6886419091102125,0.4666709180192524,-1.6847169810080203,0.4838833469033373,3,16,3,4,24
-0.18886309456766168,1.6886419091102125,0.23647367843586825,-1.8114800802289992,0.40094070328247194,4,16,3,4,24
-0.20724130427184798,1.7477508359210712,0.5817695378109445,-1.8114800802289992,0.36539385601638197,5,16,3,4,24
-0.21643040912394107,1.7477508359210712,1.0421640169777129,-1.6847169810080203,0.40094070328247194,6,16,3,4,28
-0.1796739897155685,1.6886419091102125,0.4666709180192524,-1.8114800802289992,0.37724280510508423,7,16,3,4,28
-0.17048488486347538,1.7477508359210712,0.00627643885248406,-1.874861629839489,0.3890917541937697,8,16,3,4,28
-0.17048488486347538,1.7477508359210712,0.23647367843586825,-1.874861629839489,0.42463860145985965,9,16,3,4,28
-0.13372846545510278,1.7477508359210712,-0.22392080073090012,-1.8114800802289992,0.42463860145985965,10,16,3,4,28
-0.1153502557509165,1.6886419091102125,-0.22392080073090012,-1.5579538817870409,0.4127896523711742,11,16,3,4,28
-0.05102652178626448,1.6886419091102125,-1.0296111392727447,-1.5579538817870409,0.4364875505485619,12,16,3,4,7
0.022486317030480662,1.7477508359210712,-1.0296111392727447,-1.4232680888647506,0.3890917541937697,13,16,3,4,7
0.05924273643885328,1.6295329822993538,-0.4541180403142843,-1.4232680888647506,0.4127896523711742,14,16,3,4,7
0.05924273643885328,1.7477508359210712,-0.9145125194810526,-1.6847169810080203,0.5075812450807419,15,16,3,4,7
0.0868100509951327,1.6295329822993538,-1.259808378856129,-1.5579538817870409,0.5668259905242196,16,16,3,4,7
0.05924273643885328,1.5704240554884952,-0.9145125194810526,-1.5579538817870409,0.6616175832337872,17,16,3,4,7
0.05924273643885328,1.6886419091102125,-0.9145125194810526,-1.8114800802289992,0.7801070741207425,18,16,3,4,3
0.05924273643885328,1.6886419091102125,-1.7202028580228972,-1.9382431794499786,0.8512007686529224,19,16,3,4,3
0.06843184129094639,1.7477508359210712,-1.7202028580228972,-2.0333155038657127,1.0407839540720745,20,16,3,4,3
0.105188260699319,1.8068597627319296,-0.9145125194810526,-1.9382431794499786,1.0407839540720745,21,16,3,4,3
0.07762094614303955,1.7477508359210712,-1.7202028580228972,-1.6847169810080203,1.1711223940477322,22,16,3,4,3
0.06843184129094639,1.7477508359210712,-1.7202028580228972,-1.9382431794499786,1.2066692413138054,23,16,3,4,3
0.0868100509951327,1.8068597627319296,-1.259808378856129,-2.0650062786709578,1.1829713431364175,0,17,3,5,3
0.013297212178387549,1.8068597627319296,-1.0296111392727447,-2.1442332156840695,1.1829713431364175,1,17,3,5,7
-0.005080997525798757,1.8659686895427883,-1.259808378856129,-2.1759239904893146,1.23036713949121,2,17,3,5,7
-0.08778294119463706,1.8659686895427883,-1.259808378856129,-2.1759239904893146,1.2422160885798952,3,17,3,5,7
-0.22561951397603425,1.8659686895427883,-1.7202028580228972,-2.1759239904893146,1.3014608340233897,4,17,3,5,7
-0.2623759333844068,1.8659686895427883,-1.7202028580228972,-2.128387828281447,1.3607055794668674,5,17,3,5,12
-0.27156503823649997,1.8068597627319296,-1.259808378856129,-2.1759239904893146,1.4317992739990473,6,17,3,5,12
-0.19805219941975483,1.8659686895427883,-1.7202028580228972,-2.1759239904893146,1.526590866708615,7,17,3,5,7
-0.15210667515928908,1.8659686895427883,-1.7202028580228972,-2.1759239904893146,1.5858356121520927,8,17,3,5,7
-0.09697204604673021,1.8659686895427883,-1.259808378856129,-2.1759239904893146,1.5739866630633905,9,17,3,5,7
0.004108107326294396,1.925077616353647,-1.7202028580228972,-2.1759239904893146,1.562137713974705,10,17,3,5,7
0.11437736555141212,1.8068597627319296,-1.259808378856129,-2.1442332156840695,1.526590866708615,11,17,3,5,7
0.2522139383328093,1.7477508359210712,-1.259808378856129,-1.4232680888647506,1.5028929685312105,12,17,3,5,7
0.3349158820016476,1.2157704946233434,-0.9145125194810526,-0.9162156919808337,1.3370076812894798,13,17,3,5,1
0.16032288981187784,0.210918738838747,-0.9145125194810526,-0.2824001958759379,1.2777629358459852,14,17,3,5,1
0.16951199466397104,-0.025516968404687458,-1.0296111392727447,-0.2824001958759379,1.2066692413138054,15,17,3,5,1
0.14194468010769154,-0.1437348220264047,-0.9145125194810526,1.6348916798413717,1.1474244958703277,16,17,3,5,1
0.19707930922025046,0.09270088521702978,-0.6843152798976685,1.6348916798413717,1.08817975042685,17,17,3,5,1
0.2614030431849025,0.32913659246046423,-0.9145125194810526,1.6348916798413717,1.0644818522494623,18,17,3,5,1
0.3073485674453682,0.5655722997038988,-1.0296111392727447,-0.2110959525641372,1.0407839540720745,19,17,3,5,1
0.24302483348071618,0.5064633728930401,-1.7202028580228972,-0.2110959525641372,1.0289350049833723,20,17,3,5,1
0.2705921480369956,0.7428990801364745,-1.259808378856129,-0.2110959525641372,0.8867476159190124,21,17,3,5,23
0.21545751892443676,0.8611169337581918,-1.7202028580228972,-0.2110959525641372,0.8512007686529224,22,17,3,5,19
0.19707930922025046,1.156661567812485,-0.9145125194810526,-0.2110959525641372,0.8630497177416248,23,17,3,5,19
0.022486317030480662,1.5113151286776365,-1.259808378856129,-0.2110959525641372,0.8275028704755347,0,18,3,6,19
0.0868100509951327,1.274879421434202,-1.7202028580228972,-0.2110959525641372,0.8156539213868325,1,18,3,6,23
0.04086452673466697,1.3930972750559194,-1.0296111392727447,-0.2110959525641372,0.7801070741207425,2,18,3,6,19
-0.01427010237789191,1.3339883482450607,-0.9145125194810526,-0.2110959525641372,0.7208623286772649,3,18,3,6,0
-0.023459207229985065,1.5704240554884952,-1.0296111392727447,-0.2110959525641372,0.7564091759433548,4,18,3,6,0
-0.01427010237789191,1.452206201866778,-1.0296111392727447,-0.2110959525641372,0.768258125032057,5,18,3,6,0
0.004108107326294396,1.5113151286776365,-0.9145125194810526,-0.2824001958759379,0.7919560232094448,6,18,3,6,0
0.105188260699319,1.3930972750559194,-1.259808378856129,1.6348916798413717,0.8630497177416248,7,18,3,6,19
0.298159462593275,0.8020080069473332,-0.4541180403142843,1.6348916798413717,0.874898666830327,8,18,3,6,19
0.3716723014100201,0.5655722997038988,-0.4541180403142843,1.6348916798413717,0.8985965650077147,9,18,3,6,19
0.3808614062621134,0.1518098120278884,-0.22392080073090012,1.6348916798413717,0.8630497177416248,10,18,3,6,19
0.4635633499309516,-0.1437348220264047,-0.22392080073090012,1.6348916798413717,0.7801070741207425,11,18,3,6,0
0.5646435033039762,-0.6166062365132736,-0.4541180403142843,1.6348916798413717,0.6853154814111748,12,18,3,6,0
0.674912761529094,-0.9121508705675667,0.00627643885248406,1.6348916798413717,0.5905238887016072,13,18,3,6,19
0.7300473906416528,-1.0894776510001425,-0.22392080073090012,1.6348916798413717,0.4720343978146519,14,18,3,6,19
0.7208582857895597,-1.2076955046218598,0.00627643885248406,1.6348916798413717,0.40094070328247194,15,18,3,6,19
0.748425600345839,-1.2076955046218598,-0.4541180403142843,1.6348916798413717,0.3535449069276797,16,18,3,6,19
0.7759929149021185,-1.030368724189284,-1.0296111392727447,1.6348916798413717,0.3179980596615897,17,18,3,6,23
0.6932909712332802,-0.5574973097024151,-0.6843152798976685,1.6348916798413717,0.3179980596615897,18,18,3,6,23
0.6657236566770008,-0.3210616024589805,-1.7202028580228972,-0.2110959525641372,0.294300161484202,19,18,3,6,19
0.555454398451883,0.5064633728930401,-0.9145125194810526,-0.2110959525641372,0.34169595783899426,20,18,3,6,0
0.6105890275644419,0.5064633728930401,-1.259808378856129,-0.2110959525641372,0.37724280510508423,21,18,3,6,19
0.5830217130081625,0.6246812265147573,-0.9145125194810526,-0.2110959525641372,0.40094070328247194,22,18,3,6,19
0.4911306644872311,0.9202258605690504,-1.0296111392727447,-0.2110959525641372,0.37724280510508423,23,18,3,6,19
0.4635633499309516,1.0975526410016263,-1.0296111392727447,-0.2110959525641372,0.37724280510508423,0,19,3,0,19
0.5462652935997899,1.0975526410016263,-1.0296111392727447,-0.2110959525641372,0.40094070328247194,1,19,3,0,0
0.555454398451883,1.156661567812485,-1.259808378856129,-0.2110959525641372,0.4364875505485619,2,19,3,0,0
0.5278870838956037,1.2157704946233434,-0.4541180403142843,-0.2110959525641372,0.4364875505485619,3,19,3,0,0
0.5922108178602556,1.0975526410016263,-1.0296111392727447,-0.2110959525641372,0.5194301941694273,4,19,3,0,0
0.5095088741914173,1.3339883482450607,-0.9145125194810526,-0.2110959525641372,0.5312791432581295,5,19,3,0,0
0.6289672372686282,1.2157704946233434,-1.259808378856129,-0.2824001958759379,0.6023728377903095,6,19,3,0,19
0.5462652935997899,1.3930972750559194,-1.7202028580228972,-1.1697418904227923,0.6379196850563994,7,19,3,0,23
0.674912761529094,1.2157704946233434,-0.9145125194810526,-1.1697418904227923,0.7327112777659671,8,19,3,0,23
0.7300473906416528,0.7428990801364745,-1.0296111392727447,-1.1697418904227923,0.7801070741207425,9,19,3,0,19
0.7759929149021185,0.3882455192713229,-1.0296111392727447,-0.9162156919808337,0.8275028704755347,10,19,3,0,19
0.8311275440146774,-0.025516968404687458,-1.259808378856129,-0.9162156919808337,0.8275028704755347,11,19,3,0,19
0.86788396342305,-0.3801705292698392,-1.259808378856129,-0.6626894935388755,0.8275028704755347,12,19,3,0,19
0.7759929149021185,-0.3210616024589805,0.4666709180192524,-0.6626894935388755,0.7919560232094448,13,19,3,0,19
0.674912761529094,-0.2619526756481219,0.00627643885248406,-0.2824001958759379,0.7919560232094448,14,19,3,0,19
0.6841018663811871,-0.08462589521554607,0.23647367843586825,-0.2824001958759379,0.7801070741207425,15,19,3,0,19
0.6565345518249076,-0.2028437488372633,-0.4541180403142843,-0.2824001958759379,0.7208623286772649,16,19,3,0,19
0.6013999227123488,-0.2028437488372633,-0.22392080073090012,-0.2824001958759379,0.7208623286772649,17,19,3,0,19
0.4911306644872311,-0.025516968404687458,0.4666709180192524,-0.2824001958759379,0.7327112777659671,18,19,3,0,19
0.3808614062621134,0.03359195840617116,0.00627643885248406,-0.2110959525641372,0.7801070741207425,19,19,3,0,19
0.2614030431849025,0.1518098120278884,-0.22392080073090012,-0.2110959525641372,0.8867476159190124,20,19,3,0,19
0.14194468010769154,0.09270088521702978,0.00627643885248406,-0.2110959525641372,0.8867476159190124,21,19,3,0,0
0.013297212178387549,-0.08462589521554607,0.23647367843586825,-0.2110959525641372,0.9222944631851023,22,19,3,0,0
-0.06940473149045077,0.09270088521702978,-0.6843152798976685,-0.2110959525641372,0.9578413104511924,23,19,3,0,0
-0.14291757030719593,-0.1437348220264047,-0.4541180403142843,-0.2110959525641372,0.9459923613624901,0,20,3,1,0
-0.17048488486347538,0.03359195840617116,-0.4541180403142843,-0.2110959525641372,0.9459923613624901,1,20,3,1,0
-0.19805219941975483,0.09270088521702978,-0.4541180403142843,-0.2110959525641372,0.9459923613624901,2,20,3,1,0
-0.21643040912394107,0.1518098120278884,-0.9145125194810526,-0.2110959525641372,0.9578413104511924,3,20,3,1,0
-0.2531868285323137,0.03359195840617116,-1.259808378856129,-0.2110959525641372,0.98153920862858,4,20,3,1,0
-0.2623759333844068,0.09270088521702978,-0.9145125194810526,-0.2110959525641372,1.0289350049833723,5,20,3,1,0
-0.28994324794068627,0.5064633728930401,-1.259808378856129,-0.2824001958759379,1.08817975042685,6,20,3,1,0
-0.24399772368022055,-0.025516968404687458,-1.259808378856129,-0.2824001958759379,1.1237265976929398,7,20,3,1,0
-0.1796739897155685,-0.4392794560806978,-1.0296111392727447,-0.2824001958759379,1.2185181904025075,8,20,3,1,0
-0.1153502557509165,-0.853041943756708,-1.7202028580228972,-0.6626894935388755,1.23036713949121,9,20,3,1,19
0.004108107326294396,-1.030368724189284,-1.259808378856129,-0.2824001958759379,1.2066692413138054,10,20,3,1,19
0.13275557525559842,-1.1485865778110012,-1.0296111392727447,-0.2824001958759379,1.1474244958703277,11,20,3,1,0
0.3808614062621134,-0.9121508705675667,-0.6843152798976685,-0.2824001958759379,1.1000286995155522,12,20,3,1,0
0.7576147051979323,-0.7348240901349908,-0.22392080073090012,-0.2824001958759379,1.0407839540720745,13,20,3,1,0
0.8495057537188638,-0.7939330169458495,-0.4541180403142843,-0.2824001958759379,0.9222944631851023,14,20,3,1,0
0.8954512779793296,-0.9121508705675667,-0.6843152798976685,-0.2824001958759379,0.8630497177416248,15,20,3,1,0
0.8770730682751431,-1.0894776510001425,-0.9145125194810526,-0.2824001958759379,0.8038049722981471,16,20,3,1,0
0.8770730682751431,-0.853041943756708,-0.9145125194810526,-0.2824001958759379,0.7919560232094448,17,20,3,1,0
0.8403166488667705,-0.4392794560806978,-1.259808378856129,-0.2824001958759379,0.8156539213868325,18,20,3,1,0
0.7668038100500254,-0.1437348220264047,-1.0296111392727447,-0.2110959525641372,0.874898666830327,19,20,3,1,0
0.8311275440146774,-0.08462589521554607,-1.259808378856129,-0.2110959525641372,0.9459923613624901,20,20,3,1,0
0.7668038100500254,0.2700276656496056,-1.0296111392727447,-0.2110959525641372,0.9933881577172823,21,20,3,1,0
0.7116691809374666,0.5655722997038988,-1.259808378856129,-0.2110959525641372,1.0052371068059847,22,20,3,1,0
0.748425600345839,0.683790153325616,-1.0296111392727447,-0.2110959525641372,1.01708605589467,23,20,3,1,0
0.7759929149021185,0.8611169337581918,-0.6843152798976685,-0.2110959525641372,1.0052371068059847,0,21,3,2,0
0.7300473906416528,1.2157704946233434,-1.259808378856129,-0.2110959525641372,1.0289350049833723,1,21,3,2,0
0.7116691809374666,1.3930972750559194,-1.0296111392727447,-0.2110959525641372,1.0407839540720745,2,21,3,2,0
0.6657236566770008,1.3339883482450607,-1.259808378856129,-0.2110959525641372,1.0407839540720745,3,21,3,2,0
0.6013999227123488,1.3339883482450607,-1.7202028580228972,-0.2110959525641372,1.0644818522494623,4,21,3,2,0
0.5738326081560694,1.452206201866778,-1.7202028580228972,-0.2110959525641372,1.1474244958703277,5,21,3,2,0
0.555454398451883,1.5704240554884952,-1.259808378856129,-1.4232680888647506,1.2066692413138054,6,21,3,2,7
0.674912761529094,1.3930972750559194,-1.259808378856129,-1.4232680888647506,1.2422160885798952,7,21,3,2,7
0.8219384391625842,1.0975526410016263,-0.6843152798976685,-1.1697418904227923,1.3014608340233897,8,21,3,2,0
0.8495057537188638,0.5655722997038988,-0.9145125194810526,-0.6626894935388755,1.3251587322007774,9,21,3,2,0
0.9138294876835157,0.09270088521702978,-0.22392080073090012,-0.2824001958759379,1.23036713949121,10,21,3,2,0
0.8954512779793296,-0.4392794560806978,0.00627643885248406,-0.2824001958759379,1.1355755467816422,11,21,3,2,0
0.9230185925356088,-0.7939330169458495,0.00627643885248406,-0.2824001958759379,1.05263290316076,12,21,3,2,0
0.8770730682751431,-1.1485865778110012,0.23647367843586825,-0.2824001958759379,0.9459923613624901,13,21,3,2,0
0.8770730682751431,-1.3259133582435771,-0.22392080073090012,-0.2824001958759379,0.8512007686529224,14,21,3,2,0
0.86788396342305,-1.4441312118652943,0.23647367843586825,1.6348916798413717,0.7919560232094448,15,21,3,2,0
0.7759929149021185,-1.6214579922978702,0.23647367843586825,1.6348916798413717,0.7564091759433548,16,21,3,2,0
0.748425600345839,-1.6214579922978702,-0.22392080073090012,1.6348916798413717,0.7445602268546694,17,21,3,2,0
0.6565345518249076,-1.0894776510001425,-0.6843152798976685,1.6348916798413717,0.7327112777659671,18,21,3,2,0
0.6013999227123488,-0.4983883828915564,-1.0296111392727447,-0.2110959525641372,0.7327112777659671,19,21,3,2,0
0.5830217130081625,-0.7939330169458495,-0.9145125194810526,-0.2110959525641372,0.768258125032057,20,21,3,2,0
0.6565345518249076,-0.1437348220264047,-0.22392080073090012,-0.2110959525641372,0.7445602268546694,21,21,3,2,0
0.7300473906416528,-0.3210616024589805,-0.9145125194810526,-0.2110959525641372,0.7208623286772649,22,21,3,2,0
0.6381563421207214,-0.2619526756481219,-0.9145125194810526,-0.2110959525641372,0.7208623286772649,23,21,3,2,0
0.6013999227123488,-0.4392794560806978,-0.22392080073090012,-0.2110959525641372,0.6853154814111748,0,22,3,3,0
0.5646435033039762,-0.2028437488372633,-0.4541180403142843,-0.2110959525641372,0.6734665323224894,1,22,3,3,0
0.5646435033039762,-0.08462589521554607,-0.9145125194810526,-0.2110959525641372,0.6379196850563994,2,22,3,3,0
0.44518514022676536,0.6246812265147573,-0.6843152798976685,-0.2110959525641372,0.6023728377903095,3,22,3,3,0
0.5370761887476968,0.32913659246046423,-1.0296111392727447,-0.2110959525641372,0.5786749396129218,4,22,3,3,0
0.5462652935997899,0.4473544460821815,-0.22392080073090012,-0.2110959525641372,0.6379196850563994,5,22,3,3,0
0.5922108178602556,0.32913659246046423,0.00627643885248406,1.6348916798413717,0.6142217868789949,6,22,3,3,23
0.6381563421207214,0.32913659246046423,0.8119667773943287,-0.2824001958759379,0.5905238887016072,7,22,3,3,19
0.674912761529094,0.1518098120278884,0.00627643885248406,-0.2824001958759379,0.5905238887016072,8,22,3,3,19
0.7208582857895597,-0.2028437488372633,0.8119667773943287,-0.2824001958759379,0.5668259905242196,9,22,3,3,19
0.8127493343104911,-0.4983883828915564,0.23647367843586825,-0.2824001958759379,0.6142217868789949,10,22,3,3,19
0.8586948585709568,-0.5574973097024151,0.00627643885248406,-0.2824001958759379,0.5549770414355173,11,22,3,3,19
0.86788396342305,-1.030368724189284,0.5817695378109445,-0.2824001958759379,0.5312791432581295,12,22,3,3,23
0.8770730682751431,-1.0894776510001425,0.4666709180192524,-0.2824001958759379,0.4483364996372642,13,22,3,3,23
0.9230185925356088,-0.853041943756708,0.23647367843586825,-0.2824001958759379,0.4127896523711742,14,22,3,3,1
0.9413968022397953,-0.5574973097024151,-1.0296111392727447,-0.2824001958759379,0.3890917541937697,15,22,3,3,1
0.8954512779793296,-0.853041943756708,-0.22392080073090012,-0.2824001958759379,0.329847008750292,16,22,3,3,23
0.8862621731272362,-0.3801705292698392,-0.4541180403142843,-0.2824001958759379,0.40094070328247194,17,22,3,3,23
0.8219384391625842,-0.1437348220264047,0.4666709180192524,-0.2824001958759379,0.5075812450807419,18,22,3,3,25
0.6289672372686282,-0.3210616024589805,-0.22392080073090012,-0.2110959525641372,0.5549770414355173,19,22,3,3,25
0.5462652935997899,-0.1437348220264047,-0.4541180403142843,-0.2110959525641372,0.6260707359676971,20,22,3,3,19
0.44518514022676536,0.32913659246046423,-0.9145125194810526,-0.2110959525641372,0.6379196850563994,21,22,3,3,19
0.3900505111142065,0.4473544460821815,-0.9145125194810526,-0.2110959525641372,0.6616175832337872,22,22,3,3,19
0.4268069305225791,0.5064633728930401,-1.0296111392727447,-0.2110959525641372,0.6734665323224894,23,22,3,3,0
0.41761782567048583,0.7428990801364745,-0.9145125194810526,-0.2110959525641372,0.7327112777659671,0,23,3,4,19
0.4543742450788585,0.9202258605690504,-1.7202028580228972,-0.2110959525641372,0.768258125032057,1,23,3,4,19
0.36248319655792705,1.0384437141907676,-0.6843152798976685,-0.2110959525641372,0.7801070741207425,2,23,3,4,19
0.3532940917058339,1.0384437141907676,-0.6843152798976685,-0.2110959525641372,0.7919560232094448,3,23,3,4,19
0.34410498685374075,0.8611169337581918,-0.9145125194810526,-0.2110959525641372,0.839351819564237,4,23,3,4,0
0.24302483348071618,0.8611169337581918,-0.6843152798976685,-0.2110959525641372,0.9459923613624901,5,23,3,4,0
0.031675421882573815,0.5655722997038988,-0.9145125194810526,-0.2110959525641372,1.0052371068059847,6,23,3,4,0
0.04086452673466697,0.09270088521702978,-1.7202028580228972,1.6348916798413717,1.0407839540720745,7,23,3,4,0
-0.06940473149045077,-0.9121508705675667,-1.7202028580228972,1.6348916798413717,1.0407839540720745,8,23,3,4,0
-0.023459207229985065,-1.0894776510001425,-1.259808378856129,1.6348916798413717,1.05263290316076,9,23,3,4,0
-0.22561951397603425,-1.798784772730446,0.23647367843586825,1.6348916798413717,1.0407839540720745,10,23,3,4,0
-0.5104817643909217,-2.271656187217315,0.00627643885248406,1.6348916798413717,0.9696902595398946,11,23,3,4,0
-0.4645362401304561,-2.3307651140281735,-0.4541180403142843,1.6348916798413717,0.8985965650077147,12,23,3,4,19
-0.44615803042626967,-2.389874040839032,-0.9145125194810526,1.6348916798413717,0.7801070741207425,13,23,3,4,23
-0.8596677487704613,-2.8627454553259013,0.00627643885248406,1.6348916798413717,0.7208623286772649,14,23,3,4,23
-0.8596677487704613,-2.8036365285150424,0.00627643885248406,1.6348916798413717,0.6853154814111748,15,23,3,4,23
-1.0618280555165105,-2.9218543821367597,0.8119667773943287,1.6348916798413717,0.6497686341450849,16,23,3,4,1
-0.7034529662848779,-2.5080918944607493,-0.22392080073090012,1.6348916798413717,0.6734665323224894,17,23,3,4,1
-0.7677767002495297,-2.448982967649891,-0.22392080073090012,1.6348916798413717,0.6971644304998771,18,23,3,4,1
-0.7402093856932505,-2.271656187217315,-0.4541180403142843,-0.2110959525641372,0.7445602268546694,19,23,3,4,23
-0.776965805101623,-2.212547260406456,-1.0296111392727447,-0.2110959525641372,0.7919560232094448,20,23,3,4,1
-0.969937006995579,-2.448982967649891,0.00627643885248406,-0.2110959525641372,0.768258125032057,21,23,3,4,23
-1.0526389506644174,-2.567200821271608,0.4666709180192524,-0.2110959525641372,0.8038049722981471,22,23,3,4,1
-1.034260740960231,-2.448982967649891,0.4666709180192524,-0.2110959525641372,0.8630497177416248,23,23,3,4,23
-1.0710171603686036,-2.3307651140281735,0.8119667773943287,-0.2110959525641372,0.8867476159190124,0,24,3,5,23
-1.0985844749248832,-2.271656187217315,0.5817695378109445,-0.2110959525641372,0.9459923613624901,1,24,3,5,19
-1.2088537331500009,-2.271656187217315,0.4666709180192524,-0.2110959525641372,0.9578413104511924,2,24,3,5,23
-1.0985844749248832,-1.9761115531630218,0.8119667773943287,-0.2110959525641372,0.9578413104511924,3,24,3,5,23
-1.0526389506644174,-1.798784772730446,-0.22392080073090012,-0.2110959525641372,0.98153920862858,4,24,3,5,1
-1.0158825312560449,-1.5623490654870116,0.4666709180192524,-0.2110959525641372,0.9933881577172823,5,24,3,5,1
-1.0434498458123243,-1.5623490654870116,0.4666709180192524,-0.2824001958759379,1.0407839540720745,6,24,3,5,1
-1.08939537007279,-1.6214579922978702,0.00627643885248406,-0.2824001958759379,1.08817975042685,7,24,3,5,1
-1.0985844749248832,-1.6214579922978702,0.4666709180192524,-0.2824001958759379,1.1000286995155522,8,24,3,5,1
-1.2639883622625596,-1.9761115531630218,0.8119667773943287,1.6348916798413717,1.05263290316076,9,24,3,5,1
-1.1077735797769763,-1.798784772730446,0.8119667773943287,1.6348916798413717,0.9933881577172823,10,24,3,5,1
-1.2547992574104665,-2.0352204799738804,0.8119667773943287,1.6348916798413717,0.9578413104511924,11,24,3,5,1
-1.1812864185937215,-2.0352204799738804,0.4666709180192524,1.6348916798413717,0.8867476159190124,12,24,3,5,1
-1.2364210477062803,-2.1534383335955978,0.4666709180192524,1.6348916798413717,0.8156539213868325,13,24,3,5,1
-1.034260740960231,-1.9761115531630218,-0.6843152798976685,1.6348916798413717,0.7445602268546694,14,24,3,5,1
-1.1353408943332557,-2.094329406784739,-1.259808378856129,1.6348916798413717,0.6616175832337872,15,24,3,5,1
-1.1077735797769763,-2.094329406784739,-0.9145125194810526,1.6348916798413717,0.5668259905242196,16,24,3,5,1
-1.1812864185937215,-2.212547260406456,-0.22392080073090012,1.6348916798413717,0.49573229599203955,17,24,3,5,1
-1.1445299991853488,-2.1534383335955978,-0.22392080073090012,1.6348916798413717,0.4838833469033373,18,24,3,5,1
-1.0066934264039518,-1.9761115531630218,-0.22392080073090012,-0.2110959525641372,0.3890917541937697,19,24,3,5,1
-0.9148023778830202,-1.798784772730446,-0.6843152798976685,-0.2110959525641372,0.3535449069276797,20,24,3,5,1
-0.9791261118476722,-1.9761115531630218,-0.6843152798976685,-0.2110959525641372,0.2706022633068143,21,24,3,5,1
-0.9515587972913927,-1.9170026263521631,-0.4541180403142843,-0.2110959525641372,0.19950856877463438,22,24,3,5,1
-0.8964241681788339,-1.798784772730446,-0.9145125194810526,-0.2110959525641372,0.11656592515376903,23,24,3,5,25
-0.7585875953974367,-1.4441312118652943,0.5817695378109445,-0.2110959525641372,-0.0019235657332031574,0,25,3,6,24
-0.8045331196579024,-1.5623490654870116,-0.22392080073090012,-0.2110959525641372,-0.025621463910590857,1,25,3,6,1
-0.6942638614327847,-1.3259133582435771,-0.6843152798976685,-0.2110959525641372,-0.16780885297495074,2,25,3,6,25
-0.6207510226160394,-1.0894776510001425,-0.9145125194810526,-0.2110959525641372,-0.2507514965958161,3,25,3,6,1
-0.6299401274681325,-1.030368724189284,0.4666709180192524,-0.2110959525641372,-0.30999624203929377,4,25,3,6,1
-0.5012926595388286,-0.4983883828915564,-0.4541180403142843,-0.2110959525641372,-0.3810899365714737,5,25,3,6,1
-0.3175105624969657,0.210918738838747,0.00627643885248406,-0.2824001958759379,-0.34554308930538374,6,25,3,6,25
-0.15210667515928908,1.274879421434202,0.23647367843586825,-0.2824001958759379,-0.34554308930538374,7,25,3,6,24
-0.09697204604673021,1.3339883482450607,-1.0296111392727447,-0.2824001958759379,-0.3692409874827883,8,25,3,6,24
-0.05102652178626448,1.452206201866778,-1.7202028580228972,-1.6847169810080203,-0.40478783474887825,9,25,3,6,28
0.013297212178387549,1.452206201866778,-1.7202028580228972,-1.1697418904227923,-0.46403258019235594,10,25,3,6,1
0.09599915584722585,1.274879421434202,-1.0296111392727447,-0.9162156919808337,-0.5588241729019235,11,25,3,6,1
0.105188260699319,1.0975526410016263,-1.0296111392727447,-0.2824001958759379,-0.606219969256699,12,25,3,6,1
0.13275557525559842,0.9202258605690504,-1.0296111392727447,-0.2824001958759379,-0.6891626128775812,13,25,3,6,1
0.14194468010769154,0.683790153325616,-0.4541180403142843,-0.2824001958759379,-0.7839542055871488,14,25,3,6,1
0.18789020436815726,0.8020080069473332,-0.6843152798976685,-0.2824001958759379,-0.9024436964741042,15,25,3,6,23
0.20626841407234356,0.6246812265147573,-0.6843152798976685,-0.2824001958759379,-0.9261415946515087,16,25,3,6,1
0.2522139383328093,0.5655722997038988,-0.9145125194810526,-0.2824001958759379,-0.9379905437401941,17,25,3,6,1
0.2889703577411819,0.7428990801364745,-0.9145125194810526,-0.2824001958759379,-0.9142926455628064,18,25,3,6,23
0.24302483348071618,0.683790153325616,-1.259808378856129,-0.2110959525641372,-0.9498394928288963,19,25,3,6,19
0.21545751892443676,1.0384437141907676,-0.9145125194810526,-0.2110959525641372,-0.9853863400949864,20,25,3,6,23
0.2889703577411819,0.9793347873799091,-0.22392080073090012,-0.2110959525641372,-0.9972352891836886,21,25,3,6,19
0.2705921480369956,1.156661567812485,-0.4541180403142843,-0.2110959525641372,-1.044631085538464,22,25,3,6,19
0.20626841407234356,1.274879421434202,-0.4541180403142843,-0.2110959525641372,-1.1038758309819416,23,25,3,6,23
0.105188260699319,0.6246812265147573,1.0421640169777129,-0.2110959525641372,-1.0209331873610763,0,26,3,0,25
-0.4094016110178971,-0.2619526756481219,2.078051595102942,-0.2110959525641372,-0.9024436964741042,1,26,3,0,25
-0.5748054983555737,-0.2619526756481219,1.272361256561097,-0.2110959525641372,-0.7721052564984465,2,26,3,0,1
-1.0526389506644174,-1.1485865778110012,1.272361256561097,-0.2110959525641372,-0.5351262747245359,3,26,3,0,23
-1.1904755234458146,-1.0894776510001425,0.8119667773943287,-0.2110959525641372,-0.3692409874827883,4,26,3,0,0
-1.2364210477062803,-1.030368724189284,0.5817695378109445,-0.2110959525641372,-0.2270535984184284,5,26,3,0,0
-1.466148669008609,-1.2076955046218598,1.9629529753112496,-0.2824001958759379,-0.025621463910590857,6,26,3,0,0
-1.4845268787127952,-1.2668044314327185,1.272361256561097,1.6348916798413717,0.16396172150854443,7,26,3,0,19
-1.3926358301918638,-0.9712597973784254,1.272361256561097,1.6348916798413717,0.25875331421811204,8,26,3,0,23
-1.4385813544523294,-1.2668044314327185,0.8119667773943287,1.6348916798413717,0.329847008750292,9,26,3,0,19
-1.4293922496002363,-1.4441312118652943,1.272361256561097,1.6348916798413717,0.3179980596615897,10,26,3,0,19
-1.282366571966746,-1.3850222850544356,1.5025584961444813,1.6348916798413717,0.294300161484202,11,26,3,0,19
-1.282366571966746,-1.5623490654870116,1.7327557357278653,1.6348916798413717,0.2706022633068143,12,26,3,0,19
-1.3926358301918638,-1.8578936995413047,1.5025584961444813,1.6348916798413717,0.24690436512942662,13,26,3,0,19
-1.4569595641565158,-2.0352204799738804,1.5025584961444813,1.6348916798413717,0.2232064669520221,14,26,3,0,19
-1.594796136937913,-2.271656187217315,1.7327557357278653,1.6348916798413717,0.24690436512942662,15,26,3,0,19
-1.677498080606751,-2.389874040839032,1.7327557357278653,1.6348916798413717,0.28245121239551657,16,26,3,0,0
-1.73263270971931,-2.448982967649891,1.9629529753112496,1.6348916798413717,0.34169595783899426,17,26,3,0,0
-1.8245237582402414,-2.448982967649891,1.0421640169777129,1.6348916798413717,0.4483364996372642,18,26,3,0,0
-1.8888474922048935,-2.448982967649891,1.5025584961444813,-0.2110959525641372,0.6023728377903095,19,26,3,0,0
-1.9531712261695453,-2.5080918944607493,1.5025584961444813,-0.2110959525641372,0.7445602268546694,20,26,3,0,0
-1.925603911613266,-2.3307651140281735,1.0421640169777129,-0.2110959525641372,0.874898666830327,21,26,3,0,0
-1.8704692825007072,-2.1534383335955978,1.5025584961444813,-0.2110959525641372,0.9341434122738046,22,26,3,0,0
-1.8337128630923345,-2.0352204799738804,1.272361256561097,-0.2110959525641372,1.0052371068059847,23,26,3,0,0
-1.852091072796521,-1.9170026263521631,0.8119667773943287,-0.2110959525641372,1.05263290316076,0,27,3,1,0
-1.8612801776486139,-1.8578936995413047,0.4666709180192524,-0.2110959525641372,1.0763308013381476,1,27,3,1,0
-1.7785782339797758,-1.6214579922978702,0.23647367843586825,-0.2110959525641372,1.1474244958703277,2,27,3,1,0
-1.796956443683962,-1.5623490654870116,0.23647367843586825,-0.2110959525641372,1.1948202922251199,3,27,3,1,0
-1.8245237582402414,-1.503240138676153,-0.22392080073090012,-0.2110959525641372,1.2896118849346876,4,27,3,1,0
-1.741821814571403,-1.0894776510001425,-0.4541180403142843,-0.2110959525641372,1.4081013758216427,5,27,3,1,0
-1.741821814571403,-1.0894776510001425,-0.6843152798976685,1.6348916798413717,1.491044019442525,6,27,3,1,0
-1.8612801776486139,-1.6805669191087287,-0.6843152798976685,1.6348916798413717,1.5858356121520927,7,27,3,1,0
-1.9531712261695453,-1.9761115531630218,-0.22392080073090012,1.6348916798413717,1.6095335103294803,8,27,3,1,0
-2.100196903803036,-2.389874040839032,-0.6843152798976685,1.6348916798413717,1.6450803575955704,9,27,3,1,0
-2.2288443717323396,-2.744527601704184,-1.7202028580228972,1.6348916798413717,1.6924761539503625,10,27,3,1,0
-2.1277642183593155,-2.685418674893325,-1.0296111392727447,1.6348916798413717,1.6332314085068849,11,27,3,1,0
-1.7693891291276824,-2.389874040839032,-0.6843152798976685,1.6348916798413717,1.491044019442525,12,27,3,1,0
-1.7142545000151237,-2.389874040839032,-1.0296111392727447,1.6348916798413717,1.3607055794668674,13,27,3,1,19
-1.925603911613266,-2.744527601704184,-0.22392080073090012,1.6348916798413717,1.1948202922251199,14,27,3,1,19
-1.7510109194234962,-2.567200821271608,0.00627643885248406,1.6348916798413717,1.1000286995155522,15,27,3,1,19
-1.4293922496002363,-2.212547260406456,0.23647367843586825,1.6348916798413717,1.0407839540720745,16,27,3,1,23
-1.3650685156355844,-2.094329406784739,0.4666709180192524,1.6348916798413717,0.98153920862858,17,27,3,1,23
-1.3283120962272117,-2.0352204799738804,0.00627643885248406,1.6348916798413717,0.874898666830327,18,27,3,1,23
-1.3099338865230254,-2.0352204799738804,-0.4541180403142843,-0.2110959525641372,0.8156539213868325,19,27,3,1,23
-1.282366571966746,-1.9170026263521631,-0.22392080073090012,-0.2110959525641372,0.7445602268546694,20,27,3,1,1
-1.218042838002094,-1.7396758459195873,-0.6843152798976685,-0.2110959525641372,0.7327112777659671,21,27,3,1,1
-1.162908208889535,-1.4441312118652943,0.5817695378109445,-0.2110959525641372,0.49573229599203955,22,27,3,1,1
-1.2272319428541871,-1.5623490654870116,-0.22392080073090012,-0.2110959525641372,0.46018544872594963,23,27,3,1,1
-1.2272319428541871,-1.5623490654870116,-1.0296111392727447,-0.9162156919808337,0.6260707359676971,0,28,3,2,35
-0.648318337172319,0.6246812265147573,-0.4541180403142843,-0.9162156919808337,0.40094070328247194,1,28,3,2,35
-0.6758856517285983,0.4473544460821815,-0.22392080073090012,-1.4232680888647506,0.2706022633068143,2,28,3,2,35
-0.6115619177639463,0.9202258605690504,0.5817695378109445,-0.2110959525641372,0.03362328153288681,3,28,3,2,35
-0.5839946032076668,0.9793347873799091,0.5817695378109445,-0.2110959525641372,-0.20335570024104072,4,28,3,2,35
-0.5931837080597601,0.8020080069473332,0.4666709180192524,-0.2110959525641372,-0.4403346820149514,5,28,3,2,1
-0.5564272886513875,0.683790153325616,0.5817695378109445,-0.2824001958759379,-0.6417668165227889,6,28,3,2,35
-0.48291444983464227,0.683790153325616,0.8119667773943287,-0.2824001958759379,-0.7721052564984465,7,28,3,2,35
-0.5012926595388286,0.5064633728930401,0.4666709180192524,-1.5579538817870409,-0.9498394928288963,8,28,3,2,42
-0.5380490789472011,-0.025516968404687458,0.00627643885248406,1.6348916798413717,-1.1512716273367338,9,28,3,2,1
-0.5380490789472011,-0.08462589521554607,-0.4541180403142843,1.6348916798413717,-1.3171569145784816,10,28,3,2,1
-0.4277798207220834,0.1518098120278884,-0.22392080073090012,1.6348916798413717,-1.554135896352409,11,28,3,2,1
-0.528859974095108,-0.4392794560806978,-0.9145125194810526,1.6348916798413717,-1.6726253872393644,12,28,3,2,1
-0.5012926595388286,-0.4983883828915564,-0.6843152798976685,1.6348916798413717,-1.8266617253924098,13,28,3,2,1
-0.3450778770532451,-0.025516968404687458,-0.22392080073090012,-0.2824001958759379,-1.8977554199245896,14,28,3,2,24
-0.1796739897155685,1.156661567812485,0.4666709180192524,-0.6626894935388755,-1.9333022671906797,15,28,3,2,24
-0.17048488486347538,1.3339883482450607,0.5817695378109445,-1.1697418904227923,-1.8622085726584996,16,28,3,2,24
-0.21643040912394107,1.3930972750559194,0.4666709180192524,-0.9162156919808337,-1.802963827215022,17,28,3,2,2
-0.2531868285323137,1.3339883482450607,-0.22392080073090012,-0.9162156919808337,-1.6844743363280665,18,28,3,2,2
-0.2531868285323137,1.3339883482450607,-0.4541180403142843,-1.1697418904227923,-1.554135896352409,19,28,3,2,1
-0.2623759333844068,1.3339883482450607,-0.22392080073090012,-1.4232680888647506,-1.411948507288049,20,28,3,2,7
-0.2807541430885931,1.3339883482450607,0.00627643885248406,-1.4232680888647506,-1.3408548127558693,21,28,3,2,7
-0.2991323527927794,1.2157704946233434,-0.22392080073090012,-1.4232680888647506,-1.3053079654897792,22,28,3,2,7
-0.32669966734905886,1.2157704946233434,0.23647367843586825,-1.2965049896437713,-1.257912169135004,23,28,3,2,1
-0.3450778770532451,1.2157704946233434,0.00627643885248406,-1.1697418904227923,-1.1868184746028239,0,29,3,3,1
-0.3726451916095246,1.0975526410016263,-0.4541180403142843,-1.1697418904227923,-1.1038758309819416,1,29,3,3,1
-0.400212506165804,1.0384437141907676,0.23647367843586825,-0.2110959525641372,-1.0683289837158518,2,29,3,3,1
-0.4094016110178971,0.9793347873799091,-0.4541180403142843,-0.2110959525641372,-1.0209331873610763,3,29,3,3,1
-0.4277798207220834,0.8611169337581918,-0.4541180403142843,-0.2110959525641372,-0.9261415946515087,4,29,3,3,1
-0.4277798207220834,0.8611169337581918,-0.6843152798976685,-0.2110959525641372,-0.8313500019419411,5,29,3,3,35
-0.4094016110178971,0.9202258605690504,-1.0296111392727447,-0.2824001958759379,-0.7247094601436711,6,29,3,3,35
-0.3818342964616177,0.9793347873799091,-0.9145125194810526,-0.2824001958759379,-0.6299178674341035,7,29,3,3,35
-0.335888772201152,0.9202258605690504,-1.0296111392727447,-0.9162156919808337,-0.5469752238132213,8,29,3,3,35
-0.3450778770532451,0.5655722997038988,-0.6843152798976685,-0.2824001958759379,-0.48773047836974365,9,29,3,3,35
-0.45534713527836285,-0.025516968404687458,-0.22392080073090012,-0.2824001958759379,-0.4166367838375637,10,29,3,3,1
-0.43696892557417655,-0.08462589521554607,-0.6843152798976685,-0.2824001958759379,-0.40478783474887825,11,29,3,3,1
-0.43696892557417655,-0.2028437488372633,-1.0296111392727447,-0.2824001958759379,-0.40478783474887825,12,29,3,3,1
-0.4645362401304561,-0.3210616024589805,-0.22392080073090012,-0.2824001958759379,-0.392938885660176,13,29,3,3,1
-0.4921035546867354,-0.3801705292698392,0.00627643885248406,-0.2824001958759379,-0.34554308930538374,14,29,3,3,1
-0.5564272886513875,-0.5574973097024151,0.4666709180192524,-0.2824001958759379,-0.28629834386190606,15,29,3,3,1
-0.4921035546867354,-0.3210616024589805,-0.22392080073090012,-0.2824001958759379,-0.21520464932972613,16,29,3,3,1
-0.6115619177639463,-0.6166062365132736,1.0421640169777129,-0.2824001958759379,-0.15595990388624847,17,29,3,3,1
-0.7493984905453436,-0.9121508705675667,0.5817695378109445,-0.2824001958759379,-0.0967151584427708,18,29,3,3,23
-0.7493984905453436,-0.7939330169458495,0.4666709180192524,-0.2110959525641372,-0.04931936208797856,19,29,3,3,1
-0.6666965468765051,-0.4392794560806978,0.4666709180192524,-0.2110959525641372,0.021774332444184544,20,29,3,3,1
-0.8137222245099955,-0.7348240901349908,1.0421640169777129,-0.2110959525641372,0.06917012879897678,21,29,3,3,23
-0.9148023778830202,-0.9121508705675667,0.23647367843586825,-0.2110959525641372,0.10471697606506675,22,29,3,3,23
-0.9883152166997653,-0.9712597973784254,1.0421640169777129,-0.2110959525641372,0.14026382333115672,23,29,3,3,23
-1.0710171603686036,-1.030368724189284,0.4666709180192524,-0.2110959525641372,0.152112772419859,0,30,3,4,23
-1.1353408943332557,-0.9712597973784254,0.5817695378109445,-0.2110959525641372,0.18765961968593212,1,30,3,4,19
-1.1261517894811626,-0.6757151633241323,0.00627643885248406,-0.2110959525641372,0.19950856877463438,2,30,3,4,0
-1.282366571966746,-0.7939330169458495,0.4666709180192524,-0.2110959525641372,0.23505541604072436,3,30,3,4,19
-1.2272319428541871,-0.4392794560806978,-1.259808378856129,-0.2110959525641372,0.329847008750292,4,30,3,4,19
-1.1904755234458146,-0.08462589521554607,-0.4541180403142843,-0.2824001958759379,0.3179980596615897,5,30,3,4,0
-1.2272319428541871,-0.2619526756481219,-0.22392080073090012,1.6348916798413717,0.40094070328247194,6,30,3,4,0
-1.2364210477062803,-0.4392794560806978,0.00627643885248406,1.6348916798413717,0.5549770414355173,7,30,3,4,0
-1.1904755234458146,-0.6166062365132736,-0.4541180403142843,1.6348916798413717,0.6023728377903095,8,30,3,4,0
-1.162908208889535,-0.7939330169458495,-0.22392080073090012,1.6348916798413717,0.6853154814111748,9,30,3,4,0
-1.1077735797769763,-0.9121508705675667,-0.6843152798976685,1.6348916798413717,0.6734665323224894,10,30,3,4,0
-1.1169626846290694,-1.3259133582435771,-1.259808378856129,1.6348916798413717,0.6142217868789949,11,30,3,4,23
-0.969937006995579,-1.0894776510001425,0.23647367843586825,1.6348916798413717,0.5549770414355173,12,30,3,4,19
-1.0710171603686036,-1.6214579922978702,-1.0296111392727447,1.6348916798413717,0.3890917541937697,13,30,3,4,19
-1.0434498458123243,-1.7396758459195873,0.23647367843586825,1.6348916798413717,0.294300161484202,14,30,3,4,19
-1.0526389506644174,-1.8578936995413047,0.23647367843586825,1.6348916798413717,0.24690436512942662,15,30,3,4,23
-1.08939537007279,-1.9170026263521631,0.00627643885248406,1.6348916798413717,0.24690436512942662,16,30,3,4,23
-1.0250716361081378,-1.7396758459195873,0.00627643885248406,1.6348916798413717,0.2232064669520221,17,30,3,4,23
-0.9607479021434859,-1.503240138676153,-0.4541180403142843,-0.2824001958759379,0.24690436512942662,18,30,3,4,23
-0.8504786439183681,-1.0894776510001425,-0.9145125194810526,-0.2110959525641372,0.28245121239551657,19,30,3,4,23
-1.0066934264039518,-1.4441312118652943,-0.9145125194810526,-0.2110959525641372,0.294300161484202,20,30,3,4,23
-1.0618280555165105,-1.3259133582435771,-1.259808378856129,-0.2110959525641372,0.3179980596615897,21,30,3,4,1
-0.9791261118476722,-0.853041943756708,-1.7202028580228972,-0.2110959525641372,0.294300161484202,22,30,3,4,23
-0.9423696924392996,-0.9712597973784254,-1.0296111392727447,-0.2110959525641372,0.34169595783899426,23,30,3,4,19
-1.0250716361081378,-1.2076955046218598,-0.22392080073090012,-0.2110959525641372,0.329847008750292,0,31,3,5,23
-1.1169626846290694,-1.3850222850544356,-0.22392080073090012,-0.2110959525641372,0.3061491105729043,1,31,3,5,23
-1.1261517894811626,-1.3850222850544356,-0.4541180403142843,-0.2110959525641372,0.28245121239551657,2,31,3,5,1
-1.0434498458123243,-1.0894776510001425,-0.22392080073090012,-0.2110959525641372,0.294300161484202,3,31,3,5,1
-1.0158825312560449,-0.6757151633241323,-0.22392080073090012,-0.2110959525641372,0.3179980596615897,4,31,3,5,1
-1.0802062652206967,-0.9121508705675667,-0.22392080073090012,-0.2110959525641372,0.294300161484202,5,31,3,5,1
-1.0802062652206967,-0.9121508705675667,0.00627643885248406,1.6348916798413717,0.3179980596615897,6,31,3,5,1
-1.0802062652206967,-0.9712597973784254,0.4666709180192524,1.6348916798413717,0.3179980596615897,7,31,3,5,1
-1.0158825312560449,-1.030368724189284,0.23647367843586825,1.6348916798413717,0.329847008750292,8,31,3,5,1
-0.9515587972913927,-1.030368724189284,0.23647367843586825,1.6348916798413717,0.34169595783899426,9,31,3,5,23
-0.9791261118476722,-1.3850222850544356,0.00627643885248406,1.6348916798413717,0.294300161484202,10,31,3,5,19
-1.1261517894811626,-1.9170026263521631,-0.9145125194810526,1.6348916798413717,0.2232064669520221,11,31,3,5,0
-0.8872350633267407,-1.798784772730446,-0.4541180403142843,1.6348916798413717,0.12841487424245446,12,31,3,5,0
-1.1261517894811626,-2.212547260406456,-0.6843152798976685,1.6348916798413717,0.03362328153288681,13,31,3,5,0
-1.0158825312560449,-2.1534383335955978,-1.259808378856129,1.6348916798413717,-0.04931936208797856,14,31,3,5,19
-1.0250716361081378,-2.212547260406456,-1.0296111392727447,1.6348916798413717,-0.13226200570886076,15,31,3,5,19
-0.9423696924392996,-2.1534383335955978,-1.259808378856129,1.6348916798413717,-0.19150675115233842,16,31,3,5,19
-0.9791261118476722,-2.1534383335955978,-1.0296111392727447,1.6348916798413717,-0.20335570024104072,17,31,3,5,19
-0.9883152166997653,-2.0352204799738804,-0.9145125194810526,1.6348916798413717,-0.21520464932972613,18,31,3,5,19
-0.969937006995579,-1.8578936995413047,-1.259808378856129,-0.2110959525641372,-0.20335570024104072,19,31,3,5,0
-0.8964241681788339,-1.4441312118652943,-0.6843152798976685,-0.2110959525641372,-0.23890254750713066,20,31,3,5,0
-0.8137222245099955,-0.9121508705675667,-0.9145125194810526,-0.2110959525641372,-0.2270535984184284,21,31,3,5,0
-0.8504786439183681,-1.030368724189284,-1.7202028580228972,-0.2110959525641372,-0.27444939477322067,22,31,3,5,0
-0.8688568536225545,-0.7939330169458495,-1.7202028580228972,-0.2110959525641372,-0.30999624203929377,23,31,3,5,0
-0.841289539066275,-0.4983883828915564,-1.7202028580228972,-0.2110959525641372,-0.357392038394086,0,1,4,6,0
-0.905613273030927,-0.1437348220264047,-1.259808378856129,-0.2110959525641372,-0.3336941402166983,1,1,4,6,0
-0.8688568536225545,-0.4983883828915564,-1.7202028580228972,-0.2110959525641372,-0.4166367838375637,2,1,4,6,0
-0.8045331196579024,0.03359195840617116,-1.7202028580228972,-0.2110959525641372,-0.45218363110365367,3,1,4,6,0
-0.721831175989064,0.32913659246046423,-1.7202028580228972,-0.2110959525641372,-0.46403258019235594,4,1,4,6,19
-0.648318337172319,0.3882455192713229,-1.259808378856129,-0.2110959525641372,-0.4758815292810413,5,1,4,6,23
-0.528859974095108,0.5064633728930401,-1.0296111392727447,1.6348916798413717,-0.5114283765471314,6,1,4,6,1
-0.5656163935034806,0.1518098120278884,-1.0296111392727447,1.6348916798413717,-0.5351262747245359,7,1,4,6,1
-0.648318337172319,-0.6166062365132736,-0.4541180403142843,1.6348916798413717,-0.6180689183454012,8,1,4,6,1
-0.5931837080597601,-0.5574973097024151,-0.6843152798976685,1.6348916798413717,-0.6654647147001934,9,1,4,6,1
-0.4921035546867354,-0.3801705292698392,-0.9145125194810526,1.6348916798413717,-0.7010115619662834,10,1,4,6,1
-0.2623759333844068,0.1518098120278884,-1.259808378856129,-0.2824001958759379,-0.7365584092323566,11,1,4,6,25
-0.21643040912394107,-0.025516968404687458,-1.7202028580228972,-0.2824001958759379,-0.8313500019419411,12,1,4,6,24
-0.2348086188281274,-0.08462589521554607,-0.9145125194810526,-0.2824001958759379,-0.9616884419175986,13,1,4,6,24
-0.13372846545510278,0.5655722997038988,-0.6843152798976685,-0.2824001958759379,-1.0090842382723741,14,1,4,6,24
-0.09697204604673021,1.0384437141907676,0.4666709180192524,-0.2824001958759379,-1.080177932804554,15,1,4,6,24
-0.17048488486347538,1.0384437141907676,0.23647367843586825,-0.2824001958759379,-1.1275737291593462,16,1,4,6,24
-0.18886309456766168,1.0384437141907676,0.8119667773943287,-0.2824001958759379,-1.1038758309819416,17,1,4,6,24
-0.20724130427184798,1.0384437141907676,-0.4541180403142843,-0.2824001958759379,-1.115724780070644,18,1,4,6,24
-0.21643040912394107,0.9793347873799091,-1.7202028580228972,-0.2110959525641372,-1.080177932804554,19,1,4,6,24
-0.21643040912394107,0.9793347873799091,-0.4541180403142843,-0.6626894935388755,-1.0327821364497618,20,1,4,6,24
-0.17048488486347538,1.156661567812485,-0.22392080073090012,-0.9162156919808337,-0.9972352891836886,21,1,4,6,24
-0.17048488486347538,1.2157704946233434,-0.22392080073090012,-0.2110959525641372,-0.9853863400949864,22,1,4,6,1
-0.20724130427184798,1.2157704946233434,-0.9145125194810526,-0.2110959525641372,-0.9972352891836886,23,1,4,6,1
-0.3450778770532451,1.274879421434202,-0.4541180403142843,-0.9162156919808337,-0.9853863400949864,0,2,4,0,19
-0.3634560867574314,1.3930972750559194,-0.9145125194810526,-1.4232680888647506,-0.9261415946515087,1,2,4,0,7
-0.400212506165804,1.3339883482450607,-1.7202028580228972,-1.1697418904227923,-0.8787457982967164,2,2,4,0,0
-0.4921035546867354,1.3339883482450607,-1.7202028580228972,-1.5579538817870409,-0.8550479001193287,3,2,4,0,7
-0.43696892557417655,1.5113151286776365,-1.259808378856129,-1.4232680888647506,-0.795803154675851,4,2,4,0,7
-0.4645362401304561,1.5704240554884952,-1.0296111392727447,-0.2110959525641372,-0.6891626128775812,5,2,4,0,0
-0.5564272886513875,1.2157704946233434,-1.0296111392727447,-0.2824001958759379,-0.5825220710793113,6,2,4,0,0
-0.4277798207220834,0.9793347873799091,-1.0296111392727447,1.6348916798413717,-0.4758815292810413,7,2,4,0,0
-0.648318337172319,-0.3210616024589805,-0.22392080073090012,1.6348916798413717,-0.42848573292626596,8,2,4,0,0
-0.905613273030927,-1.3259133582435771,0.8119667773943287,1.6348916798413717,-0.392938885660176,9,2,4,0,0
-1.0158825312560449,-1.7396758459195873,1.5025584961444813,1.6348916798413717,-0.3810899365714737,10,2,4,0,0
-0.9515587972913927,-1.6214579922978702,1.0421640169777129,1.6348916798413717,-0.392938885660176,11,2,4,0,0
-0.9515587972913927,-1.8578936995413047,0.23647367843586825,1.6348916798413717,-0.4758815292810413,12,2,4,0,0
-0.8964241681788339,-1.8578936995413047,1.0421640169777129,1.6348916798413717,-0.48773047836974365,13,2,4,0,0
-1.0158825312560449,-2.094329406784739,1.272361256561097,1.6348916798413717,-0.5114283765471314,14,2,4,0,0
-1.153719104037442,-2.389874040839032,0.4666709180192524,1.6348916798413717,-0.5351262747245359,15,2,4,0,0
-1.3375012010793048,-2.6263097480824666,1.5025584961444813,1.6348916798413717,-0.5469752238132213,16,2,4,0,0
-1.355879410783491,-2.685418674893325,1.7327557357278653,1.6348916798413717,-0.5232773256358336,17,2,4,0,19
-1.4845268787127952,-2.685418674893325,0.4666709180192524,1.6348916798413717,-0.4758815292810413,18,2,4,0,0
-1.3926358301918638,-2.389874040839032,-0.22392080073090012,-0.2110959525641372,-0.42848573292626596,19,2,4,0,0
-1.4385813544523294,-2.3307651140281735,-0.22392080073090012,-0.2110959525641372,-0.357392038394086,20,2,4,0,0
-1.4293922496002363,-2.212547260406456,-0.4541180403142843,-0.2110959525641372,-0.32184519112799603,21,2,4,0,0
-1.41101403989605,-1.8578936995413047,-0.6843152798976685,-0.2110959525641372,-0.2507514965958161,22,2,4,0,0
-1.41101403989605,-1.9170026263521631,-0.22392080073090012,-0.2110959525641372,-0.2626004456845184,23,2,4,0,0
-1.3283120962272117,-1.5623490654870116,-1.0296111392727447,-0.2110959525641372,-0.2507514965958161,0,3,4,1,0
-1.282366571966746,-1.3259133582435771,-0.6843152798976685,-0.2110959525641372,-0.2270535984184284,1,3,4,1,0
-1.4477704593044225,-1.6805669191087287,-1.0296111392727447,-0.2110959525641372,-0.2507514965958161,2,3,4,1,0
-1.3375012010793048,-1.030368724189284,-0.6843152798976685,-0.2110959525641372,-0.21520464932972613,3,3,4,1,0
-1.3191229913751186,-1.2076955046218598,-0.22392080073090012,-0.2110959525641372,-0.15595990388624847,4,3,4,1,0
-1.3742576204876775,-1.2076955046218598,-1.0296111392727447,-0.2110959525641372,-0.07301726026538309,5,3,4,1,0
-1.3742576204876775,-1.3259133582435771,-1.0296111392727447,1.6348916798413717,-0.025621463910590857,6,3,4,1,0
-1.273177467114653,-1.5623490654870116,-0.4541180403142843,1.6348916798413717,0.04547223062158908,7,3,4,1,0
-1.3099338865230254,-1.8578936995413047,0.4666709180192524,1.6348916798413717,0.03362328153288681,8,3,4,1,0
-1.2456101525583734,-1.8578936995413047,0.00627643885248406,1.6348916798413717,0.021774332444184544,9,3,4,1,0
-1.1812864185937215,-1.9761115531630218,0.23647367843586825,1.6348916798413717,-0.08486620935406852,10,3,4,1,0
-1.0710171603686036,-2.094329406784739,-0.4541180403142843,1.6348916798413717,-0.16780885297495074,11,3,4,1,19
-1.0250716361081378,-2.094329406784739,-0.4541180403142843,1.6348916798413717,-0.27444939477322067,12,3,4,1,23
-1.0710171603686036,-2.389874040839032,-0.4541180403142843,1.6348916798413717,-0.34554308930538374,13,3,4,1,23
-1.0526389506644174,-2.5080918944607493,-0.22392080073090012,1.6348916798413717,-0.4758815292810413,14,3,4,1,23
-1.0618280555165105,-2.567200821271608,1.0421640169777129,1.6348916798413717,-0.606219969256699,15,3,4,1,19
-1.0710171603686036,-2.567200821271608,1.7327557357278653,1.6348916798413717,-0.6417668165227889,16,3,4,1,19
-1.0618280555165105,-2.448982967649891,1.5025584961444813,1.6348916798413717,-0.6299178674341035,17,3,4,1,23
-1.1169626846290694,-2.448982967649891,0.5817695378109445,1.6348916798413717,-0.6654647147001934,18,3,4,1,23
-1.1261517894811626,-2.389874040839032,-0.22392080073090012,-0.2110959525641372,-0.6536157656114912,19,3,4,1,1
-1.0802062652206967,-2.271656187217315,-0.6843152798976685,-0.2110959525641372,-0.7484073583210589,20,3,4,1,23
-0.9883152166997653,-2.0352204799738804,-0.9145125194810526,-0.2110959525641372,-0.8195010528532388,21,3,4,1,23
-1.0158825312560449,-2.094329406784739,-0.4541180403142843,-0.2110959525641372,-0.8431989510306265,22,3,4,1,1
-1.0802062652206967,-2.1534383335955978,-0.4541180403142843,-0.2110959525641372,-0.9024436964741042,23,3,4,1,1
-0.9883152166997653,-1.9170026263521631,-0.6843152798976685,-0.2110959525641372,-0.9853863400949864,0,4,4,2,23
-1.0250716361081378,-1.9170026263521631,-1.259808378856129,-0.2110959525641372,-1.0090842382723741,1,4,4,2,1
-0.9515587972913927,-1.8578936995413047,-0.6843152798976685,-0.2110959525641372,-1.0683289837158518,2,4,4,2,23
-0.6115619177639463,-1.030368724189284,-0.4541180403142843,-0.2110959525641372,-1.1868184746028239,3,4,4,2,23
-0.5656163935034806,-0.853041943756708,-0.9145125194810526,-0.2110959525641372,-1.2342142709575994,4,4,4,2,23
-0.4921035546867354,-0.4983883828915564,-0.6843152798976685,-0.2824001958759379,-1.3171569145784816,5,4,4,2,23
-0.5104817643909217,-0.4983883828915564,-0.4541180403142843,1.6348916798413717,-1.376401660021959,6,4,4,2,23
-0.6115619177639463,-0.9121508705675667,0.23647367843586825,1.6348916798413717,-1.4237974563767515,7,4,4,2,23
-0.776965805101623,-1.3850222850544356,0.5817695378109445,1.6348916798413717,-1.4474953545541391,8,4,4,2,23
-0.8321004342141819,-1.6805669191087287,1.5025584961444813,1.6348916798413717,-1.4474953545541391,9,4,4,2,23
-0.5748054983555737,-1.5623490654870116,1.7327557357278653,1.6348916798413717,-1.5067400999976168,10,4,4,2,19
-0.4737253449825492,-1.4441312118652943,1.5025584961444813,1.6348916798413717,-1.5422869472637069,11,4,4,2,19
-0.5012926595388286,-1.4441312118652943,1.0421640169777129,1.6348916798413717,-1.589682743618499,12,4,4,2,23
-0.5564272886513875,-1.503240138676153,2.078051595102942,-0.2824001958759379,-1.589682743618499,13,4,4,2,1
-0.5472381837992943,-1.4441312118652943,1.272361256561097,-0.2824001958759379,-1.5778337945297967,14,4,4,2,1
-0.528859974095108,-1.3259133582435771,1.272361256561097,-0.2824001958759379,-1.5422869472637069,15,4,4,2,1
-0.5104817643909217,-1.3259133582435771,0.5817695378109445,-0.2824001958759379,-1.5422869472637069,16,4,4,2,1
-0.6575074420244121,-1.6214579922978702,1.272361256561097,-0.2824001958759379,-1.4711932527315268,17,4,4,2,23
-0.6575074420244121,-1.503240138676153,0.8119667773943287,-0.2824001958759379,-1.400099558199347,18,4,4,2,23
-0.5839946032076668,-1.1485865778110012,0.4666709180192524,-0.2824001958759379,-1.2697611182236892,19,4,4,2,19
-0.5839946032076668,-1.0894776510001425,0.4666709180192524,-0.2110959525641372,-1.1631205764254362,20,4,4,2,23
-0.6391292323202259,-0.9712597973784254,0.4666709180192524,-0.2110959525641372,-1.0920268818932564,21,4,4,2,23
-0.648318337172319,-0.7348240901349908,0.4666709180192524,-0.2110959525641372,-1.0090842382723741,22,4,4,2,23
-0.6575074420244121,-0.7348240901349908,0.4666709180192524,-0.2110959525641372,-0.9616884419175986,23,4,4,2,23
-0.6850747565806916,-0.7348240901349908,0.00627643885248406,-0.2110959525641372,-0.8431989510306265,0,5,4,3,23
-0.7677767002495297,-0.7348240901349908,0.23647367843586825,-0.2110959525641372,-0.8076521037645366,1,5,4,3,19
-0.776965805101623,-0.7348240901349908,-0.4541180403142843,-0.2110959525641372,-0.7721052564984465,2,5,4,3,23
-0.6575074420244121,-0.3210616024589805,-0.22392080073090012,-0.2110959525641372,-0.7602563074097611,3,5,4,3,23
-0.7126420711369709,-0.3801705292698392,0.23647367843586825,-0.2110959525641372,-0.6891626128775812,4,5,4,3,23
-0.8504786439183681,-0.7939330169458495,0.23647367843586825,-0.2110959525641372,-0.6417668165227889,5,5,4,3,23
-0.8964241681788339,-0.9121508705675667,0.4666709180192524,-0.2824001958759379,-0.5351262747245359,6,5,4,3,1
-0.8688568536225545,-0.9712597973784254,0.4666709180192524,-0.2824001958759379,-0.4403346820149514,7,5,4,3,23
-0.8321004342141819,-0.9712597973784254,0.5817695378109445,-0.2824001958759379,-0.392938885660176,8,5,4,3,23
-0.7953440148058093,-1.1485865778110012,0.8119667773943287,-0.2824001958759379,-0.34554308930538374,9,5,4,3,23
-0.9331805875872065,-1.5623490654870116,0.23647367843586825,-0.2824001958759379,-0.34554308930538374,10,5,4,3,23
-0.8872350633267407,-1.503240138676153,1.272361256561097,-0.2824001958759379,-0.3336941402166983,11,5,4,3,23
-0.841289539066275,-1.503240138676153,0.8119667773943287,-0.2824001958759379,-0.3692409874827883,12,5,4,3,23
-0.721831175989064,-1.503240138676153,0.8119667773943287,-0.2824001958759379,-0.3810899365714737,13,5,4,3,23
-0.8045331196579024,-1.6805669191087287,0.5817695378109445,-0.2824001958759379,-0.4166367838375637,14,5,4,3,19
-0.776965805101623,-1.7396758459195873,0.4666709180192524,-0.2824001958759379,-0.45218363110365367,15,5,4,3,19
-0.7585875953974367,-1.9170026263521631,1.0421640169777129,1.6348916798413717,-0.4758815292810413,16,5,4,3,19
-0.8688568536225545,-1.9170026263521631,1.0421640169777129,1.6348916798413717,-0.4166367838375637,17,5,4,3,19
-0.8780459584746476,-1.798784772730446,0.5817695378109445,1.6348916798413717,-0.357392038394086,18,5,4,3,23
-0.9423696924392996,-1.7396758459195873,1.272361256561097,-0.2110959525641372,-0.27444939477322067,19,5,4,3,23
-0.9607479021434859,-1.7396758459195873,0.4666709180192524,-0.2110959525641372,-0.21520464932972613,20,5,4,3,23
-0.9423696924392996,-1.6214579922978702,0.4666709180192524,-0.2110959525641372,-0.20335570024104072,21,5,4,3,23
-0.9148023778830202,-1.503240138676153,0.8119667773943287,-0.2110959525641372,-0.19150675115233842,22,5,4,3,23
-0.9515587972913927,-1.4441312118652943,0.4666709180192524,-0.2110959525641372,-0.1441109547975462,23,5,4,3,23
-0.9883152166997653,-1.3850222850544356,0.8119667773943287,-0.2110959525641372,-0.0967151584427708,0,6,4,4,23
-1.0066934264039518,-1.4441312118652943,0.23647367843586825,-0.2110959525641372,-0.08486620935406852,1,6,4,4,23
-0.9883152166997653,-1.2668044314327185,0.8119667773943287,-0.2110959525641372,-0.013772514821888588,2,6,4,4,1
-0.9883152166997653,-1.1485865778110012,0.4666709180192524,-0.2110959525641372,0.04547223062158908,3,6,4,4,1
-0.9975043215518585,-1.0894776510001425,0.23647367843586825,-0.2110959525641372,0.09286802697636448,4,6,4,4,23
-1.034260740960231,-0.9121508705675667,0.00627643885248406,-0.2824001958759379,0.14026382333115672,5,6,4,4,23
-1.0985844749248832,-0.9712597973784254,0.00627643885248406,1.6348916798413717,0.21135751786333665,6,6,4,4,19
-1.0526389506644174,-1.030368724189284,0.00627643885248406,1.6348916798413717,0.294300161484202,7,6,4,4,0
-1.0434498458123243,-1.1485865778110012,0.4666709180192524,1.6348916798413717,0.34169595783899426,8,6,4,4,0
-1.0066934264039518,-1.2668044314327185,0.23647367843586825,1.6348916798413717,0.37724280510508423,9,6,4,4,0
-0.9607479021434859,-1.503240138676153,-1.0296111392727447,1.6348916798413717,0.3535449069276797,10,6,4,4,19
-0.9423696924392996,-1.798784772730446,0.4666709180192524,1.6348916798413717,0.3179980596615897,11,6,4,4,0
-0.9975043215518585,-1.9761115531630218,0.5817695378109445,1.6348916798413717,0.2232064669520221,12,6,4,4,19
-0.9423696924392996,-2.0352204799738804,0.00627643885248406,1.6348916798413717,0.152112772419859,13,6,4,4,0
-1.0158825312560449,-2.271656187217315,-0.6843152798976685,1.6348916798413717,0.09286802697636448,14,6,4,4,19
-0.9975043215518585,-2.3307651140281735,0.4666709180192524,1.6348916798413717,0.05732117971027451,15,6,4,4,19
-1.08939537007279,-2.389874040839032,1.5025584961444813,1.6348916798413717,0.03362328153288681,16,6,4,4,23
-1.2456101525583734,-2.5080918944607493,1.9629529753112496,1.6348916798413717,0.06917012879897678,17,6,4,4,23
-1.3007447816709323,-2.5080918944607493,0.4666709180192524,-0.2110959525641372,0.12841487424245446,18,6,4,4,23
-1.3099338865230254,-2.567200821271608,-0.22392080073090012,-0.2110959525641372,0.18765961968593212,19,6,4,4,23
-1.2088537331500009,-2.3307651140281735,-0.4541180403142843,-0.2110959525641372,0.2232064669520221,20,6,4,4,23
-1.1812864185937215,-2.3307651140281735,-0.6843152798976685,-0.2110959525641372,0.2232064669520221,21,6,4,4,1
-1.2272319428541871,-2.389874040839032,-0.4541180403142843,-0.2110959525641372,0.24690436512942662,22,6,4,4,1
-1.1445299991853488,-2.1534383335955978,-0.4541180403142843,-0.2110959525641372,0.25875331421811204,23,6,4,4,1
-1.1261517894811626,-2.094329406784739,-0.4541180403142843,-0.2110959525641372,0.2706022633068143,0,7,4,5,1
-1.2088537331500009,-2.212547260406456,0.23647367843586825,-0.2110959525641372,0.28245121239551657,1,7,4,5,23
-1.1812864185937215,-1.798784772730446,-0.9145125194810526,-0.2110959525641372,0.294300161484202,2,7,4,5,23
-1.153719104037442,-1.6805669191087287,-0.4541180403142843,-0.2110959525641372,0.3179980596615897,3,7,4,5,19
-1.1720973137416282,-1.6805669191087287,-0.4541180403142843,-0.2110959525641372,0.3535449069276797,4,7,4,5,23
-1.1904755234458146,-1.3259133582435771,-0.9145125194810526,-0.2110959525641372,0.40094070328247194,5,7,4,5,19
-1.08939537007279,-1.3850222850544356,-0.6843152798976685,1.6348916798413717,0.4838833469033373,6,7,4,5,23
-1.162908208889535,-1.6805669191087287,-0.4541180403142843,1.6348916798413717,0.5312791432581295,7,7,4,5,19
-1.08939537007279,-1.8578936995413047,-0.4541180403142843,1.6348916798413717,0.5431280923468318,8,7,4,5,23
-1.1077735797769763,-1.9170026263521631,-0.4541180403142843,1.6348916798413717,0.5549770414355173,9,7,4,5,23
-1.0158825312560449,-1.9170026263521631,0.23647367843586825,1.6348916798413717,0.5786749396129218,10,7,4,5,23
-1.0802062652206967,-2.0352204799738804,-0.22392080073090012,1.6348916798413717,0.5431280923468318,11,7,4,5,23
-0.9791261118476722,-1.9761115531630218,-0.4541180403142843,1.6348916798413717,0.49573229599203955,12,7,4,5,23
-0.9515587972913927,-1.9761115531630218,-0.6843152798976685,1.6348916798413717,0.46018544872594963,13,7,4,5,23
-0.9515587972913927,-2.094329406784739,-0.6843152798976685,1.6348916798413717,0.40094070328247194,14,7,4,5,1
-0.8504786439183681,-1.9170026263521631,-0.9145125194810526,1.6348916798413717,0.36539385601638197,15,7,4,5,23
-0.8229113293620888,-1.9761115531630218,-1.259808378856129,-0.2824001958759379,0.34169595783899426,16,7,4,5,23
-0.8137222245099955,-1.9170026263521631,-0.6843152798976685,-0.2824001958759379,0.3535449069276797,17,7,4,5,23
-0.7953440148058093,-1.8578936995413047,-0.9145125194810526,-0.2110959525641372,0.3535449069276797,18,7,4,5,23
-0.7126420711369709,-1.6805669191087287,-0.22392080073090012,-0.2110959525641372,0.37724280510508423,19,7,4,5,23
-0.7310202808411573,-1.6805669191087287,0.00627643885248406,-0.2110959525641372,0.4483364996372642,20,7,4,5,1
-0.7126420711369709,-1.6214579922978702,0.23647367843586825,-0.2110959525641372,0.42463860145985965,21,7,4,5,23
-0.7034529662848779,-1.3850222850544356,0.00627643885248406,-0.2110959525641372,0.36539385601638197,22,7,4,5,23
-0.6942638614327847,-1.3259133582435771,-0.4541180403142843,-0.2110959525641372,0.3061491105729043,23,7,4,5,23
-0.7126420711369709,-1.3259133582435771,-0.6843152798976685,-0.2110959525641372,0.2232064669520221,0,8,4,6,1
-0.6758856517285983,-1.030368724189284,-0.9145125194810526,-0.2110959525641372,0.152112772419859,1,8,4,6,1
-0.648318337172319,-0.853041943756708,-1.259808378856129,-0.2110959525641372,0.06917012879897678,2,8,4,6,1
-0.5931837080597601,-0.5574973097024151,-1.259808378856129,-0.2110959525641372,0.009925383355499112,3,8,4,6,1
-0.6391292323202259,-0.7348240901349908,-1.259808378856129,-0.2110959525641372,-0.061168311176680826,4,8,4,6,1
-0.648318337172319,-0.7939330169458495,-0.9145125194810526,-0.2110959525641372,-0.1204130566201585,5,8,4,6,1
-0.6115619177639463,-0.9121508705675667,-0.9145125194810526,1.6348916798413717,-0.16780885297495074,6,8,4,6,23
-0.6115619177639463,-1.0894776510001425,-0.4541180403142843,1.6348916798413717,-0.21520464932972613,7,8,4,6,23
-0.5931837080597601,-1.2076955046218598,-0.22392080073090012,1.6348916798413717,-0.28629834386190606,8,8,4,6,23
-0.5748054983555737,-1.3259133582435771,0.4666709180192524,1.6348916798413717,-0.3810899365714737,9,8,4,6,23
-0.6758856517285983,-1.503240138676153,0.8119667773943287,1.6348916798413717,-0.5232773256358336,10,8,4,6,23
-0.5656163935034806,-1.6214579922978702,0.00627643885248406,1.6348916798413717,-0.7010115619662834,11,8,4,6,23
-0.5839946032076668,-1.798784772730446,0.23647367843586825,1.6348916798413717,-0.9498394928288963,12,8,4,6,23
-0.5931837080597601,-2.0352204799738804,0.5817695378109445,1.6348916798413717,-1.115724780070644,13,8,4,6,23
-0.5564272886513875,-2.0352204799738804,0.5817695378109445,1.6348916798413717,-1.2816100673123916,14,8,4,6,23
-0.5839946032076668,-2.094329406784739,0.8119667773943287,1.6348916798413717,-1.411948507288049,15,8,4,6,23
-0.6207510226160394,-2.1534383335955978,0.8119667773943287,1.6348916798413717,-1.4830422018202292,16,8,4,6,1
-0.648318337172319,-2.1534383335955978,-0.9145125194810526,1.6348916798413717,-1.5422869472637069,17,8,4,6,23
-0.6666965468765051,-2.1534383335955978,0.4666709180192524,-0.2110959525641372,-1.6133806417958867,18,8,4,6,23
-0.6850747565806916,-2.1534383335955978,0.23647367843586825,1.6348916798413717,-1.6726253872393644,19,8,4,6,23
-0.5931837080597601,-1.9170026263521631,0.00627643885248406,-0.2110959525641372,-1.731870132682842,20,8,4,6,23
-0.5931837080597601,-1.8578936995413047,0.23647367843586825,-0.2110959525641372,-1.838510674481112,21,8,4,6,23
-0.5748054983555737,-1.798784772730446,0.4666709180192524,-0.2110959525641372,-1.9333022671906797,22,8,4,6,23
-0.528859974095108,-1.3850222850544356,-0.9145125194810526,-0.2110959525641372,-1.9806980635454718,23,8,4,6,1
-0.5564272886513875,-1.2668044314327185,-1.259808378856129,-0.2110959525641372,-2.0636407071663374,0,9,4,0,23
-0.45534713527836285,-0.4392794560806978,-0.6843152798976685,-0.2110959525641372,-2.1465833507872194,1,9,4,0,1
-0.3542669819053383,-0.3210616024589805,-0.6843152798976685,-0.2110959525641372,-2.205828096230697,2,9,4,0,1
-0.335888772201152,-0.3210616024589805,-1.7202028580228972,-0.2110959525641372,-2.2650728416741748,3,9,4,0,1
-0.3175105624969657,-0.3210616024589805,-0.4541180403142843,-0.2110959525641372,-2.2887707398515627,4,9,4,0,1
-0.3634560867574314,-0.4983883828915564,-0.9145125194810526,-0.2110959525641372,-2.3243175871176525,5,9,4,0,1
-0.22561951397603425,-0.1437348220264047,-0.22392080073090012,-0.2824001958759379,-2.312468638028967,6,9,4,0,24
-0.09697204604673021,0.210918738838747,-0.22392080073090012,-0.2824001958759379,-2.3006196889402646,7,9,4,0,24
0.09599915584722585,0.8020080069473332,0.5817695378109445,-0.2824001958759379,-2.3717133834724446,8,9,4,0,24
-0.08778294119463706,-0.025516968404687458,0.4666709180192524,-0.2824001958759379,-2.3717133834724446,9,9,4,0,24
-0.023459207229985065,0.2700276656496056,1.5025584961444813,-0.2824001958759379,-2.3480154852950568,10,9,4,0,24
0.022486317030480662,0.32913659246046423,1.0421640169777129,-0.2824001958759379,-2.312468638028967,11,9,4,0,24
0.14194468010769154,0.5655722997038988,0.23647367843586825,-0.2824001958759379,-2.3480154852950568,12,9,4,0,24
0.004108107326294396,-0.1437348220264047,0.23647367843586825,-0.2824001958759379,-2.336166536206355,13,9,4,0,24
-0.1153502557509165,-0.5574973097024151,0.4666709180192524,-0.2824001958759379,-2.3006196889402646,14,9,4,0,24
-0.17048488486347538,-0.5574973097024151,0.8119667773943287,-0.2824001958759379,-2.2650728416741748,15,9,4,0,1
-0.21643040912394107,-0.7348240901349908,0.23647367843586825,-0.2824001958759379,-2.205828096230697,16,9,4,0,1
-0.14291757030719593,-0.4392794560806978,0.8119667773943287,-0.2824001958759379,-2.1465833507872194,17,9,4,0,1
-0.032648312082078176,0.5064633728930401,1.7327557357278653,-0.2824001958759379,-2.0636407071663374,18,9,4,0,25
-0.07859383634254392,0.2700276656496056,1.5025584961444813,-0.2110959525641372,-2.028093859900247,19,9,4,0,1
-0.10616115089882336,0.3882455192713229,0.4666709180192524,-0.2110959525641372,-1.9570001653680673,20,9,4,0,23
-0.10616115089882336,0.32913659246046423,0.8119667773943287,-0.2110959525641372,-1.9214533181019773,21,9,4,0,1
-0.1153502557509165,0.4473544460821815,0.4666709180192524,-0.2110959525641372,-1.9333022671906797,22,9,4,0,1
-0.15210667515928908,0.32913659246046423,0.5817695378109445,-0.2110959525641372,-1.9333022671906797,23,9,4,0,23
-0.07859383634254392,0.683790153325616,0.4666709180192524,-0.2110959525641372,-1.9214533181019773,0,10,4,1,1
-0.032648312082078176,0.9202258605690504,0.5817695378109445,-0.2110959525641372,-1.9451512162793818,1,10,4,1,1
-0.06940473149045077,0.8611169337581918,0.4666709180192524,-0.2110959525641372,-1.9570001653680673,2,10,4,1,23
-0.08778294119463706,0.9202258605690504,0.23647367843586825,-0.2110959525641372,-1.9925470126341573,3,10,4,1,23
-0.09697204604673021,0.9793347873799091,-0.22392080073090012,-0.2110959525641372,-1.9688491144567695,4,10,4,1,23
-0.08778294119463706,0.9793347873799091,-0.6843152798976685,-0.2824001958759379,-1.9688491144567695,5,10,4,1,1
-0.07859383634254392,0.9202258605690504,-0.6843152798976685,-0.2824001958759379,-1.8977554199245896,6,10,4,1,23
-0.09697204604673021,0.6246812265147573,-0.6843152798976685,-0.2824001958759379,-1.8622085726584996,7,10,4,1,1
-0.09697204604673021,0.5064633728930401,0.23647367843586825,-0.2824001958759379,-1.8266617253924098,8,10,4,1,25
-0.06940473149045077,0.5064633728930401,0.00627643885248406,-0.2824001958759379,-1.802963827215022,9,10,4,1,23
-0.15210667515928908,-0.08462589521554607,0.5817695378109445,-0.2824001958759379,-1.767416979948932,10,10,4,1,23
-0.005080997525798757,0.3882455192713229,0.00627643885248406,-0.2824001958759379,-1.7437190817715442,11,10,4,1,25
-0.18886309456766168,-0.4983883828915564,0.4666709180192524,-0.2824001958759379,-1.7437190817715442,12,10,4,1,1
-0.14291757030719593,-0.5574973097024151,0.8119667773943287,-0.2824001958759379,-1.7200211835941566,13,10,4,1,23
-0.01427010237789191,0.1518098120278884,2.078051595102942,-0.9162156919808337,-1.6844743363280665,14,10,4,1,25
0.05924273643885328,0.8020080069473332,0.4666709180192524,-0.2824001958759379,-1.589682743618499,15,10,4,1,25
0.031675421882573815,0.5655722997038988,0.5817695378109445,-0.2824001958759379,-1.518589049086319,16,10,4,1,23
-0.01427010237789191,0.32913659246046423,0.4666709180192524,-0.2824001958759379,-1.4474953545541391,17,10,4,1,23
-0.005080997525798757,0.6246812265147573,1.0421640169777129,-0.2824001958759379,-1.3527037618445714,18,10,4,1,23
-0.023459207229985065,0.6246812265147573,0.4666709180192524,-0.2110959525641372,-1.2342142709575994,19,10,4,1,23
-0.06940473149045077,0.683790153325616,0.5817695378109445,-0.2110959525641372,-1.1038758309819416,20,10,4,1,23
-0.023459207229985065,0.8611169337581918,0.8119667773943287,-0.2110959525641372,-1.0683289837158518,21,10,4,1,23
-0.06021562663835764,0.9793347873799091,-0.4541180403142843,-0.2110959525641372,-1.0564800346271663,22,10,4,1,23
-0.01427010237789191,1.0384437141907676,0.00627643885248406,-0.2110959525641372,-0.9972352891836886,23,10,4,1,23
-0.06021562663835764,0.9793347873799091,0.23647367843586825,-0.2110959525641372,-0.9616884419175986,0,11,4,2,23
-0.07859383634254392,1.0384437141907676,-0.6843152798976685,-0.2110959525641372,-0.9379905437401941,1,11,4,2,23
-0.10616115089882336,1.2157704946233434,-0.4541180403142843,-0.2110959525641372,-0.9379905437401941,2,11,4,2,23
-0.1153502557509165,1.274879421434202,-1.7202028580228972,-0.2110959525641372,-0.8905947473854188,3,11,4,2,23
-0.22561951397603425,1.3339883482450607,-1.7202028580228972,-0.2110959525641372,-0.8431989510306265,4,11,4,2,19
-0.30832145764487257,1.3339883482450607,-1.0296111392727447,-0.2824001958759379,-0.7721052564984465,5,11,4,2,23
-0.16129578001138223,1.274879421434202,-1.0296111392727447,-0.2824001958759379,-0.6536157656114912,6,11,4,2,23
-0.12453936060300964,1.156661567812485,-1.259808378856129,-0.2824001958759379,-0.5588241729019235,7,11,4,2,1
-0.07859383634254392,0.8020080069473332,-1.259808378856129,-0.2824001958759379,-0.4758815292810413,8,11,4,2,1
-0.10616115089882336,0.2700276656496056,-1.7202028580228972,-0.2824001958759379,-0.392938885660176,9,11,4,2,1
-0.032648312082078176,0.32913659246046423,-1.259808378856129,-0.2824001958759379,-0.34554308930538374,10,11,4,2,23
-0.05102652178626448,0.2700276656496056,-0.4541180403142843,-0.2824001958759379,-0.32184519112799603,11,11,4,2,1
-0.005080997525798757,-0.1437348220264047,-0.6843152798976685,-0.2824001958759379,-0.34554308930538374,12,11,4,2,19
-0.06021562663835764,-0.853041943756708,-1.259808378856129,-0.2824001958759379,-0.3692409874827883,13,11,4,2,23
-0.20724130427184798,-0.6166062365132736,1.9629529753112496,-0.2824001958759379,-0.30999624203929377,14,11,4,2,25
0.05005363158676012,0.3882455192713229,-0.9145125194810526,-0.2824001958759379,-0.30999624203929377,15,11,4,2,23
-0.10616115089882336,-0.6166062365132736,0.5817695378109445,-0.2824001958759379,-0.27444939477322067,16,11,4,2,23
-0.1153502557509165,-0.6166062365132736,2.078051595102942,-0.2824001958759379,-0.16780885297495074,17,11,4,2,25
-0.2531868285323137,-0.7348240901349908,0.23647367843586825,-0.2824001958759379,-0.15595990388624847,18,11,4,2,19
-0.27156503823649997,-0.3210616024589805,-0.4541180403142843,-0.2824001958759379,-0.061168311176680826,19,11,4,2,19
-0.16129578001138223,-0.2619526756481219,-0.22392080073090012,-0.2110959525641372,0.021774332444184544,20,11,4,2,23
-0.15210667515928908,-0.08462589521554607,-0.9145125194810526,-0.2110959525641372,0.03362328153288681,21,11,4,2,23
-0.3175105624969657,0.3882455192713229,-0.4541180403142843,-0.2110959525641372,0.04547223062158908,22,11,4,2,23
-0.2623759333844068,-0.3801705292698392,-0.22392080073090012,-0.2110959525641372,0.06917012879897678,23,11,4,2,23
-0.3726451916095246,-0.3801705292698392,-0.22392080073090012,-0.2110959525641372,0.10471697606506675,0,12,4,3,19
-0.43696892557417655,-0.6757151633241323,0.00627643885248406,-0.2110959525641372,0.11656592515376903,1,12,4,3,23
-0.4737253449825492,-0.4983883828915564,0.23647367843586825,-0.2110959525641372,0.152112772419859,2,12,4,3,19
-0.4921035546867354,-0.4392794560806978,-0.22392080073090012,-0.2110959525641372,0.18765961968593212,3,12,4,3,23
-0.5104817643909217,-0.2028437488372633,-0.22392080073090012,-0.2110959525641372,0.2232064669520221,4,12,4,3,19
-0.5012926595388286,-0.3210616024589805,0.00627643885248406,-0.2824001958759379,0.294300161484202,5,12,4,3,23
-0.5012926595388286,-0.2619526756481219,-0.22392080073090012,1.6348916798413717,0.36539385601638197,6,12,4,3,19
-0.44615803042626967,-0.2619526756481219,-1.0296111392727447,1.6348916798413717,0.4483364996372642,7,12,4,3,19
-0.4277798207220834,-0.7939330169458495,-0.22392080073090012,1.6348916798413717,0.4838833469033373,8,12,4,3,23
-0.400212506165804,-0.9712597973784254,-0.22392080073090012,1.6348916798413717,0.5312791432581295,9,12,4,3,23
-0.3634560867574314,-1.0894776510001425,-0.6843152798976685,1.6348916798413717,0.5431280923468318,10,12,4,3,23
-0.3450778770532451,-1.2668044314327185,-0.6843152798976685,1.6348916798413717,0.4838833469033373,11,12,4,3,23
-0.3726451916095246,-1.4441312118652943,-1.259808378856129,1.6348916798413717,0.4364875505485619,12,12,4,3,23
-0.32669966734905886,-1.2668044314327185,0.00627643885248406,1.6348916798413717,0.4127896523711742,13,12,4,3,23
-0.335888772201152,-1.3259133582435771,-0.22392080073090012,1.6348916798413717,0.3890917541937697,14,12,4,3,23
-0.3634560867574314,-1.5623490654870116,0.00627643885248406,1.6348916798413717,0.329847008750292,15,12,4,3,23
-0.400212506165804,-1.798784772730446,0.00627643885248406,1.6348916798413717,0.3179980596615897,16,12,4,3,23
-0.3726451916095246,-1.5623490654870116,-0.4541180403142843,1.6348916798413717,0.3179980596615897,17,12,4,3,19
-0.43696892557417655,-1.6805669191087287,0.23647367843586825,1.6348916798413717,0.329847008750292,18,12,4,3,19
-0.400212506165804,-1.3850222850544356,-0.4541180403142843,1.6348916798413717,0.34169595783899426,19,12,4,3,19
-0.335888772201152,-1.0894776510001425,-0.9145125194810526,-0.2110959525641372,0.3890917541937697,20,12,4,3,19
-0.30832145764487257,-0.4983883828915564,-1.7202028580228972,-0.2110959525641372,0.40094070328247194,21,12,4,3,19
-0.28994324794068627,-0.4392794560806978,-1.259808378856129,-0.2110959525641372,0.46018544872594963,22,12,4,3,0
-0.43696892557417655,-0.6757151633241323,-0.4541180403142843,-0.2110959525641372,0.49573229599203955,23,12,4,3,0
-0.6023728129118533,-0.7939330169458495,-0.4541180403142843,-0.2110959525641372,0.5194301941694273,0,13,4,4,0
-0.7034529662848779,-0.9712597973784254,-0.4541180403142843,-0.2110959525641372,0.5075812450807419,1,13,4,4,0
-0.7310202808411573,-0.5574973097024151,-1.0296111392727447,-0.2110959525641372,0.5312791432581295,2,13,4,4,0
-0.7034529662848779,-0.3801705292698392,-0.6843152798976685,-0.2110959525641372,0.5549770414355173,3,13,4,4,0
-0.648318337172319,-0.08462589521554607,-1.0296111392727447,-0.2110959525641372,0.6023728377903095,4,13,4,4,0
-0.6115619177639463,-0.025516968404687458,-1.0296111392727447,1.6348916798413717,0.6497686341450849,5,13,4,4,0
-0.5472381837992943,0.03359195840617116,-1.0296111392727447,1.6348916798413717,0.7327112777659671,6,13,4,4,0
-0.4277798207220834,-0.2028437488372633,-0.9145125194810526,1.6348916798413717,0.8275028704755347,7,13,4,4,19
-0.3726451916095246,-0.5574973097024151,-0.9145125194810526,1.6348916798413717,0.8512007686529224,8,13,4,4,19
-0.30832145764487257,-0.7939330169458495,-0.22392080073090012,1.6348916798413717,0.8038049722981471,9,13,4,4,19
-0.400212506165804,-1.3850222850544356,0.23647367843586825,1.6348916798413717,0.7564091759433548,10,13,4,4,19
-0.32669966734905886,-1.6214579922978702,0.4666709180192524,1.6348916798413717,0.6497686341450849,11,13,4,4,19
-0.5104817643909217,-2.094329406784739,1.0421640169777129,1.6348916798413717,0.5549770414355173,12,13,4,4,19
-0.7953440148058093,-2.6263097480824666,1.0421640169777129,1.6348916798413717,0.5075812450807419,13,13,4,4,19
-0.7493984905453436,-2.567200821271608,0.8119667773943287,1.6348916798413717,0.36539385601638197,14,13,4,4,19
-0.6850747565806916,-2.567200821271608,1.9629529753112496,1.6348916798413717,0.25875331421811204,15,13,4,4,19
-0.7126420711369709,-2.6263097480824666,1.7327557357278653,1.6348916798413717,0.19950856877463438,16,13,4,4,23
-0.6299401274681325,-2.448982967649891,1.5025584961444813,1.6348916798413717,0.19950856877463438,17,13,4,4,1
-0.7034529662848779,-2.448982967649891,0.8119667773943287,1.6348916798413717,0.2232064669520221,18,13,4,4,1
-0.8596677487704613,-2.567200821271608,0.4666709180192524,1.6348916798413717,0.23505541604072436,19,13,4,4,23
-0.776965805101623,-2.3307651140281735,0.00627643885248406,-0.2110959525641372,0.3061491105729043,20,13,4,4,23
-0.7034529662848779,-2.212547260406456,0.4666709180192524,-0.2110959525641372,0.3179980596615897,21,13,4,4,19
-0.3542669819053383,-1.3850222850544356,0.5817695378109445,-0.2110959525641372,0.36539385601638197,22,13,4,4,19
-0.3542669819053383,-1.1485865778110012,0.5817695378109445,-0.2110959525641372,0.37724280510508423,23,13,4,4,19
-0.3818342964616177,-0.9712597973784254,0.8119667773943287,-0.2110959525641372,0.3535449069276797,0,14,4,5,0
-0.400212506165804,-0.9121508705675667,-0.4541180403142843,-0.2110959525641372,0.3535449069276797,1,14,4,5,0
-0.400212506165804,-0.7939330169458495,0.23647367843586825,-0.2110959525641372,0.34169595783899426,2,14,4,5,0
-0.32669966734905886,-0.2619526756481219,0.4666709180192524,-0.2110959525641372,0.36539385601638197,3,14,4,5,19
-0.2807541430885931,-0.2028437488372633,-0.4541180403142843,-0.2110959525641372,0.3535449069276797,4,14,4,5,19
-0.2348086188281274,-0.2028437488372633,0.23647367843586825,-0.2110959525641372,0.36539385601638197,5,14,4,5,23
-0.3175105624969657,-0.5574973097024151,0.4666709180192524,-0.2824001958759379,0.4364875505485619,6,14,4,5,23
-0.3450778770532451,-0.7939330169458495,0.5817695378109445,1.6348916798413717,0.5194301941694273,7,14,4,5,23
-0.2807541430885931,-0.9712597973784254,0.4666709180192524,1.6348916798413717,0.4838833469033373,8,14,4,5,23
-0.2623759333844068,-1.2668044314327185,0.5817695378109445,1.6348916798413717,0.4720343978146519,9,14,4,5,23
-0.2531868285323137,-1.5623490654870116,1.272361256561097,1.6348916798413717,0.3890917541937697,10,14,4,5,1
-0.30832145764487257,-1.798784772730446,1.0421640169777129,1.6348916798413717,0.2706022633068143,11,14,4,5,1
-0.2623759333844068,-1.9761115531630218,1.0421640169777129,1.6348916798413717,0.18765961968593212,12,14,4,5,1
-0.335888772201152,-1.9761115531630218,1.272361256561097,1.6348916798413717,0.1758106705972467,13,14,4,5,1
-0.2991323527927794,-1.9170026263521631,0.23647367843586825,1.6348916798413717,0.03362328153288681,14,14,4,5,1
-0.5104817643909217,-2.3307651140281735,0.5817695378109445,1.6348916798413717,-0.03747041299929313,15,14,4,5,1
-0.5564272886513875,-2.448982967649891,0.4666709180192524,1.6348916798413717,-0.08486620935406852,16,14,4,5,1
-0.5196708692430149,-2.3307651140281735,1.0421640169777129,1.6348916798413717,-0.061168311176680826,17,14,4,5,23
-0.48291444983464227,-2.212547260406456,-0.22392080073090012,1.6348916798413717,-0.1204130566201585,18,14,4,5,23
-0.28994324794068627,-1.503240138676153,-0.9145125194810526,1.6348916798413717,-0.16780885297495074,19,14,4,5,23
-0.3175105624969657,-1.6805669191087287,-0.9145125194810526,-0.2110959525641372,-0.17965780206363616,20,14,4,5,23
-0.2348086188281274,-1.3850222850544356,-0.9145125194810526,-0.2110959525641372,-0.2270535984184284,21,14,4,5,23
-0.22561951397603425,-1.2076955046218598,-0.6843152798976685,-0.2110959525641372,-0.27444939477322067,22,14,4,5,23
-0.20724130427184798,-1.2668044314327185,-0.6843152798976685,-0.2110959525641372,-0.34554308930538374,23,14,4,5,23
-0.22561951397603425,-1.5623490654870116,-0.6843152798976685,-0.2110959525641372,-0.3336941402166983,0,15,4,6,23
-0.1796739897155685,-1.503240138676153,-0.22392080073090012,-0.2110959525641372,-0.3692409874827883,1,15,4,6,23
-0.06940473149045077,-1.1485865778110012,0.00627643885248406,-0.2110959525641372,-0.4166367838375637,2,15,4,6,23
-0.023459207229985065,-0.7939330169458495,0.00627643885248406,-0.2110959525641372,-0.4166367838375637,3,15,4,6,0
0.16032288981187784,-0.2028437488372633,0.00627643885248406,-0.2110959525641372,-0.392938885660176,4,15,4,6,0
0.17870109951606414,0.09270088521702978,-1.0296111392727447,-0.2110959525641372,-0.392938885660176,5,15,4,6,0
0.2614030431849025,0.1518098120278884,-0.22392080073090012,-0.2824001958759379,-0.3692409874827883,6,15,4,6,19
0.3349158820016476,0.09270088521702978,-0.6843152798976685,-0.2824001958759379,-0.28629834386190606,7,15,4,6,1
0.5003197693393242,0.09270088521702978,-0.4541180403142843,-0.2824001958759379,-0.2507514965958161,8,15,4,6,1
0.5830217130081625,0.210918738838747,1.272361256561097,-0.2824001958759379,-0.30999624203929377,9,15,4,6,1
0.6289672372686282,-0.025516968404687458,1.9629529753112496,-0.2824001958759379,-0.392938885660176,10,15,4,6,1
0.6565345518249076,-0.3801705292698392,1.5025584961444813,-0.2824001958759379,-0.4403346820149514,11,15,4,6,19
0.6932909712332802,-0.5574973097024151,1.5025584961444813,1.6348916798413717,-0.4758815292810413,12,15,4,6,19
0.6932909712332802,-0.7939330169458495,1.9629529753112496,1.6348916798413717,-0.4403346820149514,13,15,4,6,23
0.6932909712332802,-0.7348240901349908,1.272361256561097,-0.2824001958759379,-0.4403346820149514,14,15,4,6,23
0.7392364954937459,-0.3210616024589805,1.0421640169777129,1.6348916798413717,-0.4758815292810413,15,15,4,6,23
0.7668038100500254,-0.1437348220264047,0.8119667773943287,1.6348916798413717,-0.42848573292626596,16,15,4,6,1
0.7759929149021185,0.03359195840617116,0.5817695378109445,-0.2824001958759379,-0.3810899365714737,17,15,4,6,1
0.7943711246063048,0.1518098120278884,0.5817695378109445,-0.2824001958759379,-0.3336941402166983,18,15,4,6,1
0.8219384391625842,0.32913659246046423,0.23647367843586825,-0.2824001958759379,-0.32184519112799603,19,15,4,6,1
0.7759929149021185,0.4473544460821815,-0.4541180403142843,-0.2110959525641372,-0.2981472929506083,20,15,4,6,1
0.7300473906416528,0.5064633728930401,-1.0296111392727447,-0.2110959525641372,-0.2626004456845184,21,15,4,6,23
0.7392364954937459,0.5064633728930401,-1.0296111392727447,-0.2110959525641372,-0.27444939477322067,22,15,4,6,1
0.7851820197542116,0.6246812265147573,-0.22392080073090012,-0.2110959525641372,-0.3692409874827883,23,15,4,6,1
0.8311275440146774,0.5655722997038988,0.23647367843586825,-0.2110959525641372,-0.3336941402166983,0,16,4,0,1
0.9413968022397953,1.274879421434202,-0.6843152798976685,-1.5579538817870409,-0.4166367838375637,1,16,4,0,25
0.987342326500261,1.3339883482450607,-1.259808378856129,-1.4232680888647506,-0.46403258019235594,2,16,4,0,25
0.9413968022397953,1.3339883482450607,-0.6843152798976685,-0.2110959525641372,-0.46403258019235594,3,16,4,0,1
0.9230185925356088,0.9793347873799091,-0.4541180403142843,-0.2110959525641372,-0.46403258019235594,4,16,4,0,1
0.8954512779793296,0.8611169337581918,-0.22392080073090012,-0.2110959525641372,-0.48773047836974365,5,16,4,0,1
0.86788396342305,0.683790153325616,0.00627643885248406,-0.2824001958759379,-0.5232773256358336,6,16,4,0,1
0.9413968022397953,0.5064633728930401,0.23647367843586825,-0.2824001958759379,-0.5943710201680136,7,16,4,0,1
1.0057205362044472,0.09270088521702978,0.23647367843586825,-0.2824001958759379,-0.6299178674341035,8,16,4,0,23
1.0149096410565404,-0.5574973097024151,0.00627643885248406,-0.2824001958759379,-0.6299178674341035,9,16,4,0,23
0.9413968022397953,-1.2076955046218598,0.8119667773943287,-0.2824001958759379,-0.7247094601436711,10,16,4,0,1
0.8770730682751431,-1.2076955046218598,0.8119667773943287,-0.2824001958759379,-0.7247094601436711,11,16,4,0,1
0.8403166488667705,-1.3850222850544356,1.7327557357278653,-0.2824001958759379,-0.7839542055871488,12,16,4,0,1
0.8954512779793296,-1.3850222850544356,0.8119667773943287,-0.2824001958759379,-0.8195010528532388,13,16,4,0,1
0.9046403828314227,-1.5623490654870116,1.0421640169777129,-0.2824001958759379,-0.9379905437401941,14,16,4,0,1
0.8219384391625842,-1.798784772730446,1.5025584961444813,-0.2824001958759379,-1.1038758309819416,15,16,4,0,23
0.8311275440146774,-1.798784772730446,1.272361256561097,1.6348916798413717,-1.1749695255141217,16,16,4,0,23
0.8219384391625842,-1.798784772730446,1.272361256561097,1.6348916798413717,-1.2105163727802115,17,16,4,0,19
0.803560229458398,-1.7396758459195873,-0.4541180403142843,1.6348916798413717,-1.257912169135004,18,16,4,0,23
0.8586948585709568,-1.6214579922978702,0.5817695378109445,-0.9162156919808337,-1.1275737291593462,19,16,4,0,25
1.1986917380984032,0.32913659246046423,-1.259808378856129,-0.2110959525641372,-0.9853863400949864,20,16,4,0,23
1.2170699478025897,0.7428990801364745,-0.22392080073090012,-0.2110959525641372,-0.9379905437401941,21,16,4,0,23
1.115989794429565,0.3882455192713229,1.0421640169777129,-0.2110959525641372,-0.9498394928288963,22,16,4,0,25
1.070044270169099,0.210918738838747,1.7327557357278653,-0.2110959525641372,-0.8787457982967164,23,16,4,0,23
0.8311275440146774,-0.3210616024589805,1.5025584961444813,-0.2110959525641372,-0.8431989510306265,0,17,4,1,19
0.6473454469728145,-0.7348240901349908,2.3082488346863257,-0.2110959525641372,-0.7484073583210589,1,17,4,1,19
0.19707930922025046,-1.4441312118652943,1.7327557357278653,-0.2110959525641372,-0.6417668165227889,2,17,4,1,19
0.34410498685374075,-0.7348240901349908,2.53844607426971,-0.2110959525641372,-0.5232773256358336,3,17,4,1,19
0.32572677714955445,-0.6166062365132736,2.53844607426971,-0.2110959525641372,-0.2981472929506083,4,17,4,1,19
0.3073485674453682,-0.4392794560806978,2.078051595102942,1.6348916798413717,-0.07301726026538309,5,17,4,1,23
-0.023459207229985065,-0.9121508705675667,2.53844607426971,1.6348916798413717,0.16396172150854443,6,17,4,1,19
-0.06021562663835764,-0.7939330169458495,3.804530891978323,1.6348916798413717,0.3179980596615897,7,17,4,1,19
-0.1796739897155685,-0.9712597973784254,3.2290377930198626,1.6348916798413717,0.4364875505485619,8,17,4,1,19
-0.335888772201152,-1.3259133582435771,3.3441364128115545,1.6348916798413717,0.5312791432581295,9,17,4,1,19
-0.3542669819053383,-1.4441312118652943,2.9988405534364784,1.6348916798413717,0.5431280923468318,10,17,4,1,19
-0.32669966734905886,-1.503240138676153,1.7327557357278653,1.6348916798413717,0.6142217868789949,11,17,4,1,23
-0.30832145764487257,-1.5623490654870116,2.53844607426971,1.6348916798413717,0.6260707359676971,12,17,4,1,23
-0.2531868285323137,-1.503240138676153,1.9629529753112496,1.6348916798413717,0.6616175832337872,13,17,4,1,19
-0.2623759333844068,-1.5623490654870116,2.3082488346863257,1.6348916798413717,0.6971644304998771,14,17,4,1,23
-0.2807541430885931,-1.6214579922978702,1.7327557357278653,1.6348916798413717,0.6853154814111748,15,17,4,1,19
-0.3450778770532451,-1.5623490654870116,1.9629529753112496,1.6348916798413717,0.7564091759433548,16,17,4,1,19
-0.39102340131371083,-1.5623490654870116,1.0421640169777129,1.6348916798413717,0.7919560232094448,17,17,4,1,23
-0.4921035546867354,-1.503240138676153,1.0421640169777129,1.6348916798413717,0.874898666830327,18,17,4,1,23
-0.6115619177639463,-1.5623490654870116,1.5025584961444813,-0.2824001958759379,0.9933881577172823,19,17,4,1,23
-0.7034529662848779,-1.5623490654870116,0.4666709180192524,-0.2110959525641372,1.1711223940477322,20,17,4,1,23
-0.7493984905453436,-1.4441312118652943,0.23647367843586825,-0.2110959525641372,1.2659139867572997,21,17,4,1,23
-0.7310202808411573,-1.2668044314327185,-0.4541180403142843,-0.2110959525641372,1.3251587322007774,22,17,4,1,23
-0.6758856517285983,-0.853041943756708,0.23647367843586825,-0.2110959525641372,1.3251587322007774,23,17,4,1,23
-0.7034529662848779,-0.6757151633241323,-0.22392080073090012,-0.2110959525641372,1.3607055794668674,0,18,4,2,0
-0.7585875953974367,-0.7348240901349908,0.00627643885248406,-0.2110959525641372,1.3370076812894798,1,18,4,2,0
-0.8321004342141819,-0.5574973097024151,0.00627643885248406,-0.2110959525641372,1.384403477644255,2,18,4,2,0
-0.8780459584746476,-0.7348240901349908,-0.4541180403142843,-0.2110959525641372,1.4199503249103451,3,18,4,2,0
-0.8780459584746476,-0.5574973097024151,-0.6843152798976685,-0.2110959525641372,1.4673461212651373,4,18,4,2,0
-0.8780459584746476,-0.2028437488372633,-0.4541180403142843,1.6348916798413717,1.526590866708615,5,18,4,2,0
-0.8137222245099955,-0.4983883828915564,-0.6843152798976685,1.6348916798413717,1.6095335103294803,6,18,4,2,0
-0.8045331196579024,-0.853041943756708,-0.22392080073090012,1.6348916798413717,1.6450803575955704,7,18,4,2,0
-0.776965805101623,-0.9712597973784254,-0.4541180403142843,1.6348916798413717,1.6332314085068849,8,18,4,2,0
-0.7585875953974367,-1.2076955046218598,-0.6843152798976685,1.6348916798413717,1.6095335103294803,9,18,4,2,0
-0.7034529662848779,-1.2076955046218598,-0.6843152798976685,1.6348916798413717,1.5502887648860026,10,18,4,2,0
-0.5472381837992943,-1.1485865778110012,-1.0296111392727447,1.6348916798413717,1.4081013758216427,11,18,4,2,0
-0.6575074420244121,-1.4441312118652943,-0.4541180403142843,1.6348916798413717,1.2777629358459852,12,18,4,2,19
-0.5380490789472011,-1.4441312118652943,0.00627643885248406,1.6348916798413717,1.1829713431364175,13,18,4,2,19
-0.528859974095108,-1.5623490654870116,-0.9145125194810526,1.6348916798413717,1.08817975042685,14,18,4,2,19
-0.528859974095108,-1.7396758459195873,-0.4541180403142843,1.6348916798413717,0.9578413104511924,15,18,4,2,19
-0.5656163935034806,-1.798784772730446,-0.6843152798976685,1.6348916798413717,0.8867476159190124,16,18,4,2,19
-0.6115619177639463,-1.8578936995413047,-0.22392080073090012,1.6348916798413717,0.8275028704755347,17,18,4,2,19
-0.7402093856932505,-2.0352204799738804,-0.9145125194810526,1.6348916798413717,0.768258125032057,18,18,4,2,19
-0.5931837080597601,-1.503240138676153,-0.6843152798976685,1.6348916798413717,0.7208623286772649,19,18,4,2,19
-0.6023728129118533,-1.3850222850544356,-0.9145125194810526,-0.2110959525641372,0.6734665323224894,20,18,4,2,19
-0.6207510226160394,-1.503240138676153,-1.259808378856129,-0.2110959525641372,0.6023728377903095,21,18,4,2,23
-0.6115619177639463,-1.5623490654870116,-1.7202028580228972,-0.2110959525641372,0.5668259905242196,22,18,4,2,23
-0.4737253449825492,-0.9712597973784254,-1.0296111392727447,-0.2110959525641372,0.5312791432581295,23,18,4,2,19
-0.48291444983464227,-0.9121508705675667,-1.259808378856129,-0.2110959525641372,0.46018544872594963,0,19,4,3,19
-0.48291444983464227,-0.7348240901349908,-1.0296111392727447,-0.2110959525641372,0.4364875505485619,1,19,4,3,0
-0.4921035546867354,-0.2028437488372633,-0.9145125194810526,-0.2110959525641372,0.329847008750292,2,19,4,3,0
-0.5380490789472011,-0.6166062365132736,-1.259808378856129,-0.2110959525641372,0.2706022633068143,3,19,4,3,19
-0.528859974095108,-0.3210616024589805,-1.7202028580228972,-0.2110959525641372,0.25875331421811204,4,19,4,3,19
-0.5012926595388286,-0.2619526756481219,-1.259808378856129,-0.2824001958759379,0.23505541604072436,5,19,4,3,19
-0.30832145764487257,-0.025516968404687458,-1.259808378856129,1.6348916798413717,0.2706022633068143,6,19,4,3,23
-0.27156503823649997,-0.4983883828915564,-1.259808378856129,1.6348916798413717,0.2232064669520221,7,19,4,3,23
-0.335888772201152,-1.030368724189284,-0.9145125194810526,1.6348916798413717,0.152112772419859,8,19,4,3,23
-0.2807541430885931,-1.4441312118652943,-0.9145125194810526,1.6348916798413717,0.10471697606506675,9,19,4,3,19
-0.27156503823649997,-1.798784772730446,-0.22392080073090012,1.6348916798413717,-0.0019235657332031574,10,19,4,3,19
-0.18886309456766168,-1.9170026263521631,0.4666709180192524,1.6348916798413717,-0.03747041299929313,11,19,4,3,23
-0.15210667515928908,-1.9170026263521631,0.00627643885248406,1.6348916798413717,-0.1204130566201585,12,19,4,3,23
-0.07859383634254392,-2.0352204799738804,0.5817695378109445,1.6348916798413717,-0.20335570024104072,13,19,4,3,23
0.004108107326294396,-2.0352204799738804,0.23647367843586825,1.6348916798413717,-0.32184519112799603,14,19,4,3,23
0.12356647040350527,-1.9761115531630218,1.5025584961444813,1.6348916798413717,-0.42848573292626596,15,19,4,3,23
0.13275557525559842,-2.0352204799738804,1.272361256561097,1.6348916798413717,-0.4758815292810413,16,19,4,3,23
0.16032288981187784,-1.8578936995413047,1.0421640169777129,1.6348916798413717,-0.5114283765471314,17,19,4,3,19
0.17870109951606414,-1.6805669191087287,0.8119667773943287,1.6348916798413717,-0.4995794274584459,18,19,4,3,19
0.14194468010769154,-1.6214579922978702,0.00627643885248406,1.6348916798413717,-0.42848573292626596,19,19,4,3,19
0.17870109951606414,-1.3259133582435771,0.23647367843586825,-0.2110959525641372,-0.3810899365714737,20,19,4,3,19
0.17870109951606414,-1.2668044314327185,-0.4541180403142843,-0.2110959525641372,-0.392938885660176,21,19,4,3,0
0.20626841407234356,-0.7939330169458495,-0.22392080073090012,-0.2110959525641372,-0.3810899365714737,22,19,4,3,19
0.18789020436815726,-0.5574973097024151,-0.6843152798976685,-0.2110959525641372,-0.32184519112799603,23,19,4,3,19
-0.005080997525798757,-1.030368724189284,0.4666709180192524,-0.2110959525641372,-0.20335570024104072,0,20,4,4,19
-0.06940473149045077,-0.853041943756708,0.4666709180192524,-0.2110959525641372,-0.16780885297495074,1,20,4,4,0
-0.1153502557509165,-0.7348240901349908,0.5817695378109445,-0.2110959525641372,-0.13226200570886076,2,20,4,4,19
-0.09697204604673021,-0.4983883828915564,0.00627643885248406,-0.2110959525641372,-0.061168311176680826,3,20,4,4,19
-0.13372846545510278,-0.5574973097024151,0.4666709180192524,-0.2110959525641372,-0.03747041299929313,4,20,4,4,19
-0.28994324794068627,-0.9121508705675667,0.8119667773943287,-0.2110959525641372,-0.013772514821888588,5,20,4,4,23
-0.27156503823649997,-0.6757151633241323,1.5025584961444813,-0.2824001958759379,0.06917012879897678,6,20,4,4,23
-0.20724130427184798,-0.2619526756481219,0.8119667773943287,-0.2824001958759379,0.14026382333115672,7,20,4,4,25
-0.10616115089882336,0.2700276656496056,1.272361256561097,-0.2824001958759379,0.08101907788767905,8,20,4,4,1
-0.10616115089882336,0.210918738838747,0.4666709180192524,1.6348916798413717,0.09286802697636448,9,20,4,4,1
-0.08778294119463706,0.1518098120278884,1.0421640169777129,-0.2824001958759379,0.021774332444184544,10,20,4,4,24
-0.14291757030719593,-0.08462589521554607,0.5817695378109445,-0.2824001958759379,0.009925383355499112,11,20,4,4,1
-0.07859383634254392,0.03359195840617116,1.272361256561097,-0.2824001958759379,-0.08486620935406852,12,20,4,4,25
-0.05102652178626448,0.03359195840617116,1.0421640169777129,-0.2824001958759379,-0.16780885297495074,13,20,4,4,25
0.05924273643885328,-0.2028437488372633,1.0421640169777129,-0.2824001958759379,-0.2981472929506083,14,20,4,4,1
0.04086452673466697,-0.2028437488372633,1.0421640169777129,-0.2824001958759379,-0.4166367838375637,15,20,4,4,1
0.031675421882573815,0.03359195840617116,2.078051595102942,-0.2824001958759379,-0.45218363110365367,16,20,4,4,1
0.004108107326294396,0.1518098120278884,1.272361256561097,-0.2824001958759379,-0.5469752238132213,17,20,4,4,1
0.031675421882573815,0.32913659246046423,1.5025584961444813,-0.2824001958759379,-0.606219969256699,18,20,4,4,1
0.05924273643885328,0.5655722997038988,1.272361256561097,-0.2824001958759379,-0.6536157656114912,19,20,4,4,1
0.0868100509951327,0.683790153325616,1.0421640169777129,-0.2110959525641372,-0.7010115619662834,20,20,4,4,1
0.0868100509951327,0.8020080069473332,0.23647367843586825,-0.2110959525641372,-0.8313500019419411,21,20,4,4,1
0.07762094614303955,0.8020080069473332,0.23647367843586825,-0.2110959525641372,-0.866896849208031,22,20,4,4,1
0.0868100509951327,0.8020080069473332,0.5817695378109445,-0.2110959525641372,-0.9261415946515087,23,20,4,4,1
0.105188260699319,0.9202258605690504,0.4666709180192524,-0.2110959525641372,-1.0327821364497618,0,21,4,5,1
0.13275557525559842,1.0384437141907676,0.00627643885248406,-0.2110959525641372,-1.0920268818932564,1,21,4,5,1
0.0868100509951327,1.0975526410016263,0.4666709180192524,-0.2110959525641372,-0.9972352891836886,2,21,4,5,1
0.06843184129094639,1.0975526410016263,0.5817695378109445,-0.2110959525641372,-0.9972352891836886,3,21,4,5,1
0.07762094614303955,1.0384437141907676,-0.22392080073090012,-0.2110959525641372,-1.0090842382723741,4,21,4,5,1
0.0868100509951327,0.9793347873799091,-0.9145125194810526,-0.2110959525641372,-0.866896849208031,5,21,4,5,1
0.07762094614303955,0.8611169337581918,0.00627643885248406,-0.2110959525641372,-0.8195010528532388,6,21,4,5,1
0.06843184129094639,0.8020080069473332,0.23647367843586825,-0.2110959525641372,-0.795803154675851,7,21,4,5,25
0.06843184129094639,0.8611169337581918,0.23647367843586825,-0.2824001958759379,-0.7484073583210589,8,21,4,5,1
0.07762094614303955,1.0975526410016263,0.4666709180192524,-0.2824001958759379,-0.6654647147001934,9,21,4,5,25
0.06843184129094639,1.0975526410016263,0.23647367843586825,-1.4232680888647506,-0.6180689183454012,10,21,4,5,28
0.0868100509951327,1.0975526410016263,-0.4541180403142843,-1.1697418904227923,-0.5469752238132213,11,21,4,5,24
0.06843184129094639,1.0975526410016263,0.00627643885248406,-1.4232680888647506,-0.5232773256358336,12,21,4,5,28
0.105188260699319,1.0384437141907676,0.4666709180192524,-0.2824001958759379,-0.4758815292810413,13,21,4,5,24
0.12356647040350527,1.0975526410016263,0.4666709180192524,-0.9162156919808337,-0.42848573292626596,14,21,4,5,24
0.06843184129094639,1.0384437141907676,0.23647367843586825,-0.9162156919808337,-0.3810899365714737,15,21,4,5,24
-0.005080997525798757,0.8611169337581918,0.4666709180192524,-0.9162156919808337,-0.2981472929506083,16,21,4,5,24
0.004108107326294396,1.0975526410016263,0.23647367843586825,-0.9162156919808337,-0.2507514965958161,17,21,4,5,24
-0.08778294119463706,1.0975526410016263,1.0421640169777129,-0.9162156919808337,-0.10856410753147307,18,21,4,5,24
-0.14291757030719593,0.9793347873799091,0.5817695378109445,-0.6626894935388755,-0.10856410753147307,19,21,4,5,24
-0.18886309456766168,1.0975526410016263,1.0421640169777129,-0.9162156919808337,0.009925383355499112,20,21,4,5,24
-0.20724130427184798,1.0384437141907676,1.272361256561097,-0.2110959525641372,0.009925383355499112,21,21,4,5,24
-0.2531868285323137,1.0975526410016263,0.4666709180192524,-0.6626894935388755,-0.013772514821888588,22,21,4,5,24
-0.2623759333844068,1.156661567812485,-0.22392080073090012,-0.2110959525641372,0.03362328153288681,23,21,4,5,24
-0.28994324794068627,1.0975526410016263,1.0421640169777129,-0.2110959525641372,-0.013772514821888588,0,22,4,6,24
-0.2807541430885931,1.156661567812485,0.23647367843586825,-0.2110959525641372,0.009925383355499112,1,22,4,6,31
-0.32669966734905886,1.274879421434202,-0.22392080073090012,-1.4232680888647506,0.021774332444184544,2,22,4,6,31
-0.30832145764487257,1.274879421434202,0.00627643885248406,-0.2110959525641372,-0.0019235657332031574,3,22,4,6,31
-0.2623759333844068,1.3339883482450607,-0.4541180403142843,-0.2110959525641372,-0.0019235657332031574,4,22,4,6,24
-0.2623759333844068,1.0975526410016263,0.4666709180192524,-0.2110959525641372,0.009925383355499112,5,22,4,6,24
-0.2623759333844068,1.0384437141907676,0.4666709180192524,-0.2824001958759379,0.05732117971027451,6,22,4,6,1
-0.2807541430885931,0.8020080069473332,0.5817695378109445,-0.2824001958759379,0.14026382333115672,7,22,4,6,1
-0.335888772201152,0.4473544460821815,0.5817695378109445,-0.2824001958759379,0.2232064669520221,8,22,4,6,1
-0.32669966734905886,0.32913659246046423,1.5025584961444813,-0.2824001958759379,0.25875331421811204,9,22,4,6,1
-0.2623759333844068,0.3882455192713229,0.8119667773943287,1.6348916798413717,0.294300161484202,10,22,4,6,1
-0.2531868285323137,0.210918738838747,0.8119667773943287,1.6348916798413717,0.2232064669520221,11,22,4,6,1
-0.2807541430885931,0.03359195840617116,1.0421640169777129,1.6348916798413717,0.19950856877463438,12,22,4,6,1
-0.27156503823649997,-0.025516968404687458,0.5817695378109445,1.6348916798413717,0.294300161484202,13,22,4,6,1
-0.24399772368022055,-0.1437348220264047,0.8119667773943287,1.6348916798413717,0.25875331421811204,14,22,4,6,1
-0.28994324794068627,-0.2619526756481219,1.5025584961444813,1.6348916798413717,0.1758106705972467,15,22,4,6,1
-0.2348086188281274,-0.2028437488372633,0.8119667773943287,1.6348916798413717,0.1758106705972467,16,22,4,6,1
-0.2623759333844068,-0.2619526756481219,1.272361256561097,1.6348916798413717,0.14026382333115672,17,22,4,6,1
-0.2348086188281274,-0.2619526756481219,1.0421640169777129,1.6348916798413717,0.09286802697636448,18,22,4,6,1
-0.19805219941975483,-0.025516968404687458,1.9629529753112496,-0.2824001958759379,0.12841487424245446,19,22,4,6,1
-0.28994324794068627,-0.08462589521554607,1.9629529753112496,-0.2110959525641372,0.16396172150854443,20,22,4,6,1
-0.32669966734905886,0.03359195840617116,2.3082488346863257,-0.2110959525641372,0.021774332444184544,21,22,4,6,24
-0.335888772201152,0.4473544460821815,1.9629529753112496,-0.2110959525641372,-0.0019235657332031574,22,22,4,6,24
-0.2991323527927794,0.8611169337581918,2.9988405534364784,-0.6626894935388755,-0.19150675115233842,23,22,4,6,24
-0.30832145764487257,0.8611169337581918,3.5743336523949387,-0.6626894935388755,-0.3810899365714737,0,23,4,0,24
-0.335888772201152,1.0384437141907676,3.3441364128115545,-1.2965049896437713,-0.5469752238132213,1,23,4,0,31
-0.335888772201152,1.0384437141907676,3.3441364128115545,-0.2110959525641372,-0.866896849208031,2,23,4,0,31
-0.2991323527927794,0.9793347873799091,4.264925371145091,-0.2110959525641372,-1.115724780070644,3,23,4,0,31
-0.2991323527927794,0.8611169337581918,3.3441364128115545,-0.2110959525641372,-1.4593443036428413,4,23,4,0,24
-0.2531868285323137,1.0975526410016263,3.5743336523949387,-1.5579538817870409,-1.554135896352409,5,23,4,0,24
-0.2623759333844068,0.9793347873799091,4.264925371145091,-0.9162156919808337,-1.6489274890619767,6,23,4,0,24
-0.27156503823649997,0.8611169337581918,3.804530891978323,-0.2824001958759379,-1.8148127763037243,7,23,4,0,24
-0.20724130427184798,0.9793347873799091,3.804530891978323,-0.6626894935388755,-1.9570001653680673,8,23,4,0,24
-0.1796739897155685,0.9793347873799091,3.3441364128115545,-1.1697418904227923,-2.087338605343725,9,23,4,0,24
-0.13372846545510278,0.9202258605690504,3.5743336523949387,-0.2824001958759379,-2.158432299875905,10,23,4,0,1
-0.07859383634254392,0.9793347873799091,3.804530891978323,-0.6626894935388755,-2.2532238925854724,11,23,4,0,1
-0.06021562663835764,0.9202258605690504,3.5743336523949387,-0.2824001958759379,-2.3243175871176525,12,23,4,0,1
-0.01427010237789191,0.9202258605690504,2.9988405534364784,-0.2824001958759379,-2.3598644343837423,13,23,4,0,1
-0.032648312082078176,0.7428990801364745,3.3441364128115545,-0.2824001958759379,-2.466504976182012,14,23,4,0,1
-0.01427010237789191,0.683790153325616,3.2290377930198626,-0.2824001958759379,-2.5494476198028777,15,23,4,0,1
-0.01427010237789191,0.7428990801364745,2.768643313853094,-0.2824001958759379,-2.6560881616011476,16,23,4,0,1
0.031675421882573815,0.8020080069473332,2.3082488346863257,-0.2824001958759379,-2.66793711068985,17,23,4,0,1
0.022486317030480662,0.7428990801364745,3.2290377930198626,-0.2824001958759379,-2.8338223979315975,18,23,4,0,1
0.05924273643885328,1.0975526410016263,2.768643313853094,-1.4232680888647506,-2.893067143375075,19,23,4,0,28
0.09599915584722585,1.0975526410016263,2.9988405534364784,-0.2110959525641372,-2.9760097869959403,20,23,4,0,1
0.0868100509951327,1.0975526410016263,2.53844607426971,-0.2110959525641372,-3.0115566342620306,21,23,4,0,24
0.105188260699319,1.2157704946233434,0.4666709180192524,-0.2110959525641372,-2.928613990641165,22,23,4,0,1
0.12356647040350527,1.274879421434202,-0.6843152798976685,-0.2110959525641372,-2.857520296108985,23,23,4,0,1
0.15113378495978472,1.3339883482450607,-0.22392080073090012,-0.2110959525641372,-2.904916092463777,0,24,4,1,1
0.23383572862862298,1.3339883482450607,-0.9145125194810526,-0.9162156919808337,-2.952311888818553,1,24,4,1,1
0.17870109951606414,1.274879421434202,-1.0296111392727447,-1.4232680888647506,-3.0234055833507325,2,24,4,1,7
0.2705921480369956,1.3339883482450607,0.00627643885248406,-1.1697418904227923,-2.9878587360846427,3,24,4,1,1
0.15113378495978472,0.7428990801364745,0.4666709180192524,-0.2110959525641372,-3.0115566342620306,4,24,4,1,25
0.05005363158676012,0.5064633728930401,0.4666709180192524,-0.2824001958759379,-3.0589524306168228,5,24,4,1,1
0.07762094614303955,0.683790153325616,0.4666709180192524,-0.6626894935388755,-3.0115566342620306,6,24,4,1,25
0.04086452673466697,0.9793347873799091,-0.22392080073090012,-1.2965049896437713,-2.904916092463777,7,24,4,1,25
0.105188260699319,0.8611169337581918,-0.22392080073090012,-0.2824001958759379,-2.8693692451976873,8,24,4,1,25
-0.10616115089882336,-0.2028437488372633,0.23647367843586825,1.6348916798413717,-2.857520296108985,9,24,4,1,23
-0.12453936060300964,-0.08462589521554607,0.4666709180192524,-0.2824001958759379,-2.7627287033994175,10,24,4,1,25
-0.12453936060300964,-0.4983883828915564,1.272361256561097,-0.2824001958759379,-2.6916350088672374,11,24,4,1,23
0.09599915584722585,0.09270088521702978,0.23647367843586825,-0.2824001958759379,-2.644239212512462,12,24,4,1,23
-0.12453936060300964,-0.3210616024589805,1.0421640169777129,-0.2824001958759379,-2.5494476198028777,13,24,4,1,25
-0.18886309456766168,-0.4983883828915564,1.5025584961444813,-0.2824001958759379,-2.41910917982722,14,24,4,1,1
-0.06021562663835764,-0.2028437488372633,0.4666709180192524,1.6348916798413717,-2.336166536206355,15,24,4,1,1
-0.2623759333844068,-0.7348240901349908,1.9629529753112496,1.6348916798413717,-2.205828096230697,16,24,4,1,1
-0.19805219941975483,-0.4983883828915564,1.5025584961444813,1.6348916798413717,-2.1228854526098146,17,24,4,1,1
-0.19805219941975483,-0.4392794560806978,0.5817695378109445,1.6348916798413717,-2.0754896562550393,18,24,4,1,23
-0.22561951397603425,-0.3801705292698392,0.4666709180192524,-0.2824001958759379,-1.9925470126341573,19,24,4,1,1
-0.2348086188281274,-0.3801705292698392,1.5025584961444813,-0.2110959525641372,-1.8977554199245896,20,24,4,1,1
-0.2531868285323137,-0.3210616024589805,0.5817695378109445,-0.2110959525641372,-1.7911148781263198,21,24,4,1,1
-0.3175105624969657,-0.3801705292698392,1.0421640169777129,-0.2110959525641372,-1.767416979948932,22,24,4,1,23
-0.3175105624969657,-0.2028437488372633,0.4666709180192524,-0.2110959525641372,-1.7081722345054544,23,24,4,1,23
-0.28994324794068627,0.03359195840617116,0.4666709180192524,-0.2110959525641372,-1.6370785399732743,0,25,4,2,23
-0.2991323527927794,-0.2028437488372633,0.4666709180192524,-0.2110959525641372,-1.589682743618499,1,25,4,2,23
-0.2531868285323137,0.210918738838747,-0.22392080073090012,-0.2110959525641372,-1.554135896352409,2,25,4,2,23
-0.2623759333844068,0.210918738838747,0.00627643885248406,-0.2110959525641372,-1.518589049086319,3,25,4,2,23
-0.2623759333844068,0.1518098120278884,0.00627643885248406,-0.2110959525641372,-1.4830422018202292,4,25,4,2,23
-0.2348086188281274,0.32913659246046423,-0.22392080073090012,-0.2824001958759379,-1.4356464054654368,5,25,4,2,23
-0.22561951397603425,0.1518098120278884,0.5817695378109445,-0.2824001958759379,-1.3290058636671669,6,25,4,2,25
-0.1796739897155685,0.210918738838747,0.4666709180192524,-0.6626894935388755,-1.2342142709575994,7,25,4,2,25
-0.09697204604673021,0.683790153325616,0.4666709180192524,-0.2824001958759379,-1.1512716273367338,8,25,4,2,24
0.031675421882573815,1.0975526410016263,0.00627643885248406,-0.2824001958759379,-1.0683289837158518,9,25,4,2,24
0.031675421882573815,0.7428990801364745,-0.6843152798976685,-0.2824001958759379,-0.9853863400949864,10,25,4,2,24
0.013297212178387549,0.1518098120278884,0.23647367843586825,1.6348916798413717,-0.9735373910062841,11,25,4,2,23
-0.06021562663835764,-0.1437348220264047,0.5817695378109445,1.6348916798413717,-0.9379905437401941,12,25,4,2,23
-0.22561951397603425,-0.7348240901349908,0.5817695378109445,1.6348916798413717,-0.9024436964741042,13,25,4,2,23
-0.07859383634254392,-0.6166062365132736,0.4666709180192524,-0.2824001958759379,-0.8787457982967164,14,25,4,2,23
-0.18886309456766168,-0.4392794560806978,0.00627643885248406,-0.2824001958759379,-0.795803154675851,15,25,4,2,25
-0.3726451916095246,-1.1485865778110012,0.23647367843586825,-0.2824001958759379,-0.7602563074097611,16,25,4,2,23
-0.3726451916095246,-1.1485865778110012,0.8119667773943287,1.6348916798413717,-0.7128605110549688,17,25,4,2,23
-0.4094016110178971,-1.030368724189284,0.8119667773943287,1.6348916798413717,-0.6536157656114912,18,25,4,2,23
-0.22561951397603425,-0.4392794560806978,0.23647367843586825,-0.2824001958759379,-0.5825220710793113,19,25,4,2,23
-0.2531868285323137,-0.4983883828915564,0.23647367843586825,-0.2110959525641372,-0.5232773256358336,20,25,4,2,23
-0.2348086188281274,-0.3801705292698392,-0.22392080073090012,-0.2110959525641372,-0.45218363110365367,21,25,4,2,23
-0.21643040912394107,-0.1437348220264047,-0.6843152798976685,-0.2110959525641372,-0.42848573292626596,22,25,4,2,23
-0.21643040912394107,-0.08462589521554607,-0.6843152798976685,-0.2110959525641372,-0.42848573292626596,23,25,4,2,1
-0.15210667515928908,0.210918738838747,-0.9145125194810526,-0.2110959525641372,-0.4403346820149514,0,26,4,3,23
-0.21643040912394107,0.2700276656496056,-0.6843152798976685,-0.2110959525641372,-0.45218363110365367,1,26,4,3,19
-0.2807541430885931,0.3882455192713229,-0.9145125194810526,-0.2110959525641372,-0.45218363110365367,2,26,4,3,19
-0.28994324794068627,0.3882455192713229,-0.4541180403142843,-0.2110959525641372,-0.46403258019235594,3,26,4,3,0
-0.3726451916095246,0.3882455192713229,-0.9145125194810526,-0.2110959525641372,-0.46403258019235594,4,26,4,3,0
-0.3542669819053383,0.4473544460821815,-0.6843152798976685,-0.2824001958759379,-0.42848573292626596,5,26,4,3,0
-0.28994324794068627,0.5064633728930401,-1.259808378856129,1.6348916798413717,-0.40478783474887825,6,26,4,3,0
-0.15210667515928908,0.2700276656496056,-0.9145125194810526,1.6348916798413717,-0.392938885660176,7,26,4,3,23
-0.16129578001138223,0.03359195840617116,-0.9145125194810526,1.6348916798413717,-0.392938885660176,8,26,4,3,1
-0.2623759333844068,-0.4392794560806978,-0.9145125194810526,1.6348916798413717,-0.4758815292810413,9,26,4,3,1
-0.20724130427184798,-0.7348240901349908,-0.4541180403142843,1.6348916798413717,-0.5351262747245359,10,26,4,3,23
-0.20724130427184798,-0.9121508705675667,-0.9145125194810526,1.6348916798413717,-0.6654647147001934,11,26,4,3,1
-0.18886309456766168,-0.9121508705675667,-0.22392080073090012,1.6348916798413717,-0.7839542055871488,12,26,4,3,1
-0.16129578001138223,-0.9121508705675667,-0.22392080073090012,1.6348916798413717,-0.9616884419175986,13,26,4,3,1
-0.27156503823649997,-1.3259133582435771,0.23647367843586825,-0.2824001958759379,-1.1512716273367338,14,26,4,3,1
-0.28994324794068627,-1.3850222850544356,0.4666709180192524,1.6348916798413717,-1.2697611182236892,15,26,4,3,1
-0.28994324794068627,-1.4441312118652943,0.4666709180192524,-0.2824001958759379,-1.4356464054654368,16,26,4,3,1
-0.1153502557509165,-0.9712597973784254,0.00627643885248406,-0.6626894935388755,-1.4830422018202292,17,26,4,3,24
0.2614030431849025,0.7428990801364745,0.4666709180192524,-0.6626894935388755,-1.5778337945297967,18,26,4,3,24
0.2797812528890887,0.9202258605690504,0.00627643885248406,-0.6626894935388755,-1.6015316927071845,19,26,4,3,24
0.298159462593275,1.0384437141907676,-0.9145125194810526,-0.2110959525641372,-1.6133806417958867,20,26,4,3,24
0.3349158820016476,1.2157704946233434,-0.6843152798976685,-1.4232680888647506,-1.6370785399732743,21,26,4,3,28
0.298159462593275,1.2157704946233434,-1.0296111392727447,-1.4232680888647506,-1.7081722345054544,22,26,4,3,3
0.2522139383328093,1.3339883482450607,-0.22392080073090012,-1.4232680888647506,-1.731870132682842,23,26,4,3,28
0.14194468010769154,1.274879421434202,0.8119667773943287,-1.4232680888647506,-1.6370785399732743,0,27,4,4,28
0.004108107326294396,1.0975526410016263,0.00627643885248406,-0.2110959525641372,-1.554135896352409,1,27,4,4,24
0.022486317030480662,1.156661567812485,0.00627643885248406,-0.2110959525641372,-1.4948911509089144,2,27,4,4,24
-0.06940473149045077,0.9202258605690504,0.8119667773943287,-0.2110959525641372,-1.400099558199347,3,27,4,4,23
-0.14291757030719593,0.7428990801364745,1.0421640169777129,-0.2110959525641372,-1.3171569145784816,4,27,4,4,23
-0.28994324794068627,0.5064633728930401,1.272361256561097,-0.2824001958759379,-1.2105163727802115,5,27,4,4,25
-0.39102340131371083,0.3882455192713229,1.5025584961444813,-0.2824001958759379,-1.0564800346271663,6,27,4,4,23
-0.5012926595388286,0.210918738838747,1.9629529753112496,-1.1697418904227923,-0.9498394928288963,7,27,4,4,35
-0.48291444983464227,0.09270088521702978,1.272361256561097,-0.2824001958759379,-0.8550479001193287,8,27,4,4,35
-0.528859974095108,-0.1437348220264047,1.9629529753112496,-0.2824001958759379,-0.7721052564984465,9,27,4,4,35
-0.5196708692430149,-0.3801705292698392,1.7327557357278653,-0.2824001958759379,-0.6773136637888789,10,27,4,4,35
-0.5748054983555737,-0.3801705292698392,1.7327557357278653,-0.2824001958759379,-0.5588241729019235,11,27,4,4,1
-0.6115619177639463,-0.3801705292698392,2.3082488346863257,-0.2824001958759379,-0.4758815292810413,12,27,4,4,35
-0.6942638614327847,-0.6166062365132736,2.53844607426971,-0.2824001958759379,-0.34554308930538374,13,27,4,4,1
-0.721831175989064,-0.4983883828915564,2.53844607426971,-0.2824001958759379,-0.2270535984184284,14,27,4,4,1
-0.7034529662848779,-0.6166062365132736,1.7327557357278653,-0.2824001958759379,-0.15595990388624847,15,27,4,4,1
-0.776965805101623,-0.7348240901349908,1.7327557357278653,-0.2824001958759379,-0.0967151584427708,16,27,4,4,1
-0.8137222245099955,-0.7348240901349908,2.078051595102942,-0.2824001958759379,0.04547223062158908,17,27,4,4,1
-0.8964241681788339,-0.7939330169458495,1.5025584961444813,-0.2824001958759379,0.152112772419859,18,27,4,4,1
-0.9423696924392996,-0.853041943756708,0.8119667773943287,-0.2824001958759379,0.23505541604072436,19,27,4,4,1
-0.8964241681788339,-0.6757151633241323,1.0421640169777129,-0.2110959525641372,0.36539385601638197,20,27,4,4,1
-0.8872350633267407,-0.5574973097024151,0.4666709180192524,-0.2110959525641372,0.4364875505485619,21,27,4,4,1
-0.9515587972913927,-0.7348240901349908,0.5817695378109445,-0.2110959525641372,0.49573229599203955,22,27,4,4,1
-0.9423696924392996,-0.7348240901349908,0.23647367843586825,-0.2110959525641372,0.5312791432581295,23,27,4,4,1
-0.9148023778830202,-0.6166062365132736,0.23647367843586825,-0.2110959525641372,0.5549770414355173,0,28,4,5,1
-0.9883152166997653,-0.7348240901349908,0.4666709180192524,-0.2110959525641372,0.5431280923468318,1,28,4,5,1
-0.9791261118476722,-0.6757151633241323,0.8119667773943287,-0.2110959525641372,0.5312791432581295,2,28,4,5,1
-1.0710171603686036,-0.853041943756708,0.23647367843586825,-0.2110959525641372,0.5786749396129218,3,28,4,5,1
-1.1353408943332557,-0.9121508705675667,1.0421640169777129,-0.2110959525641372,0.6497686341450849,4,28,4,5,1
-1.1169626846290694,-0.7939330169458495,1.272361256561097,-0.2824001958759379,0.7327112777659671,5,28,4,5,1
-1.218042838002094,-0.9121508705675667,0.8119667773943287,1.6348916798413717,0.8156539213868325,6,28,4,5,19
-1.153719104037442,-0.9121508705675667,1.7327557357278653,1.6348916798413717,0.8275028704755347,7,28,4,5,19
-1.153719104037442,-1.1485865778110012,1.0421640169777129,1.6348916798413717,0.8630497177416248,8,28,4,5,19
-1.1261517894811626,-1.2668044314327185,1.9629529753112496,1.6348916798413717,0.874898666830327,9,28,4,5,19
-0.9148023778830202,-1.030368724189284,1.5025584961444813,1.6348916798413717,0.8038049722981471,10,28,4,5,19
-1.1445299991853488,-1.8578936995413047,1.0421640169777129,1.6348916798413717,0.7801070741207425,11,28,4,5,19
-1.1261517894811626,-1.9761115531630218,1.7327557357278653,1.6348916798413717,0.7445602268546694,12,28,4,5,19
-1.2547992574104665,-2.271656187217315,1.9629529753112496,1.6348916798413717,0.6734665323224894,13,28,4,5,19
-1.218042838002094,-2.3307651140281735,1.0421640169777129,1.6348916798413717,0.6142217868789949,14,28,4,5,19
-1.1996646282979078,-2.389874040839032,2.3082488346863257,1.6348916798413717,0.5312791432581295,15,28,4,5,19
-1.2456101525583734,-2.448982967649891,1.7327557357278653,1.6348916798413717,0.4838833469033373,16,28,4,5,19
-1.2639883622625596,-2.5080918944607493,1.5025584961444813,1.6348916798413717,0.4720343978146519,17,28,4,5,19
-1.273177467114653,-2.5080918944607493,1.0421640169777129,1.6348916798413717,0.4483364996372642,18,28,4,5,0
-1.282366571966746,-2.389874040839032,0.4666709180192524,1.6348916798413717,0.4838833469033373,19,28,4,5,0
-1.1720973137416282,-1.9761115531630218,-0.4541180403142843,-0.2110959525641372,0.5431280923468318,20,28,4,5,19
-1.1261517894811626,-1.5623490654870116,-0.4541180403142843,-0.2110959525641372,0.5905238887016072,21,28,4,5,0
-1.1445299991853488,-1.5623490654870116,-0.6843152798976685,-0.2110959525641372,0.6023728377903095,22,28,4,5,23
-1.0710171603686036,-1.2076955046218598,-1.0296111392727447,-0.2110959525641372,0.5905238887016072,23,28,4,5,23
-1.0434498458123243,-1.0894776510001425,-0.9145125194810526,-0.2110959525641372,0.5549770414355173,0,29,4,6,1
-1.034260740960231,-1.2076955046218598,-0.4541180403142843,-0.2110959525641372,0.5194301941694273,1,29,4,6,19
-0.9239914827351133,-0.9121508705675667,-0.4541180403142843,-0.2110959525641372,0.5194301941694273,2,29,4,6,19
-0.9515587972913927,-0.853041943756708,-0.22392080073090012,-0.2110959525641372,0.49573229599203955,3,29,4,6,23
-0.9423696924392996,-0.6166062365132736,-0.6843152798976685,-0.2110959525641372,0.5075812450807419,4,29,4,6,19
-1.1996646282979078,-1.503240138676153,0.4666709180192524,1.6348916798413717,0.5549770414355173,5,29,4,6,23
-1.282366571966746,-1.7396758459195873,0.5817695378109445,1.6348916798413717,0.6260707359676971,6,29,4,6,23
-1.3283120962272117,-1.9170026263521631,1.272361256561097,1.6348916798413717,0.6971644304998771,7,29,4,6,23
-1.3099338865230254,-1.9761115531630218,0.4666709180192524,1.6348916798413717,0.7090133795885794,8,29,4,6,23
-1.3099338865230254,-2.212547260406456,0.4666709180192524,1.6348916798413717,0.6971644304998771,9,29,4,6,19
-1.282366571966746,-2.3307651140281735,1.272361256561097,1.6348916798413717,0.7327112777659671,10,29,4,6,0
-1.3007447816709323,-2.389874040839032,1.0421640169777129,1.6348916798413717,0.6734665323224894,11,29,4,6,0
-1.1996646282979078,-2.389874040839032,1.0421640169777129,1.6348916798413717,0.6734665323224894,12,29,4,6,0
-1.2547992574104665,-2.567200821271608,1.9629529753112496,1.6348916798413717,0.6971644304998771,13,29,4,6,0
-1.3099338865230254,-2.685418674893325,0.8119667773943287,1.6348916798413717,0.7090133795885794,14,29,4,6,0
-1.3375012010793048,-2.744527601704184,1.9629529753112496,1.6348916798413717,0.6853154814111748,15,29,4,6,0
-1.3191229913751186,-2.744527601704184,1.5025584961444813,1.6348916798413717,0.7208623286772649,16,29,4,6,19
-1.2915556768188392,-2.685418674893325,1.7327557357278653,1.6348916798413717,0.7919560232094448,17,29,4,6,0
-1.3283120962272117,-2.6263097480824666,1.5025584961444813,1.6348916798413717,0.8512007686529224,18,29,4,6,0
-1.3099338865230254,-2.5080918944607493,0.5817695378109445,1.6348916798413717,0.9104455140964001,19,29,4,6,0
-1.282366571966746,-2.389874040839032,0.00627643885248406,-0.2110959525641372,1.0407839540720745,20,29,4,6,19
-1.2456101525583734,-2.271656187217315,0.4666709180192524,-0.2110959525641372,1.1355755467816422,21,29,4,6,19
-1.218042838002094,-2.1534383335955978,0.00627643885248406,-0.2110959525641372,1.1829713431364175,22,29,4,6,0
-1.1812864185937215,-1.9761115531630218,-0.22392080073090012,-0.2110959525641372,1.23036713949121,23,29,4,6,0
-1.1812864185937215,-1.8578936995413047,-0.6843152798976685,-0.2110959525641372,1.1948202922251199,0,30,4,0,0
-1.1261517894811626,-1.5623490654870116,-1.0296111392727447,-0.2110959525641372,1.2659139867572997,1,30,4,0,0
-1.1904755234458146,-1.8578936995413047,-1.7202028580228972,-0.2110959525641372,1.23036713949121,2,30,4,0,0
-1.0802062652206967,-1.503240138676153,-1.7202028580228972,-0.2110959525641372,1.23036713949121,3,30,4,0,0
-1.0618280555165105,-1.1485865778110012,-1.259808378856129,-0.2110959525641372,1.2896118849346876,4,30,4,0,0
-0.8688568536225545,-0.2619526756481219,-1.259808378856129,1.6348916798413717,1.3962524267329575,5,30,4,0,19
-0.6299401274681325,-0.4983883828915564,-1.7202028580228972,1.6348916798413717,1.5147419176199128,6,30,4,0,19
-0.905613273030927,-1.7396758459195873,-1.7202028580228972,1.6348916798413717,1.562137713974705,7,30,4,0,19
-0.8137222245099955,-1.6805669191087287,-0.4541180403142843,1.6348916798413717,1.6095335103294803,8,30,4,0,23
-0.8229113293620888,-1.798784772730446,-0.9145125194810526,1.6348916798413717,1.491044019442525,9,30,4,0,23
-0.8504786439183681,-1.9170026263521631,-0.9145125194810526,1.6348916798413717,1.491044019442525,10,30,4,0,23
-0.7126420711369709,-1.9170026263521631,-1.7202028580228972,1.6348916798413717,1.3607055794668674,11,30,4,0,23
-0.528859974095108,-1.6805669191087287,-1.0296111392727447,1.6348916798413717,1.3014608340233897,12,30,4,0,23
-0.6299401274681325,-2.1534383335955978,-0.4541180403142843,1.6348916798413717,1.1355755467816422,13,30,4,0,23
-0.528859974095108,-1.9761115531630218,-0.9145125194810526,1.6348916798413717,1.0407839540720745,14,30,4,0,23
-0.6207510226160394,-2.1534383335955978,0.00627643885248406,1.6348916798413717,0.9222944631851023,15,30,4,0,23
-0.5839946032076668,-2.1534383335955978,-0.6843152798976685,1.6348916798413717,0.874898666830327,16,30,4,0,23
-0.648318337172319,-2.212547260406456,-0.6843152798976685,-0.2824001958759379,0.8038049722981471,17,30,4,0,1
-0.6023728129118533,-2.1534383335955978,-0.22392080073090012,-0.2110959525641372,0.7445602268546694,18,30,4,0,1
-0.5656163935034806,-2.0352204799738804,-0.4541180403142843,-0.2110959525641372,0.6497686341450849,19,30,4,0,1
-0.5012926595388286,-1.9170026263521631,-0.4541180403142843,-0.2110959525641372,0.5668259905242196,20,30,4,0,1
-0.5748054983555737,-2.0352204799738804,-0.22392080073090012,-0.2110959525641372,0.5194301941694273,21,30,4,0,1
-0.528859974095108,-1.9761115531630218,-0.4541180403142843,-0.2110959525641372,0.49573229599203955,22,30,4,0,1
-0.41859071586999036,-1.6214579922978702,-1.0296111392727447,-0.2110959525641372,0.4720343978146519,23,30,4,0,1
-0.4094016110178971,-1.6805669191087287,-0.4541180403142843,-0.2110959525641372,0.3179980596615897,0,1,5,1,1
-0.32669966734905886,-1.3850222850544356,0.4666709180192524,-0.2110959525641372,0.19950856877463438,1,1,5,1,25
-0.07859383634254392,-0.6166062365132736,-0.9145125194810526,-0.2110959525641372,0.2232064669520221,2,1,5,1,25
0.05924273643885328,0.03359195840617116,0.00627643885248406,-0.2110959525641372,0.1758106705972467,3,1,5,1,25
0.105188260699319,0.2700276656496056,0.23647367843586825,-0.2110959525641372,0.11656592515376903,4,1,5,1,24
0.23383572862862298,0.9202258605690504,1.0421640169777129,-1.2965049896437713,0.09286802697636448,5,1,5,1,24
0.298159462593275,1.156661567812485,1.0421640169777129,-1.4232680888647506,0.11656592515376903,6,1,5,1,28
0.3073485674453682,1.156661567812485,-0.22392080073090012,-1.4232680888647506,0.11656592515376903,7,1,5,1,24
0.3073485674453682,1.156661567812485,0.23647367843586825,-1.4232680888647506,0.09286802697636448,8,1,5,1,28
0.3900505111142065,1.3339883482450607,-0.22392080073090012,-1.4232680888647506,0.04547223062158908,9,1,5,1,7
0.40842872081839277,1.0975526410016263,-1.0296111392727447,-0.9162156919808337,0.08101907788767905,10,1,5,1,1
0.40842872081839277,0.9793347873799091,-1.0296111392727447,-0.9162156919808337,0.09286802697636448,11,1,5,1,1
0.4911306644872311,0.8611169337581918,-0.9145125194810526,-0.9162156919808337,0.03362328153288681,12,1,5,1,1
0.4543742450788585,0.8020080069473332,-1.7202028580228972,-0.9162156919808337,0.08101907788767905,13,1,5,1,1
0.48194155963513796,0.8020080069473332,-1.7202028580228972,-0.9162156919808337,0.11656592515376903,14,1,5,1,1
0.4911306644872311,0.9793347873799091,-0.6843152798976685,-1.4232680888647506,0.12841487424245446,15,1,5,1,2
0.4911306644872311,1.156661567812485,-0.6843152798976685,-1.8114800802289992,0.14026382333115672,16,1,5,1,3
0.5370761887476968,1.3339883482450607,-0.9145125194810526,-1.874861629839489,0.18765961968593212,17,1,5,1,28
0.5186979790435104,1.3339883482450607,-0.9145125194810526,-2.001624729060468,0.294300161484202,18,1,5,1,28
0.5186979790435104,1.3930972750559194,-0.6843152798976685,-2.0333155038657127,0.3535449069276797,19,1,5,1,3
0.5003197693393242,1.452206201866778,-1.0296111392727447,-1.874861629839489,0.40094070328247194,20,1,5,1,3
0.4911306644872311,1.452206201866778,-0.6843152798976685,-2.001624729060468,0.3890917541937697,21,1,5,1,3
0.4911306644872311,1.452206201866778,-1.0296111392727447,-2.0333155038657127,0.3890917541937697,22,1,5,1,3
0.4911306644872311,1.452206201866778,-1.0296111392727447,-2.001624729060468,0.42463860145985965,23,1,5,1,3
0.4911306644872311,1.5113151286776365,-1.0296111392727447,-2.0650062786709578,0.4483364996372642,0,2,5,2,3
0.48194155963513796,1.6295329822993538,-1.0296111392727447,-2.1442332156840695,0.46018544872594963,1,2,5,2,7
0.47275245478304484,1.5113151286776365,-1.259808378856129,-2.160078603086692,0.46018544872594963,2,2,5,2,7
0.47275245478304484,1.5113151286776365,-1.259808378856129,-2.160078603086692,0.5194301941694273,3,2,5,2,7
0.4543742450788585,1.5113151286776365,-0.6843152798976685,-2.0966970534762024,0.5549770414355173,4,2,5,2,7
0.43599603537467224,1.5113151286776365,-0.22392080073090012,-2.112542440878825,0.6142217868789949,5,2,5,2,7
0.4543742450788585,1.5113151286776365,-0.4541180403142843,-2.0650062786709578,0.6260707359676971,6,2,5,2,7
0.43599603537467224,1.5113151286776365,0.23647367843586825,-2.112542440878825,0.768258125032057,7,2,5,2,3
0.4268069305225791,1.452206201866778,0.00627643885248406,-2.001624729060468,0.7801070741207425,8,2,5,2,7
0.44518514022676536,1.3339883482450607,-0.22392080073090012,-1.6847169810080203,0.7445602268546694,9,2,5,2,7
0.48194155963513796,1.274879421434202,-0.22392080073090012,-1.6847169810080203,0.8038049722981471,10,2,5,2,7
0.5003197693393242,1.0975526410016263,-0.22392080073090012,-1.1697418904227923,0.7919560232094448,11,2,5,2,1
0.5003197693393242,0.8020080069473332,-0.22392080073090012,-1.1697418904227923,0.6971644304998771,12,2,5,2,1
0.5278870838956037,0.683790153325616,0.23647367843586825,-1.1697418904227923,0.6142217868789949,13,2,5,2,1
0.5462652935997899,0.3882455192713229,-0.4541180403142843,-0.9162156919808337,0.5431280923468318,14,2,5,2,23
0.6013999227123488,0.2700276656496056,0.4666709180192524,-0.9162156919808337,0.4364875505485619,15,2,5,2,23
0.5922108178602556,0.03359195840617116,0.4666709180192524,-0.6626894935388755,0.37724280510508423,16,2,5,2,23
0.5830217130081625,-0.1437348220264047,0.23647367843586825,-0.2824001958759379,0.3061491105729043,17,2,5,2,23
0.5922108178602556,-0.08462589521554607,0.00627643885248406,-0.2824001958759379,0.2706022633068143,18,2,5,2,1
0.5922108178602556,-0.08462589521554607,0.00627643885248406,-0.2824001958759379,0.28245121239551657,19,2,5,2,23
0.5922108178602556,0.210918738838747,-0.4541180403142843,-0.2110959525641372,0.34169595783899426,20,2,5,2,23
0.5003197693393242,-0.08462589521554607,0.23647367843586825,-0.2110959525641372,0.25875331421811204,21,2,5,2,23
0.47275245478304484,0.03359195840617116,0.4666709180192524,-0.2110959525641372,0.19950856877463438,22,2,5,2,25
0.5646435033039762,0.8020080069473332,0.4666709180192524,-0.2110959525641372,0.152112772419859,23,2,5,2,25
0.5830217130081625,0.9202258605690504,0.23647367843586825,-0.2110959525641372,0.12841487424245446,0,3,5,3,1
0.5830217130081625,1.0384437141907676,0.00627643885248406,-0.2110959525641372,0.14026382333115672,1,3,5,3,1
0.5646435033039762,0.9202258605690504,0.23647367843586825,-0.2110959525641372,0.152112772419859,2,3,5,3,1
0.5462652935997899,0.9202258605690504,0.00627643885248406,-0.2110959525641372,0.18765961968593212,3,3,5,3,1
0.5370761887476968,0.9202258605690504,0.23647367843586825,-0.2110959525641372,0.2232064669520221,4,3,5,3,1
0.5370761887476968,0.9793347873799091,-0.22392080073090012,-0.2824001958759379,0.28245121239551657,5,3,5,3,1
0.5462652935997899,0.8611169337581918,-0.22392080073090012,-0.2824001958759379,0.3061491105729043,6,3,5,3,1
0.555454398451883,0.8020080069473332,0.00627643885248406,-0.2824001958759379,0.36539385601638197,7,3,5,3,1
0.5738326081560694,0.683790153325616,0.00627643885248406,-0.2824001958759379,0.4364875505485619,8,3,5,3,1
0.6473454469728145,0.5655722997038988,0.23647367843586825,-0.2824001958759379,0.4364875505485619,9,3,5,3,1
0.674912761529094,0.4473544460821815,-0.22392080073090012,-0.2824001958759379,0.46018544872594963,10,3,5,3,1
0.7116691809374666,0.2700276656496056,-0.4541180403142843,-0.2824001958759379,0.42463860145985965,11,3,5,3,1
0.7116691809374666,0.1518098120278884,0.00627643885248406,-0.2824001958759379,0.4127896523711742,12,3,5,3,1
0.748425600345839,0.210918738838747,-0.22392080073090012,-0.2824001958759379,0.3890917541937697,13,3,5,3,1
0.7576147051979323,0.1518098120278884,-0.4541180403142843,-0.2824001958759379,0.37724280510508423,14,3,5,3,1
0.7759929149021185,0.210918738838747,-0.9145125194810526,-0.2824001958759379,0.25875331421811204,15,3,5,3,1
0.8127493343104911,0.2700276656496056,-0.22392080073090012,-0.2824001958759379,0.14026382333115672,16,3,5,3,1
0.8127493343104911,0.2700276656496056,-1.0296111392727447,-0.2824001958759379,0.19950856877463438,17,3,5,3,25
0.8586948585709568,0.6246812265147573,-0.9145125194810526,-0.2824001958759379,0.18765961968593212,18,3,5,3,1
0.8127493343104911,0.5064633728930401,-1.0296111392727447,-0.2824001958759379,0.152112772419859,19,3,5,3,1
0.7851820197542116,0.5655722997038988,-0.4541180403142843,-0.2110959525641372,0.09286802697636448,20,3,5,3,1
0.7576147051979323,0.7428990801364745,-0.22392080073090012,-0.2110959525641372,-0.013772514821888588,21,3,5,3,23
0.7024800760853733,0.683790153325616,-0.4541180403142843,-0.2110959525641372,-0.04931936208797856,22,3,5,3,1
0.7208582857895597,0.7428990801364745,-0.4541180403142843,-0.2110959525641372,-0.07301726026538309,23,3,5,3,24
0.748425600345839,0.9202258605690504,-0.22392080073090012,-0.2110959525641372,-0.23890254750713066,0,4,5,4,1
0.7576147051979323,1.0384437141907676,0.23647367843586825,-0.2110959525641372,-0.4166367838375637,1,4,5,4,1
0.7759929149021185,1.156661567812485,-0.22392080073090012,-1.4232680888647506,-0.357392038394086,2,4,5,4,3
0.7943711246063048,1.2157704946233434,-0.4541180403142843,-1.5579538817870409,-0.46403258019235594,3,4,5,4,3
0.7943711246063048,1.2157704946233434,-1.0296111392727447,-1.5579538817870409,-0.4166367838375637,4,4,5,4,3
0.7943711246063048,1.2157704946233434,-1.0296111392727447,-1.5579538817870409,-0.45218363110365367,5,4,5,4,7
0.803560229458398,1.2157704946233434,-0.4541180403142843,-1.9065524046447335,-0.42848573292626596,6,4,5,4,3
0.8403166488667705,1.2157704946233434,-0.9145125194810526,-1.8114800802289992,-0.4166367838375637,7,4,5,4,3
0.8770730682751431,1.3339883482450607,-1.0296111392727447,-1.9065524046447335,-0.392938885660176,8,4,5,4,3
0.8586948585709568,1.3339883482450607,-0.4541180403142843,-1.874861629839489,-0.40478783474887825,9,4,5,4,3
0.86788396342305,1.274879421434202,-0.4541180403142843,-1.4232680888647506,-0.40478783474887825,10,4,5,4,3
0.8954512779793296,1.0975526410016263,-0.9145125194810526,-0.9162156919808337,-0.392938885660176,11,4,5,4,1
0.8862621731272362,0.8611169337581918,-1.7202028580228972,-0.2824001958759379,-0.4166367838375637,12,4,5,4,1
0.9230185925356088,0.7428990801364745,-0.6843152798976685,-0.2824001958759379,-0.40478783474887825,13,4,5,4,1
0.9138294876835157,0.7428990801364745,-0.6843152798976685,-0.2824001958759379,-0.3810899365714737,14,4,5,4,1
0.9597750119439814,0.6246812265147573,-0.6843152798976685,-0.2824001958759379,-0.392938885660176,15,4,5,4,1
0.9505859070918884,0.683790153325616,-0.9145125194810526,-0.2824001958759379,-0.3336941402166983,16,4,5,4,1
0.9505859070918884,0.5064633728930401,-0.9145125194810526,-0.2824001958759379,-0.30999624203929377,17,4,5,4,1
0.9597750119439814,0.4473544460821815,-1.259808378856129,-0.2824001958759379,-0.30999624203929377,18,4,5,4,23
0.9597750119439814,0.9202258605690504,-0.6843152798976685,-1.4232680888647506,-0.27444939477322067,19,4,5,4,25
1.0057205362044472,1.2157704946233434,-0.6843152798976685,-0.2110959525641372,-0.19150675115233842,20,4,5,4,23
0.6657236566770008,0.5064633728930401,1.9629529753112496,-0.2110959525641372,-0.07301726026538309,21,4,5,4,1
0.2614030431849025,0.03359195840617116,1.7327557357278653,-0.2110959525641372,0.03362328153288681,22,4,5,4,23
0.18789020436815726,0.03359195840617116,0.23647367843586825,-0.2110959525641372,0.14026382333115672,23,4,5,4,23
0.14194468010769154,0.3882455192713229,-1.259808378856129,-0.2110959525641372,0.23505541604072436,0,5,5,5,19
0.07762094614303955,0.32913659246046423,-0.4541180403142843,-0.2110959525641372,0.3179980596615897,1,5,5,5,19
0.031675421882573815,0.2700276656496056,-0.4541180403142843,-0.2110959525641372,0.36539385601638197,2,5,5,5,19
-0.08778294119463706,0.210918738838747,0.00627643885248406,-0.2110959525641372,0.4364875505485619,3,5,5,5,19
-0.21643040912394107,0.03359195840617116,-0.4541180403142843,-0.2110959525641372,0.46018544872594963,4,5,5,5,19
-0.28994324794068627,-0.08462589521554607,0.23647367843586825,-0.2824001958759379,0.5194301941694273,5,5,5,5,19
-0.2991323527927794,-0.2619526756481219,0.00627643885248406,1.6348916798413717,0.5905238887016072,6,5,5,5,19
-0.2991323527927794,-0.4392794560806978,0.4666709180192524,1.6348916798413717,0.6734665323224894,7,5,5,5,19
-0.20724130427184798,-0.4392794560806978,0.23647367843586825,1.6348916798413717,0.7208623286772649,8,5,5,5,19
-0.17048488486347538,-0.4983883828915564,-0.6843152798976685,1.6348916798413717,0.8156539213868325,9,5,5,5,19
-0.12453936060300964,-0.6166062365132736,-0.4541180403142843,1.6348916798413717,0.8630497177416248,10,5,5,5,19
-0.16129578001138223,-1.030368724189284,-0.22392080073090012,1.6348916798413717,0.8038049722981471,11,5,5,5,19
-0.19805219941975483,-1.3259133582435771,-0.4541180403142843,1.6348916798413717,0.7564091759433548,12,5,5,5,19
-0.2991323527927794,-1.6805669191087287,-0.22392080073090012,1.6348916798413717,0.6853154814111748,13,5,5,5,23
-0.32669966734905886,-1.9170026263521631,-0.9145125194810526,1.6348916798413717,0.6379196850563994,14,5,5,5,19
-0.32669966734905886,-2.094329406784739,-1.0296111392727447,1.6348916798413717,0.5905238887016072,15,5,5,5,19
-0.45534713527836285,-2.3307651140281735,0.23647367843586825,1.6348916798413717,0.5431280923468318,16,5,5,5,0
-0.400212506165804,-2.212547260406456,-0.6843152798976685,1.6348916798413717,0.5668259905242196,17,5,5,5,0
-0.4921035546867354,-2.3307651140281735,-0.4541180403142843,1.6348916798413717,0.5549770414355173,18,5,5,5,19
-0.5104817643909217,-2.271656187217315,-1.7202028580228972,1.6348916798413717,0.5786749396129218,19,5,5,5,19
-0.41859071586999036,-1.8578936995413047,-1.259808378856129,-0.2110959525641372,0.6734665323224894,20,5,5,5,19
-0.48291444983464227,-1.9761115531630218,-1.0296111392727447,-0.2110959525641372,0.7090133795885794,21,5,5,5,23
-0.6207510226160394,-2.212547260406456,-0.6843152798976685,-0.2110959525641372,0.7090133795885794,22,5,5,5,1
-0.6942638614327847,-2.271656187217315,-0.22392080073090012,-0.2110959525641372,0.6971644304998771,23,5,5,5,1
-0.6666965468765051,-2.1534383335955978,-0.6843152798976685,-0.2110959525641372,0.7327112777659671,0,6,5,6,23
-0.6115619177639463,-1.9170026263521631,0.00627643885248406,-0.2110959525641372,0.6616175832337872,1,6,5,6,19
-0.528859974095108,-1.2668044314327185,-0.22392080073090012,-0.2110959525641372,0.6853154814111748,2,6,5,6,19
-0.41859071586999036,-0.853041943756708,0.23647367843586825,-0.2110959525641372,0.7327112777659671,3,6,5,6,19
-0.5656163935034806,-1.1485865778110012,0.23647367843586825,-0.2110959525641372,0.7327112777659671,4,6,5,6,19
-0.5472381837992943,-1.030368724189284,0.5817695378109445,1.6348916798413717,0.7801070741207425,5,6,5,6,23
-0.5196708692430149,-1.1485865778110012,0.8119667773943287,1.6348916798413717,0.7919560232094448,6,6,5,6,1
-0.44615803042626967,-1.2076955046218598,0.8119667773943287,1.6348916798413717,0.8630497177416248,7,6,5,6,1
-0.335888772201152,-1.2076955046218598,0.23647367843586825,1.6348916798413717,0.8985965650077147,8,6,5,6,23
-0.3175105624969657,-1.3850222850544356,0.5817695378109445,1.6348916798413717,0.9578413104511924,9,6,5,6,19
-0.335888772201152,-1.6805669191087287,0.00627643885248406,1.6348916798413717,0.9341434122738046,10,6,5,6,19
-0.6023728129118533,-2.271656187217315,0.00627643885248406,1.6348916798413717,0.8512007686529224,11,6,5,6,19
-0.5012926595388286,-2.212547260406456,-1.0296111392727447,1.6348916798413717,0.8156539213868325,12,6,5,6,19
-0.3450778770532451,-2.0352204799738804,-0.9145125194810526,1.6348916798413717,0.7208623286772649,13,6,5,6,19
-0.44615803042626967,-2.271656187217315,-0.6843152798976685,1.6348916798413717,0.6616175832337872,14,6,5,6,19
-0.5104817643909217,-2.448982967649891,-1.0296111392727447,1.6348916798413717,0.6616175832337872,15,6,5,6,19
-0.48291444983464227,-2.389874040839032,-0.9145125194810526,1.6348916798413717,0.6497686341450849,16,6,5,6,19
-0.39102340131371083,-2.271656187217315,-0.4541180403142843,1.6348916798413717,0.6142217868789949,17,6,5,6,19
-0.48291444983464227,-2.389874040839032,-0.4541180403142843,1.6348916798413717,0.6023728377903095,18,6,5,6,19
-0.400212506165804,-2.0352204799738804,-0.6843152798976685,1.6348916798413717,0.6023728377903095,19,6,5,6,23
-0.3634560867574314,-1.798784772730446,-0.6843152798976685,-0.2110959525641372,0.6260707359676971,20,6,5,6,19
-0.32669966734905886,-1.6214579922978702,-1.0296111392727447,-0.2110959525641372,0.6142217868789949,21,6,5,6,19
-0.3818342964616177,-1.6214579922978702,-1.7202028580228972,-0.2110959525641372,0.6260707359676971,22,6,5,6,19
-0.4277798207220834,-1.6214579922978702,-1.7202028580228972,-0.2110959525641372,0.6142217868789949,23,6,5,6,0
-0.3818342964616177,-1.3259133582435771,-1.7202028580228972,-0.2110959525641372,0.6142217868789949,0,7,5,0,0
-0.20724130427184798,-0.2619526756481219,-1.7202028580228972,-0.2110959525641372,0.5905238887016072,1,7,5,0,0
-0.30832145764487257,-0.1437348220264047,-1.259808378856129,-0.2110959525641372,0.6023728377903095,2,7,5,0,0
-0.27156503823649997,0.1518098120278884,-1.259808378856129,-0.2110959525641372,0.5905238887016072,3,7,5,0,0
-0.1796739897155685,0.32913659246046423,-1.7202028580228972,-0.2110959525641372,0.6616175832337872,4,7,5,0,0
-0.19805219941975483,0.09270088521702978,-1.259808378856129,1.6348916798413717,0.6497686341450849,5,7,5,0,0
0.06843184129094639,0.210918738838747,-1.0296111392727447,1.6348916798413717,0.6853154814111748,6,7,5,0,0
-0.1796739897155685,-1.3259133582435771,-1.259808378856129,1.6348916798413717,0.6971644304998771,7,7,5,0,0
-0.14291757030719593,-1.5623490654870116,-0.9145125194810526,1.6348916798413717,0.7327112777659671,8,7,5,0,0
-0.5104817643909217,-2.389874040839032,-0.9145125194810526,1.6348916798413717,0.7445602268546694,9,7,5,0,0
-0.776965805101623,-2.8036365285150424,-0.22392080073090012,1.6348916798413717,0.7327112777659671,10,7,5,0,0
-0.5196708692430149,-2.567200821271608,-0.9145125194810526,1.6348916798413717,0.6379196850563994,11,7,5,0,19
-0.6207510226160394,-2.744527601704184,-0.22392080073090012,1.6348916798413717,0.5075812450807419,12,7,5,0,19
-0.44615803042626967,-2.685418674893325,-0.22392080073090012,1.6348916798413717,0.4483364996372642,13,7,5,0,19
-0.5656163935034806,-2.8036365285150424,0.4666709180192524,1.6348916798413717,0.36539385601638197,14,7,5,0,19
-0.44615803042626967,-2.744527601704184,-0.9145125194810526,1.6348916798413717,0.23505541604072436,15,7,5,0,23
-0.41859071586999036,-2.744527601704184,-0.4541180403142843,1.6348916798413717,0.10471697606506675,16,7,5,0,23
-0.5012926595388286,-2.8036365285150424,-0.22392080073090012,1.6348916798413717,0.021774332444184544,17,7,5,0,23
-0.6391292323202259,-2.9218543821367597,-0.22392080073090012,1.6348916798413717,-0.061168311176680826,18,7,5,0,23
-0.6023728129118533,-2.8036365285150424,-0.4541180403142843,1.6348916798413717,-0.1441109547975462,19,7,5,0,23
-0.5839946032076668,-2.744527601704184,-0.22392080073090012,-0.2110959525641372,-0.17965780206363616,20,7,5,0,23
-0.6115619177639463,-2.744527601704184,0.00627643885248406,-0.2110959525641372,-0.21520464932972613,21,7,5,0,0
-0.5564272886513875,-2.6263097480824666,0.23647367843586825,-0.2110959525641372,-0.2507514965958161,22,7,5,0,19
-0.43696892557417655,-2.448982967649891,0.00627643885248406,-0.2110959525641372,-0.3336941402166983,23,7,5,0,23
-0.21643040912394107,-1.9761115531630218,-0.4541180403142843,-0.2110959525641372,-0.3336941402166983,0,8,5,1,23
0.20626841407234356,-1.2076955046218598,0.00627643885248406,-0.2110959525641372,-0.3692409874827883,1,8,5,1,25
0.2614030431849025,-0.853041943756708,-1.259808378856129,-0.2110959525641372,-0.40478783474887825,2,8,5,1,1
0.3716723014100201,-0.6757151633241323,-1.0296111392727447,-0.2110959525641372,-0.48773047836974365,3,8,5,1,24
0.7208582857895597,0.6246812265147573,0.23647367843586825,-0.2110959525641372,-0.5351262747245359,4,8,5,1,24
0.7116691809374666,0.7428990801364745,0.4666709180192524,-0.2824001958759379,-0.6180689183454012,5,8,5,1,1
0.7208582857895597,1.0975526410016263,0.8119667773943287,-1.4232680888647506,-0.6417668165227889,6,8,5,1,24
0.6932909712332802,1.156661567812485,1.0421640169777129,-1.6847169810080203,-0.6773136637888789,7,8,5,1,24
0.6381563421207214,1.156661567812485,1.272361256561097,-1.6847169810080203,-0.7128605110549688,8,8,5,1,24
0.6013999227123488,1.156661567812485,1.9629529753112496,-1.6847169810080203,-0.7602563074097611,9,8,5,1,24
0.5830217130081625,1.156661567812485,1.272361256561097,-1.5579538817870409,-0.7839542055871488,10,8,5,1,28
0.6105890275644419,1.274879421434202,0.5817695378109445,-1.6847169810080203,-0.8076521037645366,11,8,5,1,28
0.6197781324165351,1.274879421434202,0.4666709180192524,-1.6847169810080203,-0.8076521037645366,12,8,5,1,28
0.6473454469728145,1.2157704946233434,0.23647367843586825,-1.6847169810080203,-0.8313500019419411,13,8,5,1,28
0.674912761529094,1.274879421434202,0.4666709180192524,-1.5579538817870409,-0.866896849208031,14,8,5,1,28
0.6841018663811871,1.2157704946233434,0.23647367843586825,-1.1697418904227923,-0.8905947473854188,15,8,5,1,24
0.7116691809374666,1.2157704946233434,0.00627643885248406,-1.1697418904227923,-0.9142926455628064,16,8,5,1,24
0.7116691809374666,1.2157704946233434,-0.6843152798976685,-1.1697418904227923,-0.9024436964741042,17,8,5,1,24
0.7116691809374666,1.274879421434202,-0.4541180403142843,-1.4232680888647506,-0.9024436964741042,18,8,5,1,28
0.7300473906416528,1.274879421434202,-1.0296111392727447,-1.5579538817870409,-0.8905947473854188,19,8,5,1,7
0.7300473906416528,1.3339883482450607,-0.6843152798976685,-1.5579538817870409,-0.8550479001193287,20,8,5,1,3
0.7392364954937459,1.3339883482450607,-1.0296111392727447,-1.5579538817870409,-0.8787457982967164,21,8,5,1,7
0.748425600345839,1.3339883482450607,-1.0296111392727447,-1.5579538817870409,-0.8905947473854188,22,8,5,1,7
0.7668038100500254,1.3930972750559194,-1.259808378856129,-1.6847169810080203,-0.9379905437401941,23,8,5,1,3
0.7759929149021185,1.3930972750559194,-1.7202028580228972,-1.9382431794499786,-0.9261415946515087,0,9,5,2,28
0.7943711246063048,1.3930972750559194,-1.7202028580228972,-1.9382431794499786,-1.0090842382723741,1,9,5,2,28
0.803560229458398,1.3930972750559194,-1.0296111392727447,-1.6847169810080203,-1.080177932804554,2,9,5,2,3
0.8127493343104911,1.3930972750559194,-1.0296111392727447,-1.8114800802289992,-1.0920268818932564,3,9,5,2,3
0.8311275440146774,1.3930972750559194,-1.0296111392727447,-1.9382431794499786,-1.1512716273367338,4,9,5,2,3
0.86788396342305,1.3930972750559194,-0.6843152798976685,-2.001624729060468,-1.1631205764254362,5,9,5,2,3
0.8862621731272362,1.3930972750559194,-0.22392080073090012,-2.001624729060468,-1.1512716273367338,6,9,5,2,3
0.9138294876835157,1.274879421434202,0.00627643885248406,-1.8114800802289992,-1.1038758309819416,7,9,5,2,7
0.8954512779793296,1.2157704946233434,0.23647367843586825,-1.6847169810080203,-1.1038758309819416,8,9,5,2,7
0.8954512779793296,1.274879421434202,-0.6843152798976685,-1.874861629839489,-1.1275737291593462,9,9,5,2,3
0.8862621731272362,0.9793347873799091,0.23647367843586825,-0.9162156919808337,-1.1631205764254362,10,9,5,2,1
0.987342326500261,0.9202258605690504,-0.6843152798976685,-0.2824001958759379,-1.2105163727802115,11,9,5,2,1
0.8403166488667705,0.4473544460821815,0.4666709180192524,-0.2824001958759379,-1.222365321868914,12,9,5,2,1
0.86788396342305,0.210918738838747,0.00627643885248406,-0.2824001958759379,-1.2934590164010937,13,9,5,2,23
0.7943711246063048,-0.1437348220264047,0.00627643885248406,-0.2824001958759379,-1.3882506091106614,14,9,5,2,23
0.8127493343104911,-0.3801705292698392,-0.22392080073090012,-0.2824001958759379,-1.5067400999976168,15,9,5,2,23
0.7208582857895597,-0.6166062365132736,-0.22392080073090012,-0.2824001958759379,-1.5778337945297967,16,9,5,2,1
0.7024800760853733,-0.6166062365132736,-0.9145125194810526,-0.2824001958759379,-1.6370785399732743,17,9,5,2,1
0.7392364954937459,-0.025516968404687458,0.5817695378109445,-0.2824001958759379,-1.6252295908845722,18,9,5,2,1
0.7668038100500254,0.1518098120278884,-0.4541180403142843,-0.2824001958759379,-1.6252295908845722,19,9,5,2,23
0.7759929149021185,0.32913659246046423,-0.9145125194810526,-0.2110959525641372,-1.6252295908845722,20,9,5,2,23
0.6381563421207214,0.03359195840617116,-0.4541180403142843,-0.2110959525641372,-1.6370785399732743,21,9,5,2,23
0.6289672372686282,0.2700276656496056,-0.22392080073090012,-0.2110959525641372,-1.6370785399732743,22,9,5,2,19
0.5278870838956037,0.683790153325616,-1.259808378856129,-0.2110959525641372,-1.660776438150662,23,9,5,2,19
0.5370761887476968,0.6246812265147573,0.00627643885248406,-0.2110959525641372,-1.6489274890619767,0,10,5,3,23
0.555454398451883,0.8611169337581918,-1.0296111392727447,-0.2110959525641372,-1.696323285416752,1,10,5,3,23
0.5462652935997899,1.0384437141907676,-0.9145125194810526,-0.2110959525641372,-1.731870132682842,2,10,5,3,1
0.5830217130081625,1.0384437141907676,-1.0296111392727447,-0.9162156919808337,-1.7792659290376343,3,10,5,3,1
0.5922108178602556,1.0384437141907676,-0.4541180403142843,-0.9162156919808337,-1.838510674481112,4,10,5,3,1
0.5095088741914173,0.9202258605690504,0.23647367843586825,-0.2824001958759379,-1.874057521747202,5,10,5,3,1
0.43599603537467224,0.8611169337581918,0.8119667773943287,-0.2824001958759379,-1.838510674481112,6,10,5,3,1
0.32572677714955445,0.9202258605690504,0.5817695378109445,-0.2824001958759379,-1.8266617253924098,7,10,5,3,1
0.2797812528890887,0.683790153325616,0.5817695378109445,-0.2824001958759379,-1.8266617253924098,8,10,5,3,1
0.22464662377652989,0.5064633728930401,1.272361256561097,-0.2824001958759379,-1.8266617253924098,9,10,5,3,1
0.24302483348071618,0.5064633728930401,1.5025584961444813,-0.2824001958759379,-1.8148127763037243,10,10,5,3,1
0.2797812528890887,0.2700276656496056,1.5025584961444813,-0.2824001958759379,-1.8622085726584996,11,10,5,3,1
0.2614030431849025,0.32913659246046423,1.7327557357278653,-0.2824001958759379,-1.8622085726584996,12,10,5,3,1
0.3165376722974613,0.3882455192713229,1.272361256561097,-0.2824001958759379,-1.8859064708359041,13,10,5,3,1
0.3073485674453682,0.4473544460821815,1.7327557357278653,-0.2824001958759379,-1.8622085726584996,14,10,5,3,1
0.2522139383328093,0.1518098120278884,1.5025584961444813,-0.2824001958759379,-1.8266617253924098,15,10,5,3,1
0.3165376722974613,0.4473544460821815,0.4666709180192524,-0.2824001958759379,-1.7792659290376343,16,10,5,3,25
0.23383572862862298,0.210918738838747,1.272361256561097,-0.2824001958759379,-1.7200211835941566,17,10,5,3,1
0.3165376722974613,0.5655722997038988,0.4666709180192524,-0.2824001958759379,-1.6252295908845722,18,10,5,3,25
0.3349158820016476,0.7428990801364745,0.00627643885248406,-0.2824001958759379,-1.5659848454410945,19,10,5,3,25
0.2797812528890887,0.5655722997038988,0.5817695378109445,-0.2110959525641372,-1.4948911509089144,20,10,5,3,25
0.22464662377652989,0.4473544460821815,0.5817695378109445,-0.2110959525641372,-1.3882506091106614,21,10,5,3,24
0.14194468010769154,0.1518098120278884,1.0421640169777129,-0.2110959525641372,-1.3408548127558693,22,10,5,3,23
0.05005363158676012,-0.08462589521554607,0.23647367843586825,-0.2110959525641372,-1.2460632200463015,23,10,5,3,23
0.013297212178387549,-0.08462589521554607,0.00627643885248406,-0.2110959525641372,-1.1631205764254362,0,11,5,4,25
0.05005363158676012,0.09270088521702978,0.8119667773943287,-0.2110959525641372,-1.080177932804554,1,11,5,4,25
0.0868100509951327,0.5655722997038988,0.23647367843586825,-0.2110959525641372,-0.9853863400949864,2,11,5,4,24
-0.01427010237789191,0.210918738838747,0.4666709180192524,-0.2110959525641372,-0.8905947473854188,3,11,5,4,1
-0.04183741693417133,0.1518098120278884,-0.9145125194810526,-0.2110959525641372,-0.7839542055871488,4,11,5,4,24
-0.005080997525798757,0.210918738838747,-0.9145125194810526,-0.2824001958759379,-0.7484073583210589,5,11,5,4,1
0.031675421882573815,-0.025516968404687458,0.23647367843586825,1.6348916798413717,-0.6654647147001934,6,11,5,4,1
-0.023459207229985065,-0.3801705292698392,0.4666709180192524,1.6348916798413717,-0.606219969256699,7,11,5,4,23
0.04086452673466697,-0.6166062365132736,0.4666709180192524,1.6348916798413717,-0.5351262747245359,8,11,5,4,23
-0.08778294119463706,-1.030368724189284,0.4666709180192524,1.6348916798413717,-0.4995794274584459,9,11,5,4,19
-0.10616115089882336,-1.3259133582435771,0.8119667773943287,1.6348916798413717,-0.48773047836974365,10,11,5,4,19
-0.3175105624969657,-1.9761115531630218,1.0421640169777129,1.6348916798413717,-0.4758815292810413,11,11,5,4,19
-0.3634560867574314,-2.094329406784739,0.8119667773943287,1.6348916798413717,-0.45218363110365367,12,11,5,4,19
-0.3542669819053383,-2.212547260406456,0.5817695378109445,1.6348916798413717,-0.4166367838375637,13,11,5,4,19
-0.32669966734905886,-2.3307651140281735,1.9629529753112496,1.6348916798413717,-0.392938885660176,14,11,5,4,19
-0.400212506165804,-2.389874040839032,1.272361256561097,1.6348916798413717,-0.34554308930538374,15,11,5,4,19
-0.4277798207220834,-2.448982967649891,1.272361256561097,1.6348916798413717,-0.32184519112799603,16,11,5,4,19
-0.43696892557417655,-2.448982967649891,0.8119667773943287,1.6348916798413717,-0.27444939477322067,17,11,5,4,19
-0.48291444983464227,-2.448982967649891,0.8119667773943287,1.6348916798413717,-0.21520464932972613,18,11,5,4,0
-0.5012926595388286,-2.271656187217315,-0.22392080073090012,1.6348916798413717,-0.1204130566201585,19,11,5,4,0
-0.4277798207220834,-1.798784772730446,-0.4541180403142843,-0.2110959525641372,-0.013772514821888588,20,11,5,4,0
-0.4277798207220834,-1.503240138676153,-0.6843152798976685,-0.2110959525641372,0.05732117971027451,21,11,5,4,0
-0.3450778770532451,-0.853041943756708,-0.6843152798976685,-0.2110959525641372,0.11656592515376903,22,11,5,4,0
-0.3175105624969657,-0.7939330169458495,-0.6843152798976685,-0.2110959525641372,0.16396172150854443,23,11,5,4,0
-0.28994324794068627,-0.5574973097024151,-0.6843152798976685,-0.2110959525641372,0.16396172150854443,0,12,5,5,0
-0.335888772201152,-1.2076955046218598,-0.9145125194810526,-0.2110959525641372,0.19950856877463438,1,12,5,5,0
-0.32669966734905886,-0.9712597973784254,-1.7202028580228972,-0.2110959525641372,0.21135751786333665,2,12,5,5,0
-0.2807541430885931,-0.4983883828915564,-1.259808378856129,-0.2110959525641372,0.2706022633068143,3,12,5,5,0
-0.32669966734905886,-0.853041943756708,-0.4541180403142843,-0.2110959525641372,0.3535449069276797,4,12,5,5,0
-0.3634560867574314,-0.7939330169458495,-1.0296111392727447,1.6348916798413717,0.37724280510508423,5,12,5,5,0
-0.2807541430885931,-1.030368724189284,-0.9145125194810526,1.6348916798413717,0.4364875505485619,6,12,5,5,0
-0.023459207229985065,-0.7348240901349908,-0.4541180403142843,1.6348916798413717,0.4720343978146519,7,12,5,5,0
-0.01427010237789191,-1.0894776510001425,-0.4541180403142843,1.6348916798413717,0.4838833469033373,8,12,5,5,0
0.17870109951606414,-0.9712597973784254,-0.22392080073090012,1.6348916798413717,0.4483364996372642,9,12,5,5,0
0.18789020436815726,-1.3259133582435771,0.00627643885248406,1.6348916798413717,0.42463860145985965,10,12,5,5,0
0.13275557525559842,-1.7396758459195873,0.5817695378109445,1.6348916798413717,0.36539385601638197,11,12,5,5,23
0.22464662377652989,-1.8578936995413047,0.8119667773943287,1.6348916798413717,0.294300161484202,12,12,5,5,1
0.2797812528890887,-1.9761115531630218,1.0421640169777129,1.6348916798413717,0.23505541604072436,13,12,5,5,23
0.3900505111142065,-1.8578936995413047,1.5025584961444813,1.6348916798413717,0.21135751786333665,14,12,5,5,1
0.39923961596629964,-1.9761115531630218,1.272361256561097,1.6348916798413717,0.19950856877463438,15,12,5,5,23
0.47275245478304484,-1.8578936995413047,0.8119667773943287,1.6348916798413717,0.16396172150854443,16,12,5,5,23
0.43599603537467224,-1.798784772730446,0.5817695378109445,1.6348916798413717,0.18765961968593212,17,12,5,5,1
0.2705921480369956,-2.0352204799738804,0.23647367843586825,1.6348916798413717,0.24690436512942662,18,12,5,5,1
0.3349158820016476,-1.8578936995413047,0.5817695378109445,1.6348916798413717,0.25875331421811204,19,12,5,5,1
0.43599603537467224,-1.503240138676153,-1.7202028580228972,-0.2110959525641372,0.34169595783899426,20,12,5,5,1
0.48194155963513796,-1.2076955046218598,-0.4541180403142843,-0.2110959525641372,0.37724280510508423,21,12,5,5,25
0.5738326081560694,-0.7939330169458495,-1.0296111392727447,-0.2110959525641372,0.34169595783899426,22,12,5,5,24
0.6381563421207214,-0.2619526756481219,-1.0296111392727447,-0.2110959525641372,0.3179980596615897,23,12,5,5,1
0.6841018663811871,-0.1437348220264047,-0.9145125194810526,-0.2110959525641372,0.34169595783899426,0,13,5,6,1
0.6841018663811871,0.03359195840617116,-0.9145125194810526,-0.2110959525641372,0.3061491105729043,1,13,5,6,1
0.7208582857895597,0.1518098120278884,-1.0296111392727447,-0.2110959525641372,0.3179980596615897,2,13,5,6,25
0.7668038100500254,0.4473544460821815,-1.0296111392727447,-0.2110959525641372,0.40094070328247194,3,13,5,6,1
0.7668038100500254,0.5064633728930401,-0.4541180403142843,-0.2110959525641372,0.5312791432581295,4,13,5,6,25
0.8219384391625842,0.9793347873799091,-1.0296111392727447,-0.2824001958759379,0.5431280923468318,5,13,5,6,24
0.8495057537188638,1.0975526410016263,-0.4541180403142843,-0.2824001958759379,0.6260707359676971,6,13,5,6,24
0.86788396342305,1.156661567812485,-0.22392080073090012,-0.2824001958759379,0.6853154814111748,7,13,5,6,24
0.8954512779793296,1.156661567812485,-0.4541180403142843,-0.2824001958759379,0.6497686341450849,8,13,5,6,1
0.9138294876835157,0.8020080069473332,-0.22392080073090012,-0.2824001958759379,0.6853154814111748,9,13,5,6,1
0.8954512779793296,0.3882455192713229,-0.6843152798976685,-0.2824001958759379,0.6853154814111748,10,13,5,6,1
0.7943711246063048,0.03359195840617116,0.23647367843586825,-0.2824001958759379,0.6853154814111748,11,13,5,6,1
0.748425600345839,-0.3210616024589805,-0.22392080073090012,-0.2824001958759379,0.6616175832337872,12,13,5,6,1
0.5922108178602556,-0.9712597973784254,-0.4541180403142843,-0.2824001958759379,0.6379196850563994,13,13,5,6,1
0.3900505111142065,-1.4441312118652943,0.5817695378109445,1.6348916798413717,0.6023728377903095,14,13,5,6,23
0.298159462593275,-1.6805669191087287,-0.4541180403142843,1.6348916798413717,0.5668259905242196,15,13,5,6,23
0.13275557525559842,-2.0352204799738804,-0.4541180403142843,1.6348916798413717,0.5312791432581295,16,13,5,6,23
0.14194468010769154,-1.9761115531630218,0.00627643885248406,1.6348916798413717,0.5075812450807419,17,13,5,6,19
0.23383572862862298,-1.7396758459195873,0.23647367843586825,1.6348916798413717,0.49573229599203955,18,13,5,6,0
0.2889703577411819,-1.503240138676153,-0.22392080073090012,1.6348916798413717,0.5194301941694273,19,13,5,6,19
0.298159462593275,-1.1485865778110012,-0.4541180403142843,-0.2110959525641372,0.5312791432581295,20,13,5,6,19
0.36248319655792705,-0.2619526756481219,-0.9145125194810526,-0.2110959525641372,0.5786749396129218,21,13,5,6,0
0.3532940917058339,-0.1437348220264047,-0.9145125194810526,-0.2110959525641372,0.5786749396129218,22,13,5,6,0
0.3716723014100201,-0.2028437488372633,-1.7202028580228972,-0.2110959525641372,0.5786749396129218,23,13,5,6,0
0.3900505111142065,0.210918738838747,-1.0296111392727447,-0.2110959525641372,0.5668259905242196,0,14,5,0,0
0.41761782567048583,0.03359195840617116,-1.0296111392727447,-0.2110959525641372,0.5431280923468318,1,14,5,0,0
0.39923961596629964,0.210918738838747,-1.259808378856129,-0.2110959525641372,0.5312791432581295,2,14,5,0,0
0.39923961596629964,0.210918738838747,-1.7202028580228972,-0.2110959525641372,0.5312791432581295,3,14,5,0,0
0.2614030431849025,0.8611169337581918,-1.259808378856129,-0.2110959525641372,0.5431280923468318,4,14,5,0,19
0.2889703577411819,0.9793347873799091,-1.7202028580228972,-0.2824001958759379,0.5786749396129218,5,14,5,0,19
0.5370761887476968,0.683790153325616,-1.7202028580228972,1.6348916798413717,0.6023728377903095,6,14,5,0,23
0.6381563421207214,-0.025516968404687458,-1.7202028580228972,1.6348916798413717,0.6260707359676971,7,14,5,0,23
0.6473454469728145,-0.3801705292698392,-1.0296111392727447,1.6348916798413717,0.6379196850563994,8,14,5,0,19
0.555454398451883,-1.030368724189284,-1.0296111392727447,1.6348916798413717,0.5786749396129218,9,14,5,0,23
0.47275245478304484,-1.3259133582435771,-0.4541180403142843,1.6348916798413717,0.5312791432581295,10,14,5,0,23
0.47275245478304484,-1.503240138676153,-0.22392080073090012,1.6348916798413717,0.46018544872594963,11,14,5,0,23
0.5003197693393242,-1.5623490654870116,0.23647367843586825,1.6348916798413717,0.36539385601638197,12,14,5,0,19
0.44518514022676536,-1.6805669191087287,0.23647367843586825,1.6348916798413717,0.3179980596615897,13,14,5,0,19
0.5462652935997899,-1.6805669191087287,-1.7202028580228972,1.6348916798413717,0.2232064669520221,14,14,5,0,19
0.6105890275644419,-1.5623490654870116,-0.6843152798976685,1.6348916798413717,0.14026382333115672,15,14,5,0,19
0.6841018663811871,-1.4441312118652943,-0.6843152798976685,1.6348916798413717,0.09286802697636448,16,14,5,0,19
0.803560229458398,-1.2668044314327185,-1.0296111392727447,1.6348916798413717,0.06917012879897678,17,14,5,0,23
0.8770730682751431,-0.9712597973784254,-0.6843152798976685,1.6348916798413717,0.05732117971027451,18,14,5,0,23
0.9046403828314227,-0.6757151633241323,0.00627643885248406,1.6348916798413717,0.06917012879897678,19,14,5,0,1
0.9230185925356088,-0.2619526756481219,0.23647367843586825,-0.2110959525641372,0.11656592515376903,20,14,5,0,23
0.9230185925356088,0.09270088521702978,0.00627643885248406,-0.2110959525641372,0.152112772419859,21,14,5,0,19
0.9322076973877019,0.32913659246046423,-1.0296111392727447,-0.2110959525641372,0.1758106705972467,22,14,5,0,23
0.9689641167960745,0.4473544460821815,-0.9145125194810526,-0.2110959525641372,0.19950856877463438,23,14,5,0,23
0.8862621731272362,0.6246812265147573,-0.4541180403142843,-0.2110959525641372,0.21135751786333665,0,15,5,1,19
0.8770730682751431,0.4473544460821815,-1.0296111392727447,-0.2110959525641372,0.21135751786333665,1,15,5,1,19
0.9322076973877019,0.8611169337581918,-0.6843152798976685,-0.2110959525641372,0.18765961968593212,2,15,5,1,23
0.9689641167960745,0.9202258605690504,-0.4541180403142843,-0.2110959525641372,0.16396172150854443,3,15,5,1,23
0.9689641167960745,0.9202258605690504,-0.4541180403142843,-0.2110959525641372,0.16396172150854443,4,15,5,1,23
0.9505859070918884,0.8611169337581918,-0.4541180403142843,-0.2824001958759379,0.18765961968593212,5,15,5,1,1
0.9505859070918884,0.7428990801364745,-0.6843152798976685,-0.2824001958759379,0.21135751786333665,6,15,5,1,1
1.0332878507607266,1.0384437141907676,-0.9145125194810526,-0.2824001958759379,0.2232064669520221,7,15,5,1,1
1.0424769556128197,0.7428990801364745,-0.4541180403142843,-0.2824001958759379,0.21135751786333665,8,15,5,1,1
1.0976115847253787,0.5655722997038988,-0.6843152798976685,-0.2824001958759379,0.1758106705972467,9,15,5,1,1
1.1435571089858443,0.1518098120278884,-0.9145125194810526,-0.2824001958759379,0.14026382333115672,10,15,5,1,23
1.0792333750211924,0.03359195840617116,-0.4541180403142843,-0.2824001958759379,0.08101907788767905,11,15,5,1,1
1.1435571089858443,0.1518098120278884,-0.22392080073090012,-0.2824001958759379,0.009925383355499112,12,15,5,1,23
1.1068006895774718,0.210918738838747,0.5817695378109445,-0.2824001958759379,-0.03747041299929313,13,15,5,1,1
1.0884224798732856,0.3882455192713229,0.4666709180192524,-0.2824001958759379,-0.08486620935406852,14,15,5,1,1
1.1619353186900305,1.0384437141907676,-0.6843152798976685,-0.9162156919808337,-0.1204130566201585,15,15,5,1,25
1.180313528394217,0.9793347873799091,0.00627643885248406,-0.2824001958759379,-0.17965780206363616,16,15,5,1,1
1.1711244235421239,0.9202258605690504,0.23647367843586825,-0.2824001958759379,-0.23890254750713066,17,15,5,1,23
1.1527462138379374,0.9793347873799091,0.4666709180192524,-0.2824001958759379,-0.2626004456845184,18,15,5,1,23
1.1435571089858443,1.0975526410016263,0.23647367843586825,-0.2824001958759379,-0.28629834386190606,19,15,5,1,23
1.0884224798732856,1.0384437141907676,0.23647367843586825,-0.2824001958759379,-0.30999624203929377,20,15,5,1,23
1.0516660604649128,1.0384437141907676,0.00627643885248406,-0.2110959525641372,-0.3336941402166983,21,15,5,1,23
1.0149096410565404,1.0975526410016263,-0.4541180403142843,-0.2110959525641372,-0.357392038394086,22,15,5,1,0
0.9781532216481676,1.156661567812485,-0.4541180403142843,-0.2110959525641372,-0.3692409874827883,23,15,5,1,0
0.9230185925356088,1.2157704946233434,-1.259808378856129,-0.2110959525641372,-0.40478783474887825,0,16,5,2,0
0.86788396342305,1.2157704946233434,-1.0296111392727447,-0.2110959525641372,-0.46403258019235594,1,16,5,2,0
0.86788396342305,1.2157704946233434,-1.0296111392727447,-0.2110959525641372,-0.5351262747245359,2,16,5,2,0
0.8127493343104911,1.2157704946233434,-1.7202028580228972,-0.2110959525641372,-0.5588241729019235,3,16,5,2,0
0.7759929149021185,1.2157704946233434,-1.0296111392727447,-0.6626894935388755,-0.5469752238132213,4,16,5,2,19
0.7851820197542116,1.2157704946233434,-1.7202028580228972,-0.9162156919808337,-0.5825220710793113,5,16,5,2,23
0.86788396342305,1.274879421434202,-0.4541180403142843,-0.6626894935388755,-0.5825220710793113,6,16,5,2,23
0.9413968022397953,1.156661567812485,-0.6843152798976685,-0.2824001958759379,-0.5706731219906258,7,16,5,2,23
1.0424769556128197,0.683790153325616,-0.6843152798976685,-0.2824001958759379,-0.606219969256699,8,16,5,2,23
1.070044270169099,0.09270088521702978,-0.22392080073090012,-0.2824001958759379,-0.7128605110549688,9,16,5,2,19
1.060855165317006,-0.3801705292698392,0.00627643885248406,-0.2824001958759379,-0.8313500019419411,10,16,5,2,19
0.9689641167960745,-0.6166062365132736,0.5817695378109445,-0.6626894935388755,-0.8313500019419411,11,16,5,2,23
0.9138294876835157,-0.9121508705675667,-0.4541180403142843,-0.2824001958759379,-0.9735373910062841,12,16,5,2,23
0.8954512779793296,-1.030368724189284,0.00627643885248406,-0.2824001958759379,-0.9972352891836886,13,16,5,2,23
0.9781532216481676,0.3882455192713229,0.4666709180192524,-0.6626894935388755,-0.9853863400949864,14,16,5,2,1
0.7208582857895597,-0.6757151633241323,1.9629529753112496,-0.2824001958759379,-0.9024436964741042,15,16,5,2,23
0.7024800760853733,-0.5574973097024151,2.078051595102942,-0.2824001958759379,-0.9261415946515087,16,16,5,2,23
0.748425600345839,-0.2028437488372633,0.8119667773943287,-0.2824001958759379,-0.866896849208031,17,16,5,2,23
0.7851820197542116,-0.2619526756481219,1.272361256561097,-0.2824001958759379,-0.8313500019419411,18,16,5,2,19
0.748425600345839,-0.2028437488372633,0.8119667773943287,-0.2824001958759379,-0.8431989510306265,19,16,5,2,19
0.674912761529094,-0.2619526756481219,0.23647367843586825,-0.2110959525641372,-0.8076521037645366,20,16,5,2,19
0.39923961596629964,-0.3801705292698392,0.23647367843586825,-0.2110959525641372,-0.6180689183454012,21,16,5,2,23
0.2889703577411819,-0.4392794560806978,0.5817695378109445,-0.2110959525641372,-0.46403258019235594,22,16,5,2,23
0.05924273643885328,-0.6166062365132736,0.8119667773943287,-0.2110959525641372,-0.27444939477322067,23,16,5,2,23
0.031675421882573815,-0.3801705292698392,1.0421640169777129,-0.2110959525641372,-0.1441109547975462,0,17,5,3,23
-0.04183741693417133,-0.4983883828915564,1.0421640169777129,-0.2110959525641372,-0.0019235657332031574,1,17,5,3,23
-0.08778294119463706,-0.2619526756481219,0.00627643885248406,-0.2110959525641372,0.021774332444184544,2,17,5,3,0
-0.08778294119463706,-0.025516968404687458,0.00627643885248406,-0.2110959525641372,0.12841487424245446,3,17,5,3,0
-0.10616115089882336,0.09270088521702978,-0.6843152798976685,1.6348916798413717,0.2232064669520221,4,17,5,3,0
-0.14291757030719593,0.1518098120278884,-0.4541180403142843,1.6348916798413717,0.3179980596615897,5,17,5,3,0
-0.06021562663835764,-0.2619526756481219,-0.6843152798976685,1.6348916798413717,0.4127896523711742,6,17,5,3,0
-0.06940473149045077,-0.6757151633241323,0.00627643885248406,1.6348916798413717,0.4720343978146519,7,17,5,3,23
-0.032648312082078176,-0.6757151633241323,0.00627643885248406,1.6348916798413717,0.5312791432581295,8,17,5,3,23
-0.04183741693417133,-0.853041943756708,0.8119667773943287,1.6348916798413717,0.5075812450807419,9,17,5,3,19
-0.032648312082078176,-1.030368724189284,1.272361256561097,1.6348916798413717,0.4838833469033373,10,17,5,3,23
-0.005080997525798757,-1.2668044314327185,0.8119667773943287,1.6348916798413717,0.5194301941694273,11,17,5,3,19
-0.06940473149045077,-1.4441312118652943,0.23647367843586825,1.6348916798413717,0.5194301941694273,12,17,5,3,23
-0.18886309456766168,-1.8578936995413047,1.272361256561097,1.6348916798413717,0.4838833469033373,13,17,5,3,19
-0.15210667515928908,-1.7396758459195873,0.5817695378109445,1.6348916798413717,0.5075812450807419,14,17,5,3,19
-0.19805219941975483,-1.9170026263521631,1.0421640169777129,1.6348916798413717,0.4838833469033373,15,17,5,3,19
-0.2348086188281274,-1.9761115531630218,1.7327557357278653,1.6348916798413717,0.4838833469033373,16,17,5,3,19
-0.16129578001138223,-1.8578936995413047,1.0421640169777129,1.6348916798413717,0.5075812450807419,17,17,5,3,19
-0.19805219941975483,-1.798784772730446,0.5817695378109445,1.6348916798413717,0.5312791432581295,18,17,5,3,0
-0.19805219941975483,-1.6805669191087287,-0.22392080073090012,1.6348916798413717,0.5786749396129218,19,17,5,3,0
-0.1796739897155685,-1.6214579922978702,-0.9145125194810526,1.6348916798413717,0.6260707359676971,20,17,5,3,19
-0.10616115089882336,-1.2076955046218598,-1.0296111392727447,-0.2110959525641372,0.6971644304998771,21,17,5,3,0
-0.04183741693417133,-0.5574973097024151,-1.7202028580228972,-0.2110959525641372,0.6971644304998771,22,17,5,3,0
0.11437736555141212,-0.08462589521554607,-0.9145125194810526,-0.2110959525641372,0.768258125032057,23,17,5,3,0
0.004108107326294396,-0.5574973097024151,-0.22392080073090012,-0.2110959525641372,0.7919560232094448,0,18,5,4,19
-0.01427010237789191,-0.4392794560806978,-0.9145125194810526,-0.2110959525641372,0.8038049722981471,1,18,5,4,0
-0.023459207229985065,-0.3210616024589805,-0.6843152798976685,-0.2110959525641372,0.8275028704755347,2,18,5,4,0
-0.05102652178626448,-0.2619526756481219,-0.4541180403142843,-0.2110959525641372,0.8512007686529224,3,18,5,4,0
-0.09697204604673021,-0.3801705292698392,-0.6843152798976685,1.6348916798413717,0.8512007686529224,4,18,5,4,0
-0.09697204604673021,-0.1437348220264047,-0.6843152798976685,1.6348916798413717,0.874898666830327,5,18,5,4,19
0.06843184129094639,-0.2619526756481219,-0.4541180403142843,1.6348916798413717,0.9341434122738046,6,18,5,4,19
0.031675421882573815,-0.6166062365132736,0.5817695378109445,1.6348916798413717,1.0052371068059847,7,18,5,4,19
0.18789020436815726,-0.6166062365132736,0.00627643885248406,1.6348916798413717,1.01708605589467,8,18,5,4,23
0.18789020436815726,-0.9121508705675667,0.23647367843586825,1.6348916798413717,1.05263290316076,9,18,5,4,19
0.19707930922025046,-1.2668044314327185,0.8119667773943287,1.6348916798413717,1.01708605589467,10,18,5,4,19
0.3073485674453682,-1.3259133582435771,0.23647367843586825,1.6348916798413717,0.9933881577172823,11,18,5,4,19
0.15113378495978472,-1.6805669191087287,0.5817695378109445,1.6348916798413717,0.9104455140964001,12,18,5,4,19
-0.2991323527927794,-2.5080918944607493,0.8119667773943287,1.6348916798413717,0.8275028704755347,13,18,5,4,19
0.004108107326294396,-2.1534383335955978,0.8119667773943287,1.6348916798413717,0.8038049722981471,14,18,5,4,23
-0.07859383634254392,-2.3307651140281735,0.5817695378109445,1.6348916798413717,0.7208623286772649,15,18,5,4,19
-0.15210667515928908,-2.389874040839032,0.4666709180192524,1.6348916798413717,0.6971644304998771,16,18,5,4,23
-0.005080997525798757,-2.212547260406456,0.23647367843586825,1.6348916798413717,0.6379196850563994,17,18,5,4,23
0.13275557525559842,-1.9761115531630218,-0.22392080073090012,1.6348916798413717,0.6142217868789949,18,18,5,4,23
0.15113378495978472,-1.5623490654870116,-0.6843152798976685,1.6348916798413717,0.6260707359676971,19,18,5,4,23
0.15113378495978472,-1.3850222850544356,-1.259808378856129,-0.2110959525641372,0.6379196850563994,20,18,5,4,23
0.2522139383328093,-0.7939330169458495,-1.0296111392727447,-0.2110959525641372,0.6734665323224894,21,18,5,4,0
0.22464662377652989,-0.853041943756708,-1.0296111392727447,-0.2110959525641372,0.6853154814111748,22,18,5,4,19
0.3073485674453682,-0.5574973097024151,-1.0296111392727447,-0.2110959525641372,0.6971644304998771,23,18,5,4,19
0.39923961596629964,-0.2619526756481219,-1.0296111392727447,-0.2110959525641372,0.7090133795885794,0,19,5,5,19
0.3716723014100201,-0.4392794560806978,-0.6843152798976685,-0.2110959525641372,0.7445602268546694,1,19,5,5,19
0.5278870838956037,0.32913659246046423,-0.9145125194810526,-0.2110959525641372,0.7445602268546694,2,19,5,5,23
0.4268069305225791,-0.025516968404687458,-0.6843152798976685,-0.2110959525641372,0.7445602268546694,3,19,5,5,23
0.4268069305225791,-0.025516968404687458,-0.6843152798976685,1.6348916798413717,0.7564091759433548,4,19,5,5,23
0.3532940917058339,0.09270088521702978,-0.9145125194810526,1.6348916798413717,0.768258125032057,5,19,5,5,23
0.41761782567048583,-0.2028437488372633,-1.0296111392727447,1.6348916798413717,0.8275028704755347,6,19,5,5,23
0.3900505111142065,-0.4983883828915564,-0.6843152798976685,1.6348916798413717,0.7919560232094448,7,19,5,5,19
0.4268069305225791,-0.9712597973784254,-0.6843152798976685,1.6348916798413717,0.7919560232094448,8,19,5,5,19
0.3716723014100201,-1.3850222850544356,-0.9145125194810526,1.6348916798413717,0.8038049722981471,9,19,5,5,23
0.48194155963513796,-1.4441312118652943,-1.259808378856129,1.6348916798413717,0.8156539213868325,10,19,5,5,19
0.5462652935997899,-1.5623490654870116,-0.4541180403142843,1.6348916798413717,0.7919560232094448,11,19,5,5,19
0.47275245478304484,-1.798784772730446,0.4666709180192524,1.6348916798413717,0.6971644304998771,12,19,5,5,19
0.40842872081839277,-2.0352204799738804,0.00627643885248406,1.6348916798413717,0.6616175832337872,13,19,5,5,23
0.43599603537467224,-2.094329406784739,0.00627643885248406,1.6348916798413717,0.6023728377903095,14,19,5,5,23
0.48194155963513796,-2.094329406784739,0.00627643885248406,1.6348916798413717,0.5549770414355173,15,19,5,5,23
0.39923961596629964,-2.212547260406456,0.00627643885248406,1.6348916798413717,0.4838833469033373,16,19,5,5,23
0.39923961596629964,-2.212547260406456,0.00627643885248406,1.6348916798413717,0.4838833469033373,17,19,5,5,23
0.3716723014100201,-2.212547260406456,-0.4541180403142843,1.6348916798413717,0.4483364996372642,18,19,5,5,23
0.4635633499309516,-1.9761115531630218,-0.4541180403142843,1.6348916798413717,0.49573229599203955,19,19,5,5,23
0.5003197693393242,-1.798784772730446,-1.0296111392727447,-0.2110959525641372,0.5668259905242196,20,19,5,5,19
0.5186979790435104,-1.503240138676153,-0.6843152798976685,-0.2110959525641372,0.6142217868789949,21,19,5,5,19
0.3532940917058339,-1.798784772730446,-0.9145125194810526,-0.2110959525641372,0.6616175832337872,22,19,5,5,0
0.5738326081560694,-0.7939330169458495,-1.259808378856129,-0.2110959525641372,0.6734665323224894,23,19,5,5,0
0.48194155963513796,-1.030368724189284,-1.7202028580228972,-0.2110959525641372,0.6971644304998771,0,20,5,6,0
0.5370761887476968,-0.6166062365132736,-1.0296111392727447,-0.2110959525641372,0.6971644304998771,1,20,5,6,0
0.555454398451883,-0.3801705292698392,-1.0296111392727447,-0.2110959525641372,0.7327112777659671,2,20,5,6,0
0.555454398451883,-0.5574973097024151,-0.6843152798976685,-0.2110959525641372,0.768258125032057,3,20,5,6,0
0.5830217130081625,0.03359195840617116,-1.0296111392727447,1.6348916798413717,0.7919560232094448,4,20,5,6,19
0.6197781324165351,0.1518098120278884,-1.0296111392727447,1.6348916798413717,0.839351819564237,5,20,5,6,1
0.6105890275644419,-0.4392794560806978,-1.259808378856129,1.6348916798413717,0.8985965650077147,6,20,5,6,23
0.6473454469728145,-0.7348240901349908,-0.9145125194810526,1.6348916798413717,0.9696902595398946,7,20,5,6,23
0.6289672372686282,-1.0894776510001425,-0.9145125194810526,1.6348916798413717,1.01708605589467,8,20,5,6,23
0.6473454469728145,-1.3259133582435771,-0.4541180403142843,1.6348916798413717,1.0407839540720745,9,20,5,6,23
0.6013999227123488,-1.798784772730446,-0.4541180403142843,1.6348916798413717,1.01708605589467,10,20,5,6,23
0.8127493343104911,-1.7396758459195873,-0.4541180403142843,1.6348916798413717,1.0052371068059847,11,20,5,6,19
0.748425600345839,-2.0352204799738804,-0.22392080073090012,1.6348916798413717,0.9578413104511924,12,20,5,6,19
0.7759929149021185,-2.094329406784739,-0.6843152798976685,1.6348916798413717,0.8630497177416248,13,20,5,6,19
0.8219384391625842,-2.212547260406456,-0.4541180403142843,1.6348916798413717,0.7919560232094448,14,20,5,6,19
0.748425600345839,-2.271656187217315,-1.259808378856129,1.6348916798413717,0.7327112777659671,15,20,5,6,19
0.748425600345839,-2.3307651140281735,-1.259808378856129,1.6348916798413717,0.6616175832337872,16,20,5,6,19
0.7392364954937459,-2.271656187217315,-0.22392080073090012,1.6348916798413717,0.6260707359676971,17,20,5,6,23
0.8403166488667705,-1.9761115531630218,0.00627643885248406,1.6348916798413717,0.6023728377903095,18,20,5,6,23
0.8954512779793296,-1.6214579922978702,-0.4541180403142843,-0.2824001958759379,0.6023728377903095,19,20,5,6,23
0.8311275440146774,-1.5623490654870116,-0.4541180403142843,-0.2824001958759379,0.6142217868789949,20,20,5,6,19
0.8495057537188638,-1.2668044314327185,-0.4541180403142843,-0.2110959525641372,0.6497686341450849,21,20,5,6,19
0.8495057537188638,-1.2076955046218598,0.23647367843586825,-0.2110959525641372,0.6379196850563994,22,20,5,6,19
0.803560229458398,-1.2668044314327185,0.00627643885248406,-0.2110959525641372,0.6379196850563994,23,20,5,6,19
0.7759929149021185,-1.0894776510001425,-0.4541180403142843,-0.2110959525641372,0.6616175832337872,0,21,5,0,19
0.7943711246063048,-0.4983883828915564,-0.6843152798976685,-0.2110959525641372,0.6853154814111748,1,21,5,0,19
0.8403166488667705,-0.2028437488372633,-0.9145125194810526,-0.2110959525641372,0.7090133795885794,2,21,5,0,19
0.8403166488667705,-0.1437348220264047,-1.7202028580228972,-0.2110959525641372,0.7090133795885794,3,21,5,0,19
0.8586948585709568,-0.025516968404687458,-0.6843152798976685,-0.2824001958759379,0.7090133795885794,4,21,5,0,19
0.8862621731272362,-0.1437348220264047,-0.22392080073090012,-0.2824001958759379,0.6853154814111748,5,21,5,0,23
0.9322076973877019,-0.3801705292698392,-1.0296111392727447,1.6348916798413717,0.7445602268546694,6,21,5,0,23
0.9322076973877019,-0.6757151633241323,-0.4541180403142843,1.6348916798413717,0.768258125032057,7,21,5,0,23
0.7851820197542116,-1.3850222850544356,0.4666709180192524,1.6348916798413717,0.7564091759433548,8,21,5,0,23
0.7943711246063048,-1.503240138676153,1.0421640169777129,1.6348916798413717,0.6853154814111748,9,21,5,0,19
0.748425600345839,-1.6805669191087287,0.5817695378109445,1.6348916798413717,0.6497686341450849,10,21,5,0,19
0.7576147051979323,-1.798784772730446,0.8119667773943287,1.6348916798413717,0.5786749396129218,11,21,5,0,19
0.6197781324165351,-2.1534383335955978,1.0421640169777129,1.6348916798413717,0.4720343978146519,12,21,5,0,19
0.5370761887476968,-2.3307651140281735,1.272361256561097,1.6348916798413717,0.36539385601638197,13,21,5,0,19
0.5922108178602556,-2.271656187217315,1.272361256561097,1.6348916798413717,0.28245121239551657,14,21,5,0,19
0.5922108178602556,-2.271656187217315,2.078051595102942,1.6348916798413717,0.18765961968593212,15,21,5,0,19
0.5646435033039762,-2.271656187217315,1.7327557357278653,1.6348916798413717,0.10471697606506675,16,21,5,0,19
0.674912761529094,-2.0352204799738804,1.272361256561097,1.6348916798413717,0.05732117971027451,17,21,5,0,19
0.8403166488667705,-1.6214579922978702,1.5025584961444813,1.6348916798413717,0.021774332444184544,18,21,5,0,19
0.9413968022397953,-1.2668044314327185,1.272361256561097,-0.2110959525641372,-0.0019235657332031574,19,21,5,0,23
0.9965314313523541,-0.9121508705675667,0.8119667773943287,-0.2110959525641372,-0.0019235657332031574,20,21,5,0,19
1.0332878507607266,-0.5574973097024151,1.0421640169777129,-0.2110959525641372,-0.0019235657332031574,21,21,5,0,19
1.0516660604649128,-0.4392794560806978,0.00627643885248406,-0.2110959525641372,0.009925383355499112,22,21,5,0,23
1.0516660604649128,-0.3801705292698392,0.00627643885248406,-0.2110959525641372,-0.0019235657332031574,23,21,5,0,23
1.0884224798732856,-0.1437348220264047,-0.22392080073090012,-0.2110959525641372,-0.025621463910590857,0,22,5,1,25
1.2354481575067757,0.8611169337581918,0.00627643885248406,-1.1697418904227923,-0.03747041299929313,1,22,5,1,25
1.2354481575067757,1.0384437141907676,-0.6843152798976685,-0.2110959525641372,-0.0967151584427708,2,22,5,1,25
1.2170699478025897,1.0975526410016263,-1.7202028580228972,-0.9162156919808337,-0.1204130566201585,3,22,5,1,25
1.253826367210962,1.0975526410016263,-0.9145125194810526,-1.1697418904227923,-0.19150675115233842,4,22,5,1,25
1.2722045769151482,1.0975526410016263,-1.259808378856129,-1.1697418904227923,-0.17965780206363616,5,22,5,1,2
1.244637262358869,1.2157704946233434,-0.6843152798976685,-2.0333155038657127,-0.15595990388624847,6,22,5,1,28
1.2722045769151482,1.274879421434202,-0.4541180403142843,-1.1697418904227923,-0.15595990388624847,7,22,5,1,24
1.2813936817672416,1.2157704946233434,-0.6843152798976685,-1.4232680888647506,-0.17965780206363616,8,22,5,1,28
1.2722045769151482,1.156661567812485,-0.6843152798976685,-1.1697418904227923,-0.19150675115233842,9,22,5,1,24
1.318150101175614,1.156661567812485,-0.6843152798976685,-1.1697418904227923,-0.21520464932972613,10,22,5,1,24
1.2813936817672416,1.0975526410016263,-0.22392080073090012,-0.9162156919808337,-0.23890254750713066,11,22,5,1,24
1.2630154720630553,1.2157704946233434,0.00627643885248406,-0.6626894935388755,-0.32184519112799603,12,22,5,1,24
1.3549065205839868,0.8611169337581918,-0.6843152798976685,-0.2824001958759379,-0.4166367838375637,13,22,5,1,1
1.3549065205839868,0.683790153325616,-0.4541180403142843,-0.2824001958759379,-0.46403258019235594,14,22,5,1,23
1.253826367210962,0.2700276656496056,-0.6843152798976685,-0.2824001958759379,-0.4995794274584459,15,22,5,1,1
1.0424769556128197,0.09270088521702978,0.5817695378109445,-0.9162156919808337,-0.48773047836974365,16,22,5,1,1
1.1711244235421239,1.0975526410016263,-0.4541180403142843,-1.1697418904227923,-0.45218363110365367,17,22,5,1,25
1.1527462138379374,0.8611169337581918,1.5025584961444813,-0.6626894935388755,-0.46403258019235594,18,22,5,1,1
0.987342326500261,0.9202258605690504,1.0421640169777129,-0.2824001958759379,-0.3810899365714737,19,22,5,1,25
0.8954512779793296,0.8611169337581918,0.5817695378109445,-0.2824001958759379,-0.3336941402166983,20,22,5,1,23
0.8495057537188638,0.7428990801364745,0.00627643885248406,-0.2110959525641372,-0.32184519112799603,21,22,5,1,23
0.7576147051979323,0.5064633728930401,0.23647367843586825,-0.2110959525641372,-0.28629834386190606,22,22,5,1,23
0.748425600345839,0.7428990801364745,-0.6843152798976685,-0.2110959525641372,-0.2507514965958161,23,22,5,1,19
0.7208582857895597,0.9793347873799091,-1.7202028580228972,-0.2110959525641372,-0.27444939477322067,0,23,5,2,0
0.7024800760853733,1.2157704946233434,-1.259808378856129,-0.2110959525641372,-0.27444939477322067,1,23,5,2,19
0.674912761529094,1.2157704946233434,-1.0296111392727447,-0.2110959525641372,-0.23890254750713066,2,23,5,2,23
0.6289672372686282,0.9793347873799091,-0.9145125194810526,-0.2110959525641372,-0.2507514965958161,3,23,5,2,19
0.6289672372686282,0.8020080069473332,-1.259808378856129,-0.2824001958759379,-0.21520464932972613,4,23,5,2,23
0.6565345518249076,0.683790153325616,-0.6843152798976685,-0.2824001958759379,-0.1204130566201585,5,23,5,2,1
0.7300473906416528,0.8611169337581918,-0.9145125194810526,-0.2824001958759379,-0.025621463910590857,6,23,5,2,1
0.7668038100500254,0.5655722997038988,-0.4541180403142843,-0.2824001958759379,-0.0019235657332031574,7,23,5,2,1
0.7943711246063048,0.4473544460821815,0.00627643885248406,-0.2824001958759379,0.05732117971027451,8,23,5,2,1
0.8403166488667705,0.4473544460821815,0.00627643885248406,-0.2824001958759379,0.11656592515376903,9,23,5,2,1
0.8495057537188638,0.210918738838747,-0.4541180403142843,-0.2824001958759379,0.18765961968593212,10,23,5,2,23
0.9322076973877019,0.03359195840617116,-0.22392080073090012,-0.2824001958759379,0.18765961968593212,11,23,5,2,23
0.9322076973877019,-0.1437348220264047,-0.4541180403142843,-0.2824001958759379,0.152112772419859,12,23,5,2,23
0.8862621731272362,-0.4392794560806978,-0.22392080073090012,-0.2824001958759379,0.11656592515376903,13,23,5,2,23
0.86788396342305,-0.6166062365132736,-0.6843152798976685,-0.2824001958759379,0.12841487424245446,14,23,5,2,23
1.0057205362044472,-0.4392794560806978,-1.7202028580228972,-0.2824001958759379,0.12841487424245446,15,23,5,2,23
0.8862621731272362,-0.7348240901349908,-1.0296111392727447,-0.2824001958759379,0.09286802697636448,16,23,5,2,19
0.9322076973877019,-0.7348240901349908,-1.259808378856129,-0.2824001958759379,0.05732117971027451,17,23,5,2,19
0.8495057537188638,-0.9121508705675667,-1.259808378856129,-0.2824001958759379,0.08101907788767905,18,23,5,2,19
0.8311275440146774,-0.853041943756708,-0.9145125194810526,-0.2824001958759379,0.06917012879897678,19,23,5,2,19
0.7668038100500254,-0.7939330169458495,-0.6843152798976685,-0.2824001958759379,0.12841487424245446,20,23,5,2,0
0.7392364954937459,-0.853041943756708,-0.6843152798976685,-0.2110959525641372,0.16396172150854443,21,23,5,2,0
0.7116691809374666,-0.7348240901349908,-0.9145125194810526,-0.2110959525641372,0.18765961968593212,22,23,5,2,0
0.7116691809374666,-0.6166062365132736,-1.259808378856129,-0.2110959525641372,0.23505541604072436,23,23,5,2,0
0.7208582857895597,0.03359195840617116,-1.7202028580228972,-0.2110959525641372,0.2706022633068143,0,24,5,3,0
0.7392364954937459,0.4473544460821815,-1.259808378856129,-0.2110959525641372,0.28245121239551657,1,24,5,3,0
0.6565345518249076,0.8611169337581918,-1.0296111392727447,-0.2110959525641372,0.3061491105729043,2,24,5,3,0
0.7943711246063048,0.8020080069473332,-1.0296111392727447,-0.2110959525641372,0.294300161484202,3,24,5,3,0
0.748425600345839,0.7428990801364745,-0.6843152798976685,-0.2824001958759379,0.3179980596615897,4,24,5,3,0
0.7759929149021185,0.5655722997038988,-0.9145125194810526,-0.2824001958759379,0.36539385601638197,5,24,5,3,19
0.8770730682751431,0.4473544460821815,-0.6843152798976685,-0.2824001958759379,0.4483364996372642,6,24,5,3,19
1.0424769556128197,0.32913659246046423,-1.259808378856129,-0.2824001958759379,0.5312791432581295,7,24,5,3,19
1.1068006895774718,-0.08462589521554607,-1.7202028580228972,-0.2824001958759379,0.5786749396129218,8,24,5,3,19
1.1986917380984032,-0.2619526756481219,-0.9145125194810526,1.6348916798413717,0.5431280923468318,9,24,5,3,19
1.1619353186900305,-0.6757151633241323,-1.7202028580228972,1.6348916798413717,0.4838833469033373,10,24,5,3,0
1.2997718914714278,-0.6757151633241323,-0.6843152798976685,-0.2824001958759379,0.46018544872594963,11,24,5,3,0
1.2722045769151482,-0.853041943756708,-1.0296111392727447,-0.2824001958759379,0.4127896523711742,12,24,5,3,19
1.2262590526546826,-1.030368724189284,-0.22392080073090012,-0.2824001958759379,0.37724280510508423,13,24,5,3,19
1.3273392060277072,-0.9121508705675667,-0.22392080073090012,1.6348916798413717,0.329847008750292,14,24,5,3,19
1.3916629399923592,-0.853041943756708,0.23647367843586825,1.6348916798413717,0.25875331421811204,15,24,5,3,19
1.373284730288173,-0.853041943756708,0.23647367843586825,-0.2824001958759379,0.21135751786333665,16,24,5,3,19
1.3549065205839868,-0.853041943756708,0.8119667773943287,-0.2824001958759379,0.18765961968593212,17,24,5,3,19
1.2813936817672416,-0.5574973097024151,1.0421640169777129,-0.2824001958759379,0.21135751786333665,18,24,5,3,23
1.2722045769151482,-0.3801705292698392,0.00627643885248406,-0.2824001958759379,0.23505541604072436,19,24,5,3,19
1.244637262358869,-0.1437348220264047,0.4666709180192524,-0.2824001958759379,0.294300161484202,20,24,5,3,0
1.2262590526546826,-0.025516968404687458,0.4666709180192524,-0.2110959525641372,0.3061491105729043,21,24,5,3,0
1.1895026332463101,-0.025516968404687458,0.8119667773943287,-0.2110959525641372,0.3535449069276797,22,24,5,3,0
1.1619353186900305,0.09270088521702978,0.4666709180192524,-0.2110959525641372,0.40094070328247194,23,24,5,3,0
1.1711244235421239,0.210918738838747,-0.22392080073090012,-0.2110959525641372,0.4483364996372642,0,25,5,4,0
1.1986917380984032,0.5655722997038988,0.00627643885248406,-0.2110959525641372,0.4127896523711742,1,25,5,4,0
1.1986917380984032,0.683790153325616,0.00627643885248406,-0.2110959525641372,0.42463860145985965,2,25,5,4,0
1.1711244235421239,0.6246812265147573,0.23647367843586825,-0.2110959525641372,0.4364875505485619,3,25,5,4,19
1.1711244235421239,0.683790153325616,0.4666709180192524,-0.2824001958759379,0.46018544872594963,4,25,5,4,19
1.1895026332463101,0.7428990801364745,0.23647367843586825,-0.2824001958759379,0.4720343978146519,5,25,5,4,23
1.2078808429504964,0.32913659246046423,0.23647367843586825,-0.2824001958759379,0.46018544872594963,6,25,5,4,19
1.2262590526546826,0.1518098120278884,0.5817695378109445,-0.2824001958759379,0.4364875505485619,7,25,5,4,19
1.244637262358869,-0.08462589521554607,0.5817695378109445,-0.2824001958759379,0.36539385601638197,8,25,5,4,19
1.244637262358869,-0.2028437488372633,0.5817695378109445,-0.2824001958759379,0.28245121239551657,9,25,5,4,0
1.2813936817672416,-0.4392794560806978,0.5817695378109445,-0.2824001958759379,0.18765961968593212,10,25,5,4,19
1.318150101175614,-0.4983883828915564,0.8119667773943287,-0.2824001958759379,0.08101907788767905,11,25,5,4,23
1.3089609963235211,-0.6166062365132736,0.5817695378109445,-0.2824001958759379,0.021774332444184544,12,25,5,4,23
1.373284730288173,-0.7348240901349908,1.5025584961444813,-0.2824001958759379,-0.0967151584427708,13,25,5,4,23
1.3457174157318934,-0.5574973097024151,0.4666709180192524,-0.2824001958759379,-0.13226200570886076,14,25,5,4,23
1.3365283108798005,-0.7939330169458495,1.272361256561097,-0.2824001958759379,-0.2270535984184284,15,25,5,4,23
1.2997718914714278,-0.9121508705675667,1.0421640169777129,-0.2824001958759379,-0.30999624203929377,16,25,5,4,23
1.2997718914714278,-0.853041943756708,0.4666709180192524,-0.2824001958759379,-0.392938885660176,17,25,5,4,23
1.244637262358869,-0.7939330169458495,0.5817695378109445,-0.2824001958759379,-0.4758815292810413,18,25,5,4,23
1.244637262358869,-0.853041943756708,0.8119667773943287,-0.2110959525641372,-0.5469752238132213,19,25,5,4,1
1.4467975691049182,0.9202258605690504,-0.22392080073090012,-0.9162156919808337,-0.2626004456845184,20,25,5,4,46
1.4651757788091044,0.7428990801364745,0.00627643885248406,-0.2110959525641372,-0.30999624203929377,21,25,5,4,19
1.428419359400732,0.8020080069473332,-0.4541180403142843,-0.2110959525641372,-0.20335570024104072,22,25,5,4,19
1.180313528394217,0.09270088521702978,0.23647367843586825,-0.2110959525641372,-0.10856410753147307,23,25,5,4,0
1.125178899281658,0.32913659246046423,-0.6843152798976685,-0.2110959525641372,-0.061168311176680826,0,26,5,5,0
1.0516660604649128,0.210918738838747,-0.22392080073090012,-0.2110959525641372,0.04547223062158908,1,26,5,5,0
0.8954512779793296,-0.025516968404687458,-0.4541180403142843,-0.2110959525641372,0.12841487424245446,2,26,5,5,0
0.7300473906416528,-0.1437348220264047,-0.22392080073090012,-0.2110959525641372,0.18765961968593212,3,26,5,5,0
0.6932909712332802,-0.08462589521554607,-0.6843152798976685,-0.2110959525641372,0.2706022633068143,4,26,5,5,0
0.6657236566770008,-0.1437348220264047,-0.6843152798976685,-0.2824001958759379,0.36539385601638197,5,26,5,5,19
0.6841018663811871,-0.2619526756481219,-0.6843152798976685,1.6348916798413717,0.37724280510508423,6,26,5,5,0
0.7576147051979323,-0.3210616024589805,-0.6843152798976685,1.6348916798413717,0.5431280923468318,7,26,5,5,0
0.8862621731272362,-0.2619526756481219,-1.0296111392727447,1.6348916798413717,0.6023728377903095,8,26,5,5,0
0.9322076973877019,-0.4983883828915564,-0.6843152798976685,-0.2824001958759379,0.6023728377903095,9,26,5,5,0
0.9138294876835157,-0.6757151633241323,-0.9145125194810526,-0.6626894935388755,0.6497686341450849,10,26,5,5,23
0.9138294876835157,-0.853041943756708,-1.7202028580228972,-0.9162156919808337,0.6497686341450849,11,26,5,5,0
0.9413968022397953,-0.9121508705675667,-0.22392080073090012,-0.9162156919808337,0.6023728377903095,12,26,5,5,19
0.674912761529094,-1.6214579922978702,1.7327557357278653,-0.6626894935388755,0.5668259905242196,13,26,5,5,19
0.7392364954937459,-1.503240138676153,0.8119667773943287,-0.6626894935388755,0.5786749396129218,14,26,5,5,19
0.7024800760853733,-1.3850222850544356,0.5817695378109445,-0.2824001958759379,0.5786749396129218,15,26,5,5,19
0.7024800760853733,-1.503240138676153,0.8119667773943287,-0.2824001958759379,0.5549770414355173,16,26,5,5,23
0.6289672372686282,-1.503240138676153,0.4666709180192524,-0.2824001958759379,0.5194301941694273,17,26,5,5,23
0.555454398451883,-1.503240138676153,0.5817695378109445,-0.2824001958759379,0.5431280923468318,18,26,5,5,23
0.47275245478304484,-1.503240138676153,-0.22392080073090012,-0.2824001958759379,0.6023728377903095,19,26,5,5,19
0.44518514022676536,-1.1485865778110012,-0.6843152798976685,-0.2824001958759379,0.6971644304998771,20,26,5,5,19
0.4543742450788585,-0.7348240901349908,-0.9145125194810526,-0.2110959525641372,0.7801070741207425,21,26,5,5,19
0.43599603537467224,-0.9121508705675667,-1.0296111392727447,-0.2110959525641372,0.7801070741207425,22,26,5,5,19
0.47275245478304484,-0.4983883828915564,-1.0296111392727447,-0.2110959525641372,0.8275028704755347,23,26,5,5,19
0.41761782567048583,-0.6166062365132736,-1.0296111392727447,-0.2110959525641372,0.839351819564237,0,27,5,6,0
0.44518514022676536,-0.3210616024589805,-0.6843152798976685,-0.2110959525641372,0.8512007686529224,1,27,5,6,0
0.39923961596629964,-0.2619526756481219,-0.4541180403142843,-0.2110959525641372,0.839351819564237,2,27,5,6,19
0.05005363158676012,-1.3259133582435771,-0.22392080073090012,-0.2110959525641372,0.839351819564237,3,27,5,6,23
0.0868100509951327,-1.1485865778110012,-0.22392080073090012,-0.2110959525641372,0.9341434122738046,4,27,5,6,23
0.12356647040350527,-0.9121508705675667,-0.22392080073090012,-0.2824001958759379,1.0052371068059847,5,27,5,6,23
-0.01427010237789191,-1.3259133582435771,0.23647367843586825,-0.2824001958759379,1.0289350049833723,6,27,5,6,23
0.13275557525559842,-1.0894776510001425,-0.6843152798976685,1.6348916798413717,1.0644818522494623,7,27,5,6,23
0.05005363158676012,-1.4441312118652943,-0.4541180403142843,1.6348916798413717,1.05263290316076,8,27,5,6,23
0.18789020436815726,-1.3850222850544356,-0.6843152798976685,1.6348916798413717,1.0644818522494623,9,27,5,6,23
0.13275557525559842,-1.7396758459195873,-1.7202028580228972,1.6348916798413717,0.9933881577172823,10,27,5,6,23
0.12356647040350527,-1.8578936995413047,-1.259808378856129,1.6348916798413717,0.9222944631851023,11,27,5,6,1
0.16951199466397104,-1.8578936995413047,-1.7202028580228972,1.6348916798413717,0.839351819564237,12,27,5,6,1
0.2614030431849025,-1.7396758459195873,-0.22392080073090012,1.6348916798413717,0.7445602268546694,13,27,5,6,1
0.2614030431849025,-1.8578936995413047,-1.7202028580228972,1.6348916798413717,0.6853154814111748,14,27,5,6,1
0.23383572862862298,-1.798784772730446,-0.4541180403142843,1.6348916798413717,0.6142217868789949,15,27,5,6,1
0.2705921480369956,-1.7396758459195873,-0.22392080073090012,1.6348916798413717,0.5905238887016072,16,27,5,6,1
0.2522139383328093,-1.798784772730446,-1.0296111392727447,1.6348916798413717,0.5194301941694273,17,27,5,6,1
0.39923961596629964,-1.3259133582435771,-0.9145125194810526,1.6348916798413717,0.42463860145985965,18,27,5,6,25
0.6381563421207214,-0.6166062365132736,-1.7202028580228972,1.6348916798413717,0.4364875505485619,19,27,5,6,24
0.5462652935997899,-0.853041943756708,-1.259808378856129,-0.2110959525641372,0.3061491105729043,20,27,5,6,1
0.5370761887476968,-0.9121508705675667,-1.7202028580228972,-0.2110959525641372,0.34169595783899426,21,27,5,6,1
0.6013999227123488,-0.5574973097024151,-1.7202028580228972,-0.2110959525641372,0.329847008750292,22,27,5,6,1
0.5830217130081625,-0.6166062365132736,-1.0296111392727447,-0.2110959525641372,0.28245121239551657,23,27,5,6,23
0.7300473906416528,-0.2619526756481219,-1.259808378856129,-0.2110959525641372,0.3061491105729043,0,28,5,0,23
0.5738326081560694,-0.6166062365132736,-0.22392080073090012,-0.2110959525641372,0.21135751786333665,1,28,5,0,23
0.5278870838956037,-0.5574973097024151,-0.4541180403142843,-0.2110959525641372,0.16396172150854443,2,28,5,0,23
0.5278870838956037,-0.5574973097024151,-0.6843152798976685,-0.2110959525641372,0.18765961968593212,3,28,5,0,1
0.5278870838956037,-0.5574973097024151,0.23647367843586825,-0.2110959525641372,0.18765961968593212,4,28,5,0,1
0.44518514022676536,-0.7348240901349908,0.4666709180192524,-0.2110959525641372,0.14026382333115672,5,28,5,0,23
0.43599603537467224,-0.7348240901349908,1.0421640169777129,-0.2824001958759379,0.3061491105729043,6,28,5,0,23
0.3349158820016476,-1.030368724189284,0.8119667773943287,1.6348916798413717,0.24690436512942662,7,28,5,0,23
0.41761782567048583,-0.853041943756708,1.5025584961444813,1.6348916798413717,0.2232064669520221,8,28,5,0,23
0.44518514022676536,-0.853041943756708,0.5817695378109445,1.6348916798413717,0.2232064669520221,9,28,5,0,1
0.4635633499309516,-0.9712597973784254,0.8119667773943287,1.6348916798413717,0.18765961968593212,10,28,5,0,1
0.48194155963513796,-0.9121508705675667,1.0421640169777129,1.6348916798413717,0.1758106705972467,11,28,5,0,1
0.5830217130081625,-0.3210616024589805,0.5817695378109445,-0.2824001958759379,0.08101907788767905,12,28,5,0,1
0.4268069305225791,-0.9121508705675667,1.272361256561097,-0.2824001958759379,-0.0019235657332031574,13,28,5,0,1
0.48194155963513796,-1.1485865778110012,1.5025584961444813,1.6348916798413717,-0.08486620935406852,14,28,5,0,1
0.3716723014100201,-1.0894776510001425,1.0421640169777129,1.6348916798413717,-0.13226200570886076,15,28,5,0,1
0.3532940917058339,-1.0894776510001425,0.8119667773943287,-0.2824001958759379,-0.20335570024104072,16,28,5,0,1
0.39923961596629964,-1.030368724189284,1.272361256561097,-0.2824001958759379,-0.27444939477322067,17,28,5,0,23
0.41761782567048583,-0.853041943756708,1.272361256561097,1.6348916798413717,-0.28629834386190606,18,28,5,0,23
0.39923961596629964,-0.7348240901349908,0.8119667773943287,1.6348916798413717,-0.3336941402166983,19,28,5,0,23
0.40842872081839277,-0.5574973097024151,0.5817695378109445,1.6348916798413717,-0.40478783474887825,20,28,5,0,1
0.3808614062621134,-0.4983883828915564,0.4666709180192524,-0.2110959525641372,-0.42848573292626596,21,28,5,0,19
0.41761782567048583,-0.2619526756481219,0.00627643885248406,-0.2110959525641372,-0.46403258019235594,22,28,5,0,23
0.41761782567048583,-0.08462589521554607,-0.22392080073090012,-0.2110959525641372,-0.606219969256699,23,28,5,0,23
0.4268069305225791,0.09270088521702978,0.00627643885248406,-0.2110959525641372,-0.7247094601436711,0,29,5,1,23
0.3900505111142065,0.210918738838747,-0.6843152798976685,-0.2110959525641372,-0.8787457982967164,1,29,5,1,23
0.3900505111142065,0.1518098120278884,-0.4541180403142843,-0.2110959525641372,-0.9379905437401941,2,29,5,1,23
0.3073485674453682,-0.025516968404687458,0.00627643885248406,-0.2110959525641372,-1.0327821364497618,3,29,5,1,23
0.40842872081839277,0.3882455192713229,1.7327557357278653,-0.2824001958759379,-0.8431989510306265,4,29,5,1,47
0.5830217130081625,1.156661567812485,0.00627643885248406,-1.1697418904227923,-1.080177932804554,5,29,5,1,47
0.5922108178602556,1.2157704946233434,-0.6843152798976685,-2.001624729060468,-0.9379905437401941,6,29,5,1,44
0.7116691809374666,1.156661567812485,-1.0296111392727447,-0.6626894935388755,-0.9735373910062841,7,29,5,1,1
0.9322076973877019,0.9793347873799091,-1.7202028580228972,-0.6626894935388755,-1.044631085538464,8,29,5,1,19
1.1527462138379374,0.7428990801364745,-1.259808378856129,-0.6626894935388755,-1.1038758309819416,9,29,5,1,19
1.2170699478025897,0.4473544460821815,-1.259808378856129,-0.6626894935388755,-1.1512716273367338,10,29,5,1,23
1.318150101175614,0.2700276656496056,-0.9145125194810526,-0.6626894935388755,-1.1512716273367338,11,29,5,1,23
1.3916629399923592,-0.025516968404687458,-0.9145125194810526,-0.6626894935388755,-1.2460632200463015,12,29,5,1,23
1.483553988513291,-0.2028437488372633,-1.0296111392727447,-0.9162156919808337,-1.400099558199347,13,29,5,1,19
1.455986673957011,-0.2028437488372633,-0.4541180403142843,-0.6626894935388755,-1.5422869472637069,14,29,5,1,25
1.5111213030695703,-0.3210616024589805,-0.22392080073090012,-0.6626894935388755,-1.660776438150662,15,29,5,1,23
1.373284730288173,0.7428990801364745,0.00627643885248406,-1.4232680888647506,-1.5422869472637069,16,29,5,1,47
1.3640956254360797,0.8020080069473332,-0.22392080073090012,-1.1697418904227923,-1.4356464054654368,17,29,5,1,47
1.3824738351402663,0.9793347873799091,1.5025584961444813,-0.6626894935388755,-1.5067400999976168,18,29,5,1,25
1.4008520448444526,1.156661567812485,1.0421640169777129,-0.9162156919808337,-1.5304379981750045,19,29,5,1,25
1.4100411496965455,1.156661567812485,-0.4541180403142843,-0.9162156919808337,-1.4830422018202292,20,29,5,1,1
1.4008520448444526,1.156661567812485,0.23647367843586825,-0.9162156919808337,-1.5422869472637069,21,29,5,1,1
1.3916629399923592,0.8611169337581918,-0.6843152798976685,-0.6626894935388755,-1.5422869472637069,22,29,5,1,1
1.373284730288173,0.9202258605690504,-1.0296111392727447,-0.2110959525641372,-1.554135896352409,23,29,5,1,1
1.3365283108798005,0.7428990801364745,0.23647367843586825,-0.2110959525641372,-1.518589049086319,0,30,5,2,1
1.0884224798732856,0.210918738838747,1.0421640169777129,-0.2110959525641372,-1.518589049086319,1,30,5,2,19
0.7300473906416528,-0.4983883828915564,0.8119667773943287,-0.2110959525641372,-1.3882506091106614,2,30,5,2,19
0.6657236566770008,-0.4392794560806978,0.4666709180192524,-0.2110959525641372,-1.3527037618445714,3,30,5,2,23
0.7116691809374666,-0.08462589521554607,-0.22392080073090012,-0.2824001958759379,-1.2697611182236892,4,30,5,2,23
0.6841018663811871,0.03359195840617116,-0.4541180403142843,-0.2824001958759379,-1.222365321868914,5,30,5,2,23
0.7024800760853733,-0.2619526756481219,0.00627643885248406,-0.2824001958759379,-1.1631205764254362,6,30,5,2,23
0.7208582857895597,-0.3210616024589805,0.23647367843586825,1.6348916798413717,-1.1038758309819416,7,30,5,2,23
0.748425600345839,-0.5574973097024151,0.4666709180192524,1.6348916798413717,-1.115724780070644,8,30,5,2,19
0.6841018663811871,-0.9712597973784254,0.5817695378109445,1.6348916798413717,-1.1512716273367338,9,30,5,2,0
0.7024800760853733,-1.0894776510001425,0.00627643885248406,1.6348916798413717,-1.1275737291593462,10,30,5,2,19
0.6473454469728145,-1.3259133582435771,0.23647367843586825,-0.2824001958759379,-1.1512716273367338,11,30,5,2,0
0.5186979790435104,-1.7396758459195873,2.3082488346863257,1.6348916798413717,-1.1749695255141217,12,30,5,2,19
0.5095088741914173,-1.798784772730446,1.7327557357278653,1.6348916798413717,-1.1868184746028239,13,30,5,2,0
0.5462652935997899,-1.7396758459195873,1.9629529753112496,1.6348916798413717,-1.1986674236915094,14,30,5,2,0
0.555454398451883,-1.6805669191087287,0.8119667773943287,1.6348916798413717,-1.2105163727802115,15,30,5,2,19
0.5278870838956037,-1.798784772730446,0.00627643885248406,1.6348916798413717,-1.2460632200463015,16,30,5,2,0
0.5370761887476968,-1.6805669191087287,1.0421640169777129,1.6348916798413717,-1.1986674236915094,17,30,5,2,0
0.5370761887476968,-1.5623490654870116,0.5817695378109445,1.6348916798413717,-1.1749695255141217,18,30,5,2,19
0.5003197693393242,-1.3850222850544356,-1.7202028580228972,1.6348916798413717,-1.1512716273367338,19,30,5,2,19
0.5095088741914173,-0.9712597973784254,-1.0296111392727447,1.6348916798413717,-1.0920268818932564,20,30,5,2,19
0.5830217130081625,-0.5574973097024151,-0.9145125194810526,-0.2110959525641372,-1.0327821364497618,21,30,5,2,19
0.6381563421207214,-0.4392794560806978,-0.6843152798976685,-0.2110959525641372,-1.044631085538464,22,30,5,2,23
0.674912761529094,-0.2028437488372633,0.00627643885248406,-0.9162156919808337,-0.9379905437401941,23,30,5,2,25
0.7300473906416528,-0.025516968404687458,-1.0296111392727447,-0.2110959525641372,-0.9142926455628064,0,31,5,3,23
0.7576147051979323,0.1518098120278884,-0.9145125194810526,-0.2110959525641372,-0.8787457982967164,1,31,5,3,23
0.7943711246063048,0.4473544460821815,-1.259808378856129,-0.2110959525641372,-0.866896849208031,2,31,5,3,23
0.6381563421207214,-0.025516968404687458,-0.6843152798976685,-0.2110959525641372,-0.8905947473854188,3,31,5,3,23
0.5462652935997899,0.210918738838747,-0.4541180403142843,-0.2824001958759379,-0.8431989510306265,4,31,5,3,19
0.5186979790435104,0.03359195840617116,-0.6843152798976685,1.6348916798413717,-0.7247094601436711,5,31,5,3,19
0.5278870838956037,-0.025516968404687458,0.00627643885248406,1.6348916798413717,-0.6536157656114912,6,31,5,3,19
0.5830217130081625,0.5064633728930401,0.00627643885248406,-0.2824001958759379,-0.5232773256358336,7,31,5,3,25
0.555454398451883,-0.08462589521554607,-0.22392080073090012,-0.2824001958759379,-0.48773047836974365,8,31,5,3,19
0.6197781324165351,-0.2028437488372633,-0.4541180403142843,-0.2824001958759379,-0.4403346820149514,9,31,5,3,23
0.5646435033039762,-0.3210616024589805,-0.6843152798976685,-0.2824001958759379,-0.40478783474887825,10,31,5,3,23
0.6289672372686282,-0.3801705292698392,-1.259808378856129,-0.2824001958759379,-0.40478783474887825,11,31,5,3,23
0.555454398451883,-0.5574973097024151,-1.7202028580228972,1.6348916798413717,-0.392938885660176,12,31,5,3,23
0.4543742450788585,-1.0894776510001425,0.5817695378109445,1.6348916798413717,-0.3336941402166983,13,31,5,3,23
0.4543742450788585,-1.1485865778110012,0.4666709180192524,1.6348916798413717,-0.32184519112799603,14,31,5,3,23
0.298159462593275,-1.3850222850544356,0.4666709180192524,1.6348916798413717,-0.2626004456845184,15,31,5,3,23
0.3165376722974613,-1.4441312118652943,0.4666709180192524,1.6348916798413717,-0.23890254750713066,16,31,5,3,19
0.32572677714955445,-1.4441312118652943,0.00627643885248406,1.6348916798413717,-0.2270535984184284,17,31,5,3,19
0.18789020436815726,-1.6214579922978702,0.8119667773943287,1.6348916798413717,-0.16780885297495074,18,31,5,3,19
0.21545751892443676,-1.3850222850544356,0.00627643885248406,1.6348916798413717,-0.10856410753147307,19,31,5,3,19
0.105188260699319,-1.2076955046218598,-0.22392080073090012,-0.2824001958759379,-0.04931936208797856,20,31,5,3,19
0.15113378495978472,-0.6757151633241323,-0.6843152798976685,-0.2110959525641372,-0.0019235657332031574,21,31,5,3,0
0.16951199466397104,-0.5574973097024151,-0.9145125194810526,-0.2110959525641372,0.09286802697636448,22,31,5,3,0
0.16951199466397104,-0.6166062365132736,-0.9145125194810526,-0.2110959525641372,0.152112772419859,23,31,5,3,0
0.11437736555141212,-0.4983883828915564,-1.0296111392727447,-0.2110959525641372,0.18765961968593212,0,1,6,4,0
0.09599915584722585,-0.4983883828915564,-0.9145125194810526,-0.2110959525641372,0.2232064669520221,1,1,6,4,0
0.05005363158676012,-0.4983883828915564,-0.6843152798976685,-0.2110959525641372,0.25875331421811204,2,1,6,4,19
0.004108107326294396,-0.3210616024589805,-0.6843152798976685,-0.2110959525641372,0.28245121239551657,3,1,6,4,19
0.022486317030480662,-0.4392794560806978,-0.4541180403142843,1.6348916798413717,0.34169595783899426,4,1,6,4,23
0.06843184129094639,-0.4392794560806978,-0.4541180403142843,1.6348916798413717,0.3890917541937697,5,1,6,4,1
0.17870109951606414,-0.3210616024589805,-0.9145125194810526,1.6348916798413717,0.4364875505485619,6,1,6,4,1
0.2522139383328093,-0.7939330169458495,-0.6843152798976685,1.6348916798413717,0.46018544872594963,7,1,6,4,1
0.0868100509951327,-1.3259133582435771,-0.4541180403142843,1.6348916798413717,0.5075812450807419,8,1,6,4,1
0.18789020436815726,-1.3850222850544356,-0.4541180403142843,1.6348916798413717,0.49573229599203955,9,1,6,4,1
-0.12453936060300964,-2.1534383335955978,0.5817695378109445,1.6348916798413717,0.46018544872594963,10,1,6,4,23
-0.14291757030719593,-2.1534383335955978,0.23647367843586825,1.6348916798413717,0.4127896523711742,11,1,6,4,1
0.06843184129094639,-1.9170026263521631,0.5817695378109445,1.6348916798413717,0.3179980596615897,12,1,6,4,1
0.13275557525559842,-1.8578936995413047,0.23647367843586825,1.6348916798413717,0.28245121239551657,13,1,6,4,1
0.18789020436815726,-1.798784772730446,0.00627643885248406,1.6348916798413717,0.18765961968593212,14,1,6,4,1
0.21545751892443676,-1.7396758459195873,0.23647367843586825,1.6348916798413717,0.12841487424245446,15,1,6,4,1
0.16032288981187784,-1.9170026263521631,0.8119667773943287,1.6348916798413717,-0.013772514821888588,16,1,6,4,1
0.14194468010769154,-1.9170026263521631,0.4666709180192524,1.6348916798413717,-0.025621463910590857,17,1,6,4,1
0.18789020436815726,-1.8578936995413047,0.4666709180192524,-0.2824001958759379,-0.08486620935406852,18,1,6,4,1
0.2522139383328093,-1.7396758459195873,0.4666709180192524,-0.2110959525641372,-0.20335570024104072,19,1,6,4,1
0.21545751892443676,-1.798784772730446,0.5817695378109445,-0.2110959525641372,-0.2270535984184284,20,1,6,4,1
0.2889703577411819,-1.6214579922978702,1.272361256561097,-0.2110959525641372,-0.2981472929506083,21,1,6,4,24
0.36248319655792705,-1.503240138676153,0.5817695378109445,-0.2110959525641372,-0.3336941402166983,22,1,6,4,1
0.5278870838956037,-0.9121508705675667,0.4666709180192524,-0.2110959525641372,-0.3336941402166983,23,1,6,4,24
0.5186979790435104,-0.7939330169458495,0.00627643885248406,-0.6626894935388755,-0.32184519112799603,0,2,6,5,24
0.6381563421207214,-0.08462589521554607,0.4666709180192524,-0.9162156919808337,-0.45218363110365367,1,2,6,5,24
0.5646435033039762,0.03359195840617116,0.4666709180192524,-0.9162156919808337,-0.5588241729019235,2,2,6,5,24
0.5738326081560694,0.1518098120278884,0.4666709180192524,-0.9162156919808337,-0.6536157656114912,3,2,6,5,24
0.6381563421207214,0.5064633728930401,1.0421640169777129,-1.1697418904227923,-0.7365584092323566,4,2,6,5,24
0.6105890275644419,0.5064633728930401,1.0421640169777129,-0.9162156919808337,-0.8195010528532388,5,2,6,5,24
0.6381563421207214,0.5064633728930401,0.4666709180192524,-0.9162156919808337,-0.7247094601436711,6,2,6,5,24
0.5646435033039762,0.32913659246046423,0.23647367843586825,-0.6626894935388755,-0.7128605110549688,7,2,6,5,24
0.6565345518249076,0.9793347873799091,-0.4541180403142843,-0.6626894935388755,-0.6773136637888789,8,2,6,5,24
0.6473454469728145,0.683790153325616,-0.22392080073090012,-0.2824001958759379,-0.6299178674341035,9,2,6,5,1
0.6657236566770008,0.9793347873799091,-0.9145125194810526,-1.5579538817870409,-0.6773136637888789,10,2,6,5,28
0.7116691809374666,1.0975526410016263,-0.9145125194810526,-0.9162156919808337,-0.6773136637888789,11,2,6,5,24
0.7300473906416528,1.0975526410016263,-0.6843152798976685,-0.2824001958759379,-0.7365584092323566,12,2,6,5,24
0.7668038100500254,1.0975526410016263,-0.4541180403142843,-0.2824001958759379,-0.7365584092323566,13,2,6,5,24
0.7668038100500254,0.9793347873799091,0.5817695378109445,-0.2824001958759379,-0.7839542055871488,14,2,6,5,1
0.7668038100500254,0.8611169337581918,0.23647367843586825,-0.2824001958759379,-0.795803154675851,15,2,6,5,1
0.7759929149021185,1.0384437141907676,0.8119667773943287,-0.2824001958759379,-0.8313500019419411,16,2,6,5,24
0.7759929149021185,1.0384437141907676,0.23647367843586825,-0.2824001958759379,-0.8195010528532388,17,2,6,5,2
0.7851820197542116,1.2157704946233434,0.4666709180192524,-1.6847169810080203,-0.795803154675851,18,2,6,5,3
0.7943711246063048,1.2157704946233434,-0.6843152798976685,-1.8114800802289992,-0.7721052564984465,19,2,6,5,3
0.7300473906416528,1.0384437141907676,-1.259808378856129,-0.6626894935388755,-0.7721052564984465,20,2,6,5,2
0.748425600345839,1.0975526410016263,-0.9145125194810526,-0.2110959525641372,-0.7602563074097611,21,2,6,5,1
0.7208582857895597,0.9202258605690504,0.00627643885248406,-0.2110959525641372,-0.8431989510306265,22,2,6,5,1
0.7024800760853733,0.9202258605690504,-1.0296111392727447,-0.2110959525641372,-0.8550479001193287,23,2,6,5,1
0.7208582857895597,0.9793347873799091,-0.6843152798976685,-0.6626894935388755,-0.8550479001193287,0,3,6,6,1
0.7668038100500254,1.156661567812485,-1.0296111392727447,-0.6626894935388755,-0.9024436964741042,1,3,6,6,1
0.7759929149021185,1.156661567812485,-1.0296111392727447,-0.6626894935388755,-0.9379905437401941,2,3,6,6,1
0.7392364954937459,1.0975526410016263,-1.259808378856129,-0.6626894935388755,-0.9735373910062841,3,3,6,6,1
0.7208582857895597,0.9793347873799091,-0.9145125194810526,-0.6626894935388755,-1.0090842382723741,4,3,6,6,23
0.674912761529094,1.156661567812485,-1.7202028580228972,-0.6626894935388755,-0.9616884419175986,5,3,6,6,23
0.7668038100500254,0.9793347873799091,-0.6843152798976685,-0.2824001958759379,-0.9498394928288963,6,3,6,6,23
0.7300473906416528,0.5064633728930401,0.00627643885248406,-0.2824001958759379,-0.9498394928288963,7,3,6,6,23
0.7116691809374666,0.3882455192713229,-0.22392080073090012,-0.2824001958759379,-0.9616884419175986,8,3,6,6,23
0.7668038100500254,0.210918738838747,-0.4541180403142843,-0.2824001958759379,-1.0090842382723741,9,3,6,6,23
0.7759929149021185,-0.1437348220264047,-0.22392080073090012,1.6348916798413717,-1.0209331873610763,10,3,6,6,23
0.7208582857895597,-0.4392794560806978,-0.4541180403142843,1.6348916798413717,-1.080177932804554,11,3,6,6,23
0.6657236566770008,-0.6166062365132736,-0.6843152798976685,1.6348916798413717,-1.1038758309819416,12,3,6,6,23
0.7576147051979323,-0.4983883828915564,1.0421640169777129,1.6348916798413717,-1.1631205764254362,13,3,6,6,23
0.7300473906416528,-0.6757151633241323,1.0421640169777129,1.6348916798413717,-1.1986674236915094,14,3,6,6,23
0.7208582857895597,-0.4983883828915564,1.0421640169777129,1.6348916798413717,-1.222365321868914,15,3,6,6,23
0.7116691809374666,-0.4392794560806978,2.078051595102942,1.6348916798413717,-1.2342142709575994,16,3,6,6,23
0.6197781324165351,-0.6166062365132736,1.7327557357278653,1.6348916798413717,-1.2105163727802115,17,3,6,6,23
0.6473454469728145,-0.2619526756481219,1.7327557357278653,1.6348916798413717,-1.0920268818932564,18,3,6,6,23
0.5738326081560694,-0.1437348220264047,1.5025584961444813,-0.2110959525641372,-1.0090842382723741,19,3,6,6,23
0.44518514022676536,-0.2028437488372633,1.9629529753112496,-0.2110959525641372,-0.9261415946515087,20,3,6,6,23
0.41761782567048583,-0.2028437488372633,1.5025584961444813,-0.2110959525641372,-0.9024436964741042,21,3,6,6,23
0.39923961596629964,-0.2028437488372633,1.7327557357278653,-0.2110959525641372,-0.866896849208031,22,3,6,6,1
0.39923961596629964,-0.1437348220264047,1.7327557357278653,-0.2110959525641372,-0.8787457982967164,23,3,6,6,23
0.43599603537467224,0.09270088521702978,2.078051595102942,-0.2110959525641372,-0.8431989510306265,0,4,6,0,1
0.47275245478304484,0.4473544460821815,0.4666709180192524,-0.2110959525641372,-0.8550479001193287,1,4,6,0,24
0.4635633499309516,0.4473544460821815,0.8119667773943287,-0.2110959525641372,-0.866896849208031,2,4,6,0,1
0.4543742450788585,0.5064633728930401,1.0421640169777129,-0.2110959525641372,-0.866896849208031,3,4,6,0,25
0.4635633499309516,0.7428990801364745,0.8119667773943287,-0.6626894935388755,-0.795803154675851,4,4,6,0,24
0.5003197693393242,0.8611169337581918,0.5817695378109445,-0.6626894935388755,-0.7602563074097611,5,4,6,0,24
0.5186979790435104,0.8020080069473332,0.8119667773943287,-0.2824001958759379,-0.7010115619662834,6,4,6,0,1
0.4911306644872311,0.5655722997038988,2.078051595102942,-0.2824001958759379,-0.6536157656114912,7,4,6,0,24
0.5278870838956037,0.7428990801364745,1.0421640169777129,-0.6626894935388755,-0.5943710201680136,8,4,6,0,24
0.47275245478304484,0.5655722997038988,1.5025584961444813,-0.2824001958759379,-0.5351262747245359,9,4,6,0,24
0.4543742450788585,0.2700276656496056,1.5025584961444813,-0.2824001958759379,-0.4758815292810413,10,4,6,0,1
0.44518514022676536,0.03359195840617116,1.5025584961444813,-0.2824001958759379,-0.45218363110365367,11,4,6,0,1
0.43599603537467224,0.03359195840617116,0.8119667773943287,-0.2824001958759379,-0.4166367838375637,12,4,6,0,25
0.44518514022676536,0.09270088521702978,1.0421640169777129,-0.2824001958759379,-0.357392038394086,13,4,6,0,24
0.43599603537467224,-0.2619526756481219,0.5817695378109445,-0.2824001958759379,-0.3810899365714737,14,4,6,0,1
0.4268069305225791,-0.6166062365132736,0.8119667773943287,-0.2824001958759379,-0.3810899365714737,15,4,6,0,23
0.3716723014100201,-0.7939330169458495,0.8119667773943287,-0.2824001958759379,-0.40478783474887825,16,4,6,0,23
0.41761782567048583,-0.6757151633241323,0.8119667773943287,-0.2824001958759379,-0.40478783474887825,17,4,6,0,23
0.41761782567048583,-0.7939330169458495,0.00627643885248406,1.6348916798413717,-0.3692409874827883,18,4,6,0,23
0.39923961596629964,-0.7939330169458495,0.5817695378109445,1.6348916798413717,-0.3336941402166983,19,4,6,0,23
0.43599603537467224,-0.5574973097024151,-0.22392080073090012,-0.2824001958759379,-0.2981472929506083,20,4,6,0,19
0.4543742450788585,-0.2619526756481219,0.00627643885248406,-0.2110959525641372,-0.2507514965958161,21,4,6,0,19
0.3532940917058339,-0.5574973097024151,0.23647367843586825,-0.2110959525641372,-0.2626004456845184,22,4,6,0,23
0.3073485674453682,-0.6757151633241323,-0.4541180403142843,-0.2110959525641372,-0.2626004456845184,23,4,6,0,1
0.21545751892443676,-0.7348240901349908,-0.22392080073090012,-0.2110959525641372,-0.2626004456845184,0,5,6,1,1
0.41761782567048583,-0.2028437488372633,0.00627643885248406,-0.2110959525641372,-0.27444939477322067,1,5,6,1,1
0.34410498685374075,-0.1437348220264047,-0.22392080073090012,-0.2110959525641372,-0.27444939477322067,2,5,6,1,23
0.3808614062621134,0.32913659246046423,0.00627643885248406,-0.2110959525641372,-0.23890254750713066,3,5,6,1,19
0.36248319655792705,0.4473544460821815,-0.22392080073090012,-0.2824001958759379,-0.21520464932972613,4,5,6,1,19
0.3808614062621134,0.5064633728930401,-0.22392080073090012,-0.2824001958759379,-0.13226200570886076,5,5,6,1,19
0.41761782567048583,0.09270088521702978,0.00627643885248406,1.6348916798413717,-0.08486620935406852,6,5,6,1,19
0.36248319655792705,-0.4983883828915564,0.5817695378109445,1.6348916798413717,-0.07301726026538309,7,5,6,1,19
0.3532940917058339,-0.853041943756708,1.272361256561097,1.6348916798413717,-0.03747041299929313,8,5,6,1,19
0.39923961596629964,-1.030368724189284,0.4666709180192524,1.6348916798413717,-0.04931936208797856,9,5,6,1,0
0.3808614062621134,-1.3259133582435771,0.4666709180192524,1.6348916798413717,-0.07301726026538309,10,5,6,1,19
0.2522139383328093,-1.6805669191087287,1.272361256561097,1.6348916798413717,-0.061168311176680826,11,5,6,1,19
0.21545751892443676,-1.8578936995413047,0.5817695378109445,1.6348916798413717,-0.0967151584427708,12,5,6,1,19
0.11437736555141212,-2.094329406784739,0.00627643885248406,1.6348916798413717,-0.1441109547975462,13,5,6,1,19
0.16951199466397104,-2.094329406784739,-0.9145125194810526,1.6348916798413717,-0.20335570024104072,14,5,6,1,19
0.16951199466397104,-2.094329406784739,-0.4541180403142843,1.6348916798413717,-0.2626004456845184,15,5,6,1,19
0.3349158820016476,-1.9170026263521631,-1.259808378856129,1.6348916798413717,-0.357392038394086,16,5,6,1,19
0.2614030431849025,-1.9761115531630218,0.00627643885248406,1.6348916798413717,-0.3692409874827883,17,5,6,1,23
0.3900505111142065,-1.6214579922978702,-0.4541180403142843,1.6348916798413717,-0.34554308930538374,18,5,6,1,25
0.7116691809374666,-0.1437348220264047,0.8119667773943287,-0.2824001958759379,-0.19150675115233842,19,5,6,1,25
0.8311275440146774,0.5655722997038988,-0.6843152798976685,-0.2824001958759379,-0.20335570024104072,20,5,6,1,25
0.674912761529094,-0.08462589521554607,-1.0296111392727447,-0.2110959525641372,-0.17965780206363616,21,5,6,1,23
0.7759929149021185,0.6246812265147573,-0.9145125194810526,-0.2110959525641372,-0.1204130566201585,22,5,6,1,23
0.6197781324165351,-0.2619526756481219,0.00627643885248406,-0.2110959525641372,-0.0967151584427708,23,5,6,1,23
0.4911306644872311,-0.2028437488372633,-0.6843152798976685,-0.2110959525641372,-0.0967151584427708,0,6,6,2,23
0.4268069305225791,-0.2028437488372633,-0.6843152798976685,-0.2110959525641372,-0.0967151584427708,1,6,6,2,23
0.3716723014100201,-0.025516968404687458,-0.4541180403142843,-0.2110959525641372,-0.07301726026538309,2,6,6,2,23
0.3900505111142065,0.4473544460821815,-0.6843152798976685,-0.2110959525641372,-0.07301726026538309,3,6,6,2,23
0.39923961596629964,0.4473544460821815,-1.0296111392727447,-0.2824001958759379,-0.025621463910590857,4,6,6,2,23
0.4268069305225791,0.2700276656496056,-0.6843152798976685,1.6348916798413717,-0.0019235657332031574,5,6,6,2,23
0.47275245478304484,0.32913659246046423,0.00627643885248406,-0.2824001958759379,0.021774332444184544,6,6,6,2,23
0.5278870838956037,0.03359195840617116,-0.22392080073090012,-0.2824001958759379,0.05732117971027451,7,6,6,2,19
0.6473454469728145,0.09270088521702978,-0.9145125194810526,-0.2824001958759379,0.10471697606506675,8,6,6,2,19
0.6473454469728145,-0.1437348220264047,-0.6843152798976685,-0.2824001958759379,0.09286802697636448,9,6,6,2,19
0.6565345518249076,-0.4392794560806978,-0.4541180403142843,-0.2824001958759379,0.08101907788767905,10,6,6,2,19
0.6289672372686282,-0.9121508705675667,-0.9145125194810526,-0.2824001958759379,0.03362328153288681,11,6,6,2,19
0.6565345518249076,-0.9121508705675667,-0.6843152798976685,-0.2824001958759379,-0.0019235657332031574,12,6,6,2,19
0.6473454469728145,-0.9121508705675667,-1.7202028580228972,-0.2824001958759379,-0.04931936208797856,13,6,6,2,19
0.6657236566770008,-1.030368724189284,-1.259808378856129,1.6348916798413717,-0.13226200570886076,14,6,6,2,23
0.6197781324165351,-1.0894776510001425,-0.9145125194810526,1.6348916798413717,-0.19150675115233842,15,6,6,2,23
0.5186979790435104,-1.4441312118652943,-0.22392080073090012,1.6348916798413717,-0.17965780206363616,16,6,6,2,23
0.44518514022676536,-1.503240138676153,-0.4541180403142843,-0.2824001958759379,-0.16780885297495074,17,6,6,2,23
0.4635633499309516,-1.3259133582435771,0.00627643885248406,-0.2824001958759379,-0.1204130566201585,18,6,6,2,23
0.48194155963513796,-1.1485865778110012,0.00627643885248406,-0.2824001958759379,-0.061168311176680826,19,6,6,2,23
0.6473454469728145,-0.4392794560806978,-0.6843152798976685,-0.2824001958759379,-0.013772514821888588,20,6,6,2,25
0.6565345518249076,-0.1437348220264047,-0.4541180403142843,-0.2110959525641372,-0.013772514821888588,21,6,6,2,23
0.6197781324165351,-0.4983883828915564,-0.6843152798976685,-0.2110959525641372,-0.013772514821888588,22,6,6,2,1
0.6013999227123488,-0.4983883828915564,-0.4541180403142843,-0.2110959525641372,-0.0019235657332031574,23,6,6,2,25
0.5922108178602556,0.03359195840617116,-0.6843152798976685,-0.2110959525641372,0.009925383355499112,0,7,6,3,19
0.6105890275644419,0.5064633728930401,-0.9145125194810526,-0.2110959525641372,0.009925383355499112,1,7,6,3,19
0.6289672372686282,0.7428990801364745,-0.4541180403142843,-0.2110959525641372,-0.013772514821888588,2,7,6,3,0
0.5830217130081625,0.7428990801364745,0.23647367843586825,-0.2110959525641372,-0.03747041299929313,3,7,6,3,0
0.5278870838956037,0.6246812265147573,-0.6843152798976685,-0.2824001958759379,-0.0019235657332031574,4,7,6,3,19
0.5095088741914173,0.8020080069473332,-0.4541180403142843,1.6348916798413717,0.06917012879897678,5,7,6,3,19
0.5370761887476968,0.5655722997038988,-0.22392080073090012,1.6348916798413717,0.08101907788767905,6,7,6,3,19
0.5370761887476968,0.09270088521702978,-1.259808378856129,-0.2824001958759379,0.09286802697636448,7,7,6,3,19
0.6105890275644419,-0.2028437488372633,-0.4541180403142843,-0.2824001958759379,0.08101907788767905,8,7,6,3,19
0.6381563421207214,-0.4983883828915564,-1.0296111392727447,1.6348916798413717,0.04547223062158908,9,7,6,3,19
0.6473454469728145,-0.853041943756708,-1.0296111392727447,1.6348916798413717,-0.0019235657332031574,10,7,6,3,19
0.7300473906416528,-0.7939330169458495,-0.9145125194810526,1.6348916798413717,-0.03747041299929313,11,7,6,3,19
0.6932909712332802,-1.030368724189284,-0.22392080073090012,1.6348916798413717,-0.08486620935406852,12,7,6,3,19
0.7668038100500254,-0.9712597973784254,-0.4541180403142843,1.6348916798413717,-0.15595990388624847,13,7,6,3,19
0.6289672372686282,-1.4441312118652943,-0.4541180403142843,1.6348916798413717,-0.2270535984184284,14,7,6,3,19
0.6197781324165351,-1.4441312118652943,-0.22392080073090012,1.6348916798413717,-0.2981472929506083,15,7,6,3,19
0.6105890275644419,-1.503240138676153,0.00627643885248406,1.6348916798413717,-0.3692409874827883,16,7,6,3,19
0.5830217130081625,-1.503240138676153,-0.4541180403142843,1.6348916798413717,-0.42848573292626596,17,7,6,3,23
0.4911306644872311,-1.6214579922978702,-0.6843152798976685,1.6348916798413717,-0.45218363110365367,18,7,6,3,23
0.5922108178602556,-1.4441312118652943,-0.4541180403142843,1.6348916798413717,-0.45218363110365367,19,7,6,3,23
0.6289672372686282,-1.3259133582435771,-0.4541180403142843,-0.2824001958759379,-0.46403258019235594,20,7,6,3,23
0.7208582857895597,-0.4983883828915564,1.7327557357278653,-0.2110959525641372,-0.3692409874827883,21,7,6,3,23
0.8311275440146774,0.32913659246046423,0.23647367843586825,-0.2110959525641372,-0.3692409874827883,22,7,6,3,25
0.8862621731272362,0.5655722997038988,0.23647367843586825,-0.2110959525641372,-0.32184519112799603,23,7,6,3,24
0.9689641167960745,0.9202258605690504,-0.22392080073090012,-0.2110959525641372,-0.4403346820149514,0,8,6,4,23
0.9505859070918884,0.9202258605690504,-0.9145125194810526,-0.2110959525641372,-0.4758815292810413,1,8,6,4,0
0.9505859070918884,1.0975526410016263,-0.4541180403142843,-0.2110959525641372,-0.5351262747245359,2,8,6,4,0
0.8403166488667705,1.0384437141907676,-0.9145125194810526,-0.2110959525641372,-0.5825220710793113,3,8,6,4,19
0.7759929149021185,0.9202258605690504,-0.9145125194810526,-0.2824001958759379,-0.5588241729019235,4,8,6,4,19
0.7943711246063048,0.8020080069473332,-0.9145125194810526,1.6348916798413717,-0.5588241729019235,5,8,6,4,19
0.8403166488667705,0.4473544460821815,0.23647367843586825,1.6348916798413717,-0.5588241729019235,6,8,6,4,23
0.803560229458398,0.1518098120278884,0.8119667773943287,1.6348916798413717,-0.5825220710793113,7,8,6,4,23
0.8219384391625842,0.09270088521702978,0.8119667773943287,1.6348916798413717,-0.606219969256699,8,8,6,4,23
0.9230185925356088,0.2700276656496056,0.23647367843586825,-0.2824001958759379,-0.6180689183454012,9,8,6,4,1
0.9322076973877019,0.1518098120278884,-0.22392080073090012,-0.2824001958759379,-0.6180689183454012,10,8,6,4,1
0.9505859070918884,0.09270088521702978,0.23647367843586825,-0.2824001958759379,-0.6180689183454012,11,8,6,4,1
1.0240987459086335,0.09270088521702978,0.23647367843586825,-0.2824001958759379,-0.7010115619662834,12,8,6,4,1
1.0884224798732856,0.03359195840617116,0.5817695378109445,-0.2824001958759379,-0.8550479001193287,13,8,6,4,23
0.9413968022397953,-0.3210616024589805,0.23647367843586825,-0.2824001958759379,-0.9498394928288963,14,8,6,4,1
0.9413968022397953,-0.08462589521554607,0.5817695378109445,-1.1697418904227923,-0.8550479001193287,15,8,6,4,25
0.9965314313523541,0.32913659246046423,-1.259808378856129,-0.2824001958759379,-0.9853863400949864,16,8,6,4,23
1.0792333750211924,0.1518098120278884,-0.9145125194810526,-0.2824001958759379,-0.9853863400949864,17,8,6,4,23
1.0884224798732856,0.4473544460821815,-1.7202028580228972,-0.2824001958759379,-1.044631085538464,18,8,6,4,23
0.86788396342305,-0.2028437488372633,0.00627643885248406,-0.2824001958759379,-0.9142926455628064,19,8,6,4,19
0.674912761529094,-0.025516968404687458,-0.6843152798976685,-0.2824001958759379,-0.8431989510306265,20,8,6,4,19
0.5278870838956037,0.03359195840617116,-0.6843152798976685,-0.2110959525641372,-0.7602563074097611,21,8,6,4,0
0.48194155963513796,0.03359195840617116,-1.0296111392727447,-0.2110959525641372,-0.6773136637888789,22,8,6,4,0
0.4635633499309516,0.3882455192713229,-0.6843152798976685,-0.2110959525641372,-0.6536157656114912,23,8,6,4,0
0.5003197693393242,0.32913659246046423,-1.0296111392727447,-0.2110959525641372,-0.6417668165227889,0,9,6,5,0
0.5003197693393242,0.2700276656496056,-1.7202028580228972,-0.2110959525641372,-0.6180689183454012,1,9,6,5,0
0.48194155963513796,0.3882455192713229,-1.7202028580228972,-0.2110959525641372,-0.606219969256699,2,9,6,5,0
0.43599603537467224,0.4473544460821815,-1.7202028580228972,-0.2110959525641372,-0.5825220710793113,3,9,6,5,0
0.39923961596629964,0.8020080069473332,-1.7202028580228972,-0.2110959525641372,-0.5351262747245359,4,9,6,5,19
0.5003197693393242,0.8020080069473332,-1.0296111392727447,1.6348916798413717,-0.4403346820149514,5,9,6,5,19
0.6289672372686282,0.32913659246046423,-1.7202028580228972,1.6348916798413717,-0.40478783474887825,6,9,6,5,19
0.6565345518249076,-0.08462589521554607,-1.0296111392727447,1.6348916798413717,-0.34554308930538374,7,9,6,5,19
0.5830217130081625,-0.7939330169458495,-1.259808378856129,1.6348916798413717,-0.30999624203929377,8,9,6,5,19
0.48194155963513796,-1.2076955046218598,-1.7202028580228972,1.6348916798413717,-0.28629834386190606,9,9,6,5,19
0.6932909712332802,-1.030368724189284,-1.259808378856129,1.6348916798413717,-0.32184519112799603,10,9,6,5,19
0.6381563421207214,-1.2076955046218598,0.00627643885248406,1.6348916798413717,-0.34554308930538374,11,9,6,5,23
0.6105890275644419,-1.4441312118652943,0.23647367843586825,1.6348916798413717,-0.3810899365714737,12,9,6,5,1
0.4635633499309516,-1.798784772730446,0.4666709180192524,1.6348916798413717,-0.40478783474887825,13,9,6,5,1
0.4268069305225791,-1.8578936995413047,-0.9145125194810526,1.6348916798413717,-0.4403346820149514,14,9,6,5,23
0.2797812528890887,-2.1534383335955978,0.5817695378109445,1.6348916798413717,-0.45218363110365367,15,9,6,5,19
0.36248319655792705,-2.0352204799738804,0.23647367843586825,1.6348916798413717,-0.4403346820149514,16,9,6,5,1
0.4268069305225791,-1.9761115531630218,0.23647367843586825,1.6348916798413717,-0.42848573292626596,17,9,6,5,1
0.41761782567048583,-1.9170026263521631,-0.4541180403142843,1.6348916798413717,-0.3810899365714737,18,9,6,5,19
0.4635633499309516,-1.6214579922978702,-0.6843152798976685,1.6348916798413717,-0.357392038394086,19,9,6,5,23
0.5186979790435104,-0.9712597973784254,-1.0296111392727447,1.6348916798413717,-0.2981472929506083,20,9,6,5,19
0.3900505111142065,-1.3850222850544356,-1.0296111392727447,-0.2110959525641372,-0.21520464932972613,21,9,6,5,19
0.3716723014100201,-1.030368724189284,-1.259808378856129,-0.2110959525641372,-0.1441109547975462,22,9,6,5,0
0.48194155963513796,-0.7348240901349908,-1.259808378856129,-0.2110959525641372,-0.0967151584427708,23,9,6,5,19
0.6105890275644419,-0.1437348220264047,-1.0296111392727447,-0.2110959525641372,-0.025621463910590857,0,10,6,6,19
0.6197781324165351,-0.08462589521554607,-1.259808378856129,-0.2110959525641372,0.021774332444184544,1,10,6,6,0
0.674912761529094,0.6246812265147573,-1.7202028580228972,-0.2110959525641372,0.03362328153288681,2,10,6,6,0
0.8311275440146774,0.9793347873799091,-1.259808378856129,-0.2110959525641372,0.06917012879897678,3,10,6,6,19
0.7116691809374666,1.156661567812485,-1.259808378856129,-0.2110959525641372,0.11656592515376903,4,10,6,6,0
0.6013999227123488,0.32913659246046423,-1.0296111392727447,1.6348916798413717,0.2232064669520221,5,10,6,6,19
0.6473454469728145,-0.2619526756481219,-1.7202028580228972,1.6348916798413717,0.36539385601638197,6,10,6,6,19
0.5738326081560694,-0.7348240901349908,-1.259808378856129,1.6348916798413717,0.4364875505485619,7,10,6,6,19
0.6381563421207214,-1.030368724189284,-1.0296111392727447,1.6348916798413717,0.4720343978146519,8,10,6,6,19
0.7116691809374666,-1.030368724189284,-1.0296111392727447,1.6348916798413717,0.4720343978146519,9,10,6,6,19
0.8495057537188638,-1.1485865778110012,-0.9145125194810526,1.6348916798413717,0.4364875505485619,10,10,6,6,19
0.44518514022676536,-2.0352204799738804,-0.9145125194810526,1.6348916798413717,0.4720343978146519,11,10,6,6,23
0.48194155963513796,-2.0352204799738804,-0.9145125194810526,1.6348916798413717,0.42463860145985965,12,10,6,6,19
0.298159462593275,-2.3307651140281735,-0.4541180403142843,1.6348916798413717,0.3890917541937697,13,10,6,6,23
0.3073485674453682,-2.389874040839032,-1.0296111392727447,1.6348916798413717,0.4127896523711742,14,10,6,6,23
0.6105890275644419,-1.9761115531630218,-1.0296111392727447,1.6348916798413717,0.4364875505485619,15,10,6,6,19
0.748425600345839,-1.798784772730446,-1.0296111392727447,1.6348916798413717,0.42463860145985965,16,10,6,6,19
0.6841018663811871,-1.9170026263521631,-1.0296111392727447,1.6348916798413717,0.37724280510508423,17,10,6,6,1
0.6197781324165351,-1.9761115531630218,0.00627643885248406,1.6348916798413717,0.40094070328247194,18,10,6,6,1
0.5922108178602556,-1.9761115531630218,-0.6843152798976685,1.6348916798413717,0.49573229599203955,19,10,6,6,23
0.4543742450788585,-2.094329406784739,-0.6843152798976685,1.6348916798413717,0.49573229599203955,20,10,6,6,23
0.5370761887476968,-1.6214579922978702,-0.9145125194810526,-0.2110959525641372,0.5431280923468318,21,10,6,6,0
0.5830217130081625,-1.5623490654870116,-0.6843152798976685,-0.2110959525641372,0.5312791432581295,22,10,6,6,19
0.5830217130081625,-1.5623490654870116,-0.4541180403142843,-0.2110959525641372,0.5312791432581295,23,10,6,6,0
0.5922108178602556,-1.3850222850544356,-1.0296111392727447,-0.2110959525641372,0.5194301941694273,0,11,6,0,0
0.6105890275644419,-1.0894776510001425,-1.7202028580228972,-0.2110959525641372,0.4720343978146519,1,11,6,0,19
0.7300473906416528,-0.5574973097024151,-0.9145125194810526,-0.2110959525641372,0.49573229599203955,2,11,6,0,19
0.7668038100500254,-0.3801705292698392,-0.6843152798976685,-0.2110959525641372,0.4720343978146519,3,11,6,0,23
0.748425600345839,-0.3210616024589805,-0.4541180403142843,-0.2824001958759379,0.49573229599203955,4,11,6,0,23
0.8495057537188638,0.09270088521702978,-0.4541180403142843,-0.2824001958759379,0.5786749396129218,5,11,6,0,19
0.9322076973877019,-0.1437348220264047,-0.9145125194810526,1.6348916798413717,0.6260707359676971,6,11,6,0,19
1.0332878507607266,0.1518098120278884,-0.4541180403142843,1.6348916798413717,0.6853154814111748,7,11,6,0,23
1.0976115847253787,0.1518098120278884,-0.6843152798976685,1.6348916798413717,0.6971644304998771,8,11,6,0,23
1.1986917380984032,-0.1437348220264047,-0.9145125194810526,-0.2824001958759379,0.6853154814111748,9,11,6,0,23
1.2630154720630553,-0.4983883828915564,-1.259808378856129,-0.2824001958759379,0.6260707359676971,10,11,6,0,23
1.3457174157318934,-0.6757151633241323,-1.259808378856129,-0.2824001958759379,0.5786749396129218,11,11,6,0,23
1.373284730288173,-0.7348240901349908,-0.9145125194810526,-0.2824001958759379,0.49573229599203955,12,11,6,0,23
1.4467975691049182,-0.853041943756708,0.00627643885248406,-0.2824001958759379,0.4127896523711742,13,11,6,0,1
1.4467975691049182,-0.9712597973784254,0.23647367843586825,1.6348916798413717,0.3179980596615897,14,11,6,0,19
1.455986673957011,-1.030368724189284,0.23647367843586825,1.6348916798413717,0.25875331421811204,15,11,6,0,19
1.3640956254360797,-1.1485865778110012,0.8119667773943287,1.6348916798413717,0.1758106705972467,16,11,6,0,19
1.4192302545486388,-0.9712597973784254,0.8119667773943287,1.6348916798413717,0.12841487424245446,17,11,6,0,19
1.428419359400732,-0.7939330169458495,0.4666709180192524,1.6348916798413717,0.12841487424245446,18,11,6,0,19
1.3824738351402663,-0.6757151633241323,0.4666709180192524,1.6348916798413717,0.06917012879897678,19,11,6,0,23
1.2997718914714278,-0.6166062365132736,0.5817695378109445,-0.2824001958759379,0.04547223062158908,20,11,6,0,1
1.290582786619335,-0.4983883828915564,0.5817695378109445,-0.2110959525641372,0.04547223062158908,21,11,6,0,23
1.290582786619335,-0.3801705292698392,0.8119667773943287,-0.2110959525641372,0.03362328153288681,22,11,6,0,23
1.2813936817672416,-0.2028437488372633,0.23647367843586825,-0.2110959525641372,0.04547223062158908,23,11,6,0,23
1.2630154720630553,-0.025516968404687458,0.4666709180192524,-0.2110959525641372,0.03362328153288681,0,12,6,1,23
1.1895026332463101,0.03359195840617116,0.23647367843586825,-0.2110959525641372,0.021774332444184544,1,12,6,1,23
1.1435571089858443,0.09270088521702978,0.4666709180192524,-0.2110959525641372,-0.013772514821888588,2,12,6,1,19
1.0792333750211924,0.09270088521702978,0.23647367843586825,-0.2110959525641372,-0.061168311176680826,3,12,6,1,23
0.9965314313523541,0.03359195840617116,0.4666709180192524,-0.2824001958759379,-0.061168311176680826,4,12,6,1,23
0.9689641167960745,-0.025516968404687458,0.23647367843586825,-0.2824001958759379,-0.04931936208797856,5,12,6,1,23
0.9781532216481676,-0.025516968404687458,0.00627643885248406,-0.2824001958759379,-0.08486620935406852,6,12,6,1,23
1.060855165317006,-0.2028437488372633,0.8119667773943287,-0.2824001958759379,-0.1204130566201585,7,12,6,1,23
1.0884224798732856,-0.2619526756481219,0.4666709180192524,-0.2824001958759379,-0.15595990388624847,8,12,6,1,1
1.1343680041337512,-0.3801705292698392,0.4666709180192524,-0.2824001958759379,-0.2270535984184284,9,12,6,1,1
1.1895026332463101,-0.4983883828915564,0.00627643885248406,-0.2824001958759379,-0.2981472929506083,10,12,6,1,23
1.1895026332463101,-0.6166062365132736,1.0421640169777129,-0.2824001958759379,-0.3692409874827883,11,12,6,1,1
1.2170699478025897,-0.4983883828915564,0.23647367843586825,-0.9162156919808337,-0.40478783474887825,12,12,6,1,25
1.2997718914714278,0.8611169337581918,0.4666709180192524,-1.6847169810080203,-0.3810899365714737,13,12,6,1,25
1.3549065205839868,1.3339883482450607,0.4666709180192524,-1.6847169810080203,-0.40478783474887825,14,12,6,1,28
1.3549065205839868,1.274879421434202,0.00627643885248406,-1.6847169810080203,-0.45218363110365367,15,12,6,1,28
1.2997718914714278,1.3339883482450607,0.8119667773943287,-1.5579538817870409,-0.5351262747245359,16,12,6,1,28
1.2630154720630553,1.274879421434202,0.5817695378109445,-1.1697418904227923,-0.5706731219906258,17,12,6,1,24
1.2630154720630553,1.274879421434202,0.5817695378109445,-1.4232680888647506,-0.5943710201680136,18,12,6,1,28
1.244637262358869,1.274879421434202,0.5817695378109445,-1.2965049896437713,-0.6299178674341035,19,12,6,1,24
1.253826367210962,1.0975526410016263,0.4666709180192524,-0.6626894935388755,-0.6891626128775812,20,12,6,1,1
1.244637262358869,1.0975526410016263,0.4666709180192524,-0.2110959525641372,-0.7010115619662834,21,12,6,1,1
1.244637262358869,1.0384437141907676,0.23647367843586825,-0.2110959525641372,-0.7128605110549688,22,12,6,1,1
1.244637262358869,1.0384437141907676,-0.22392080073090012,-0.2110959525641372,-0.7247094601436711,23,12,6,1,23
1.244637262358869,1.0975526410016263,-0.4541180403142843,-0.2110959525641372,-0.7010115619662834,0,13,6,2,23
1.290582786619335,0.9202258605690504,0.00627643885248406,-0.2110959525641372,-0.7247094601436711,1,13,6,2,1
1.2813936817672416,0.8611169337581918,0.4666709180192524,-0.2110959525641372,-0.7721052564984465,2,13,6,2,1
1.2722045769151482,0.9202258605690504,0.8119667773943287,-0.2110959525641372,-0.7010115619662834,3,13,6,2,1
1.1986917380984032,0.8611169337581918,0.8119667773943287,-0.2824001958759379,-0.606219969256699,4,13,6,2,23
1.0424769556128197,0.8020080069473332,0.8119667773943287,-0.2824001958759379,-0.5114283765471314,5,13,6,2,19
1.060855165317006,0.683790153325616,0.8119667773943287,-0.2824001958759379,-0.357392038394086,6,13,6,2,19
1.060855165317006,0.5655722997038988,0.5817695378109445,-0.2824001958759379,-0.2270535984184284,7,13,6,2,23
0.9230185925356088,0.210918738838747,1.9629529753112496,-0.2824001958759379,-0.10856410753147307,8,13,6,2,23
0.8403166488667705,0.210918738838747,1.0421640169777129,-0.2824001958759379,0.04547223062158908,9,13,6,2,23
0.7759929149021185,-0.2028437488372633,0.4666709180192524,-0.2824001958759379,0.152112772419859,10,13,6,2,23
0.8311275440146774,-0.4392794560806978,-0.22392080073090012,-0.2824001958759379,0.2706022633068143,11,13,6,2,19
0.7392364954937459,-0.6757151633241323,-0.22392080073090012,1.6348916798413717,0.294300161484202,12,13,6,2,19
0.7392364954937459,-0.853041943756708,0.00627643885248406,1.6348916798413717,0.3179980596615897,13,13,6,2,19
0.6657236566770008,-1.030368724189284,-0.6843152798976685,1.6348916798413717,0.36539385601638197,14,13,6,2,19
0.748425600345839,-1.0894776510001425,0.23647367843586825,1.6348916798413717,0.40094070328247194,15,13,6,2,19
0.6197781324165351,-1.3259133582435771,0.23647367843586825,1.6348916798413717,0.4364875505485619,16,13,6,2,19
0.6657236566770008,-1.3259133582435771,0.4666709180192524,1.6348916798413717,0.46018544872594963,17,13,6,2,19
0.6657236566770008,-1.2076955046218598,0.5817695378109445,1.6348916798413717,0.5075812450807419,18,13,6,2,19
0.5462652935997899,-1.2076955046218598,0.23647367843586825,1.6348916798413717,0.6142217868789949,19,13,6,2,0
0.5003197693393242,-0.853041943756708,-0.4541180403142843,1.6348916798413717,0.6734665323224894,20,13,6,2,0
0.5095088741914173,-0.2619526756481219,-0.9145125194810526,-0.2110959525641372,0.768258125032057,21,13,6,2,0
0.4911306644872311,-0.2028437488372633,-0.4541180403142843,-0.2110959525641372,0.8156539213868325,22,13,6,2,0
0.3349158820016476,-0.7348240901349908,-0.4541180403142843,-0.2110959525641372,0.874898666830327,23,13,6,2,0
0.2614030431849025,-0.7939330169458495,-0.4541180403142843,-0.2110959525641372,0.9459923613624901,0,14,6,3,0
0.24302483348071618,-0.5574973097024151,-0.6843152798976685,-0.2110959525641372,0.98153920862858,1,14,6,3,0
0.2614030431849025,-0.4392794560806978,-0.6843152798976685,-0.2110959525641372,1.0407839540720745,2,14,6,3,0
0.2522139383328093,-0.3210616024589805,-0.22392080073090012,-0.2110959525641372,1.0763308013381476,3,14,6,3,0
0.21545751892443676,-0.4392794560806978,0.00627643885248406,1.6348916798413717,1.1711223940477322,4,14,6,3,0
0.2889703577411819,-0.2028437488372633,-0.6843152798976685,1.6348916798413717,1.2896118849346876,5,14,6,3,0
0.34410498685374075,-0.6166062365132736,-0.6843152798976685,1.6348916798413717,1.3607055794668674,6,14,6,3,0
0.4543742450788585,-0.7348240901349908,-0.22392080073090012,1.6348916798413717,1.4554971721764351,7,14,6,3,0
0.4911306644872311,-1.030368724189284,-0.4541180403142843,1.6348916798413717,1.5147419176199128,8,14,6,3,0
0.2705921480369956,-1.6805669191087287,0.4666709180192524,1.6348916798413717,1.5028929685312105,9,14,6,3,0
0.11437736555141212,-1.9761115531630218,0.23647367843586825,1.6348916798413717,1.491044019442525,10,14,6,3,0
0.36248319655792705,-1.7396758459195873,-0.6843152798976685,1.6348916798413717,1.4436482230877328,11,14,6,3,0
0.19707930922025046,-1.9761115531630218,1.0421640169777129,1.6348916798413717,1.4317992739990473,12,14,6,3,0
0.2705921480369956,-1.9761115531630218,0.4666709180192524,1.6348916798413717,1.384403477644255,13,14,6,3,0
0.2705921480369956,-2.0352204799738804,0.00627643885248406,1.6348916798413717,1.3251587322007774,14,14,6,3,0
0.3808614062621134,-1.9170026263521631,-0.4541180403142843,1.6348916798413717,1.2659139867572997,15,14,6,3,0
0.39923961596629964,-1.8578936995413047,-0.9145125194810526,1.6348916798413717,1.3014608340233897,16,14,6,3,0
0.39923961596629964,-1.8578936995413047,0.00627643885248406,1.6348916798413717,1.3251587322007774,17,14,6,3,0
0.4543742450788585,-1.7396758459195873,0.23647367843586825,1.6348916798413717,1.3133097831120752,18,14,6,3,0
0.36248319655792705,-1.8578936995413047,-0.22392080073090012,1.6348916798413717,1.3251587322007774,19,14,6,3,0
0.2889703577411819,-1.9170026263521631,0.00627643885248406,1.6348916798413717,1.3133097831120752,20,14,6,3,0
0.3165376722974613,-1.7396758459195873,-0.4541180403142843,-0.2110959525641372,1.3133097831120752,21,14,6,3,0
0.3165376722974613,-1.6805669191087287,-0.6843152798976685,-0.2110959525641372,1.3607055794668674,22,14,6,3,0
0.298159462593275,-1.6214579922978702,-1.0296111392727447,-0.2110959525641372,1.372554528555553,23,14,6,3,0
0.2705921480369956,-1.5623490654870116,-1.0296111392727447,-0.2110959525641372,1.3370076812894798,0,15,6,4,0
0.32572677714955445,-1.1485865778110012,-1.0296111392727447,-0.2110959525641372,1.3251587322007774,1,15,6,4,0
0.4911306644872311,-0.08462589521554607,-0.22392080073090012,-0.2110959525641372,1.3488566303781653,2,15,6,4,0
0.6013999227123488,0.32913659246046423,-0.22392080073090012,-0.2110959525641372,1.3251587322007774,3,15,6,4,0
0.5922108178602556,0.5655722997038988,0.00627643885248406,-0.2824001958759379,1.3488566303781653,4,15,6,4,0
0.5830217130081625,0.4473544460821815,0.00627643885248406,1.6348916798413717,1.4436482230877328,5,15,6,4,0
0.5462652935997899,-0.2619526756481219,0.23647367843586825,1.6348916798413717,1.5028929685312105,6,15,6,4,0
0.5738326081560694,-0.4983883828915564,0.4666709180192524,1.6348916798413717,1.5739866630633905,7,15,6,4,0
0.6381563421207214,-0.7348240901349908,0.23647367843586825,1.6348916798413717,1.597684561240795,8,15,6,4,19
0.4911306644872311,-1.3259133582435771,0.23647367843586825,1.6348916798413717,1.5858356121520927,9,15,6,4,19
0.34410498685374075,-1.798784772730446,-0.22392080073090012,1.6348916798413717,1.562137713974705,10,15,6,4,23
0.4911306644872311,-1.6214579922978702,0.00627643885248406,1.6348916798413717,1.5384398157973005,11,15,6,4,23
0.40842872081839277,-1.9170026263521631,-0.4541180403142843,1.6348916798413717,1.4791950703538228,12,15,6,4,19
0.3808614062621134,-2.094329406784739,0.00627643885248406,1.6348916798413717,1.384403477644255,13,15,6,4,23
0.2797812528890887,-2.212547260406456,-0.4541180403142843,1.6348916798413717,1.3251587322007774,14,15,6,4,1
0.2889703577411819,-2.271656187217315,0.23647367843586825,1.6348916798413717,1.2777629358459852,15,15,6,4,1
0.23383572862862298,-2.3307651140281735,0.00627643885248406,1.6348916798413717,1.2185181904025075,16,15,6,4,1
0.2522139383328093,-2.3307651140281735,-0.4541180403142843,1.6348916798413717,1.1948202922251199,17,15,6,4,1
0.3165376722974613,-2.212547260406456,-0.6843152798976685,1.6348916798413717,1.2185181904025075,18,15,6,4,1
0.5738326081560694,-1.6214579922978702,0.00627643885248406,1.6348916798413717,1.2066692413138054,19,15,6,4,1
0.5646435033039762,-1.4441312118652943,0.00627643885248406,1.6348916798413717,1.1948202922251199,20,15,6,4,23
0.48194155963513796,-1.6214579922978702,-0.4541180403142843,-0.2110959525641372,1.1948202922251199,21,15,6,4,19
0.555454398451883,-1.3850222850544356,-0.22392080073090012,-0.2110959525641372,1.1948202922251199,22,15,6,4,19
0.6381563421207214,-1.030368724189284,-0.4541180403142843,-0.2110959525641372,1.1948202922251199,23,15,6,4,0
0.674912761529094,-0.3801705292698392,-0.6843152798976685,-0.2110959525641372,1.1829713431364175,0,16,6,5,0
0.7208582857895597,0.09270088521702978,-0.4541180403142843,-0.2110959525641372,1.1474244958703277,1,16,6,5,19
0.7116691809374666,0.2700276656496056,-0.22392080073090012,-0.2110959525641372,1.1592734449590298,2,16,6,5,0
0.6473454469728145,0.210918738838747,0.23647367843586825,-0.2110959525641372,1.1592734449590298,3,16,6,5,19
0.5738326081560694,0.2700276656496056,0.4666709180192524,-0.2110959525641372,1.2540650376685976,4,16,6,5,19
0.5462652935997899,0.1518098120278884,-0.22392080073090012,-0.2824001958759379,1.3133097831120752,5,16,6,5,23
0.5738326081560694,-0.08462589521554607,0.23647367843586825,-0.2824001958759379,1.3370076812894798,6,16,6,5,23
0.6197781324165351,-0.2028437488372633,0.00627643885248406,1.6348916798413717,1.4199503249103451,7,16,6,5,23
0.6381563421207214,-0.4392794560806978,-0.6843152798976685,1.6348916798413717,1.3962524267329575,8,16,6,5,23
0.748425600345839,-0.4983883828915564,-0.4541180403142843,1.6348916798413717,1.3607055794668674,9,16,6,5,1
0.86788396342305,-0.7939330169458495,-1.259808378856129,1.6348916798413717,1.3014608340233897,10,16,6,5,1
0.8311275440146774,-0.9121508705675667,-1.0296111392727447,1.6348916798413717,1.2422160885798952,11,16,6,5,1
0.9689641167960745,-0.9712597973784254,-1.0296111392727447,1.6348916798413717,1.1711223940477322,12,16,6,5,23
0.9138294876835157,-1.2076955046218598,-0.6843152798976685,1.6348916798413717,1.0763308013381476,13,16,6,5,1
1.0057205362044472,-1.0894776510001425,-1.0296111392727447,1.6348916798413717,1.01708605589467,14,16,6,5,23
1.0149096410565404,-1.2668044314327185,-1.0296111392727447,1.6348916798413717,0.9341434122738046,15,16,6,5,23
0.7759929149021185,-1.7396758459195873,-0.9145125194810526,1.6348916798413717,0.8512007686529224,16,16,6,5,23
0.803560229458398,-1.6805669191087287,-1.259808378856129,1.6348916798413717,0.8038049722981471,17,16,6,5,23
0.8770730682751431,-1.5623490654870116,-1.0296111392727447,1.6348916798413717,0.7801070741207425,18,16,6,5,19
0.9597750119439814,-1.2076955046218598,-0.9145125194810526,1.6348916798413717,0.7208623286772649,19,16,6,5,19
0.8495057537188638,-1.0894776510001425,-1.259808378856129,1.6348916798413717,0.6734665323224894,20,16,6,5,19
0.8954512779793296,-0.5574973097024151,-1.7202028580228972,-0.2110959525641372,0.6497686341450849,21,16,6,5,0
0.8586948585709568,-0.7939330169458495,-0.6843152798976685,-0.2110959525641372,0.6497686341450849,22,16,6,5,19
0.9505859070918884,-0.4392794560806978,-1.7202028580228972,-0.2110959525641372,0.6260707359676971,23,16,6,5,19
0.9230185925356088,-0.1437348220264047,-1.7202028580228972,-0.2110959525641372,0.5905238887016072,0,17,6,6,19
1.0240987459086335,0.03359195840617116,-0.9145125194810526,-0.2110959525641372,0.5549770414355173,1,17,6,6,19
1.0057205362044472,0.2700276656496056,-0.4541180403142843,-0.2110959525641372,0.5075812450807419,2,17,6,6,19
1.0240987459086335,0.3882455192713229,-0.22392080073090012,-0.2110959525641372,0.4720343978146519,3,17,6,6,0
0.9965314313523541,0.5655722997038988,-0.6843152798976685,-0.2824001958759379,0.4838833469033373,4,17,6,6,19
1.0240987459086335,0.683790153325616,-1.0296111392727447,1.6348916798413717,0.49573229599203955,5,17,6,6,19
1.060855165317006,0.3882455192713229,-0.6843152798976685,1.6348916798413717,0.5431280923468318,6,17,6,6,19
1.0884224798732856,0.09270088521702978,-0.4541180403142843,1.6348916798413717,0.5549770414355173,7,17,6,6,19
1.1527462138379374,-0.2028437488372633,-0.6843152798976685,1.6348916798413717,0.5312791432581295,8,17,6,6,19
1.1711244235421239,-0.4392794560806978,-0.6843152798976685,1.6348916798413717,0.49573229599203955,9,17,6,6,19
1.244637262358869,-0.5574973097024151,-0.6843152798976685,1.6348916798413717,0.4483364996372642,10,17,6,6,19
1.2630154720630553,-0.6757151633241323,-0.6843152798976685,1.6348916798413717,0.40094070328247194,11,17,6,6,1
1.2630154720630553,-0.7348240901349908,-1.0296111392727447,1.6348916798413717,0.329847008750292,12,17,6,6,1
1.2997718914714278,-0.7348240901349908,-0.4541180403142843,1.6348916798413717,0.21135751786333665,13,17,6,6,23
1.2813936817672416,-0.7348240901349908,0.23647367843586825,1.6348916798413717,0.14026382333115672,14,17,6,6,1
1.3089609963235211,-0.7939330169458495,0.23647367843586825,1.6348916798413717,0.05732117971027451,15,17,6,6,1
1.2630154720630553,-0.9712597973784254,0.5817695378109445,1.6348916798413717,-0.03747041299929313,16,17,6,6,1
1.115989794429565,-1.0894776510001425,0.4666709180192524,1.6348916798413717,-0.0967151584427708,17,17,6,6,1
1.2262590526546826,-0.7939330169458495,0.23647367843586825,1.6348916798413717,-0.15595990388624847,18,17,6,6,1
1.2722045769151482,-0.6166062365132736,0.23647367843586825,1.6348916798413717,-0.16780885297495074,19,17,6,6,1
1.1527462138379374,-0.6757151633241323,0.00627643885248406,1.6348916798413717,-0.1204130566201585,20,17,6,6,1
1.060855165317006,-0.7939330169458495,0.4666709180192524,-0.2110959525641372,-0.07301726026538309,21,17,6,6,23
1.0332878507607266,-0.7348240901349908,0.8119667773943287,-0.2110959525641372,-0.061168311176680826,22,17,6,6,23
1.0240987459086335,-0.7348240901349908,-0.22392080073090012,-0.2110959525641372,-0.025621463910590857,23,17,6,6,23
0.9965314313523541,-0.4983883828915564,0.00627643885248406,-0.2110959525641372,-0.013772514821888588,0,18,6,0,19
0.9965314313523541,-0.2028437488372633,-0.22392080073090012,-0.2110959525641372,0.021774332444184544,1,18,6,0,19
1.0057205362044472,-0.025516968404687458,0.4666709180192524,-0.2110959525641372,0.03362328153288681,2,18,6,0,19
0.9965314313523541,0.09270088521702978,0.23647367843586825,-0.2110959525641372,0.009925383355499112,3,18,6,0,19
0.987342326500261,0.2700276656496056,0.23647367843586825,-0.2110959525641372,0.05732117971027451,4,18,6,0,19
0.9781532216481676,0.3882455192713229,0.4666709180192524,-0.2824001958759379,0.08101907788767905,5,18,6,0,23
0.987342326500261,0.32913659246046423,0.5817695378109445,-0.2824001958759379,0.10471697606506675,6,18,6,0,23
0.9965314313523541,0.09270088521702978,0.23647367843586825,1.6348916798413717,0.12841487424245446,7,18,6,0,23
1.0516660604649128,-0.08462589521554607,0.23647367843586825,1.6348916798413717,0.14026382333115672,8,18,6,0,23
1.0884224798732856,-0.3210616024589805,0.23647367843586825,1.6348916798413717,0.11656592515376903,9,18,6,0,23
1.070044270169099,-0.4983883828915564,0.4666709180192524,1.6348916798413717,0.11656592515376903,10,18,6,0,23
1.1343680041337512,-0.6166062365132736,0.4666709180192524,-0.2824001958759379,0.10471697606506675,11,18,6,0,23
1.125178899281658,-0.9121508705675667,0.4666709180192524,-0.2824001958759379,0.09286802697636448,12,18,6,0,23
1.070044270169099,-1.030368724189284,0.5817695378109445,-0.2824001958759379,0.009925383355499112,13,18,6,0,23
1.0516660604649128,-1.2076955046218598,0.8119667773943287,-0.2824001958759379,0.009925383355499112,14,18,6,0,23
0.9965314313523541,-1.2668044314327185,1.0421640169777129,-0.2824001958759379,-0.03747041299929313,15,18,6,0,23
1.0149096410565404,-1.2076955046218598,1.0421640169777129,-0.2824001958759379,-0.08486620935406852,16,18,6,0,19
1.0057205362044472,-1.1485865778110012,0.5817695378109445,-0.2824001958759379,-0.1204130566201585,17,18,6,0,19
0.9689641167960745,-1.030368724189284,0.8119667773943287,-0.2824001958759379,-0.10856410753147307,18,18,6,0,23
0.9689641167960745,-0.853041943756708,0.5817695378109445,-0.2824001958759379,-0.0967151584427708,19,18,6,0,23
0.9781532216481676,-0.6757151633241323,-0.9145125194810526,-0.2824001958759379,-0.07301726026538309,20,18,6,0,1
0.9965314313523541,-0.4983883828915564,-0.6843152798976685,-0.2110959525641372,-0.03747041299929313,21,18,6,0,19
1.0516660604649128,-0.3210616024589805,-0.22392080073090012,-0.2110959525641372,-0.03747041299929313,22,18,6,0,19
1.115989794429565,-0.1437348220264047,-0.22392080073090012,-0.2110959525641372,0.09286802697636448,23,18,6,0,23
1.115989794429565,0.03359195840617116,-0.22392080073090012,-0.2110959525641372,0.10471697606506675,0,19,6,1,23
1.1068006895774718,0.210918738838747,-0.6843152798976685,-0.2110959525641372,0.14026382333115672,1,19,6,1,23
1.0792333750211924,0.3882455192713229,-0.6843152798976685,-0.2110959525641372,0.06917012879897678,2,19,6,1,0
1.060855165317006,0.5064633728930401,-0.6843152798976685,-0.2110959525641372,0.08101907788767905,3,19,6,1,0
1.0149096410565404,0.4473544460821815,-0.6843152798976685,-0.2824001958759379,0.09286802697636448,4,19,6,1,23
1.0240987459086335,0.5064633728930401,-1.0296111392727447,-0.2110959525641372,0.16396172150854443,5,19,6,1,23
1.060855165317006,0.3882455192713229,-0.6843152798976685,-0.2824001958759379,0.16396172150854443,6,19,6,1,1
1.0792333750211924,0.210918738838747,0.8119667773943287,-0.2824001958759379,-0.04931936208797856,7,19,6,1,23
1.125178899281658,0.09270088521702978,-1.0296111392727447,-0.2824001958759379,0.08101907788767905,8,19,6,1,1
1.1895026332463101,-0.025516968404687458,0.00627643885248406,-0.2824001958759379,-0.025621463910590857,9,19,6,1,1
1.2354481575067757,-0.2028437488372633,-0.22392080073090012,-0.2824001958759379,-0.08486620935406852,10,19,6,1,1
1.2630154720630553,-0.3801705292698392,-0.4541180403142843,-0.2824001958759379,-0.061168311176680826,11,19,6,1,1
1.3273392060277072,-0.4392794560806978,-0.6843152798976685,-0.2824001958759379,-0.07301726026538309,12,19,6,1,1
1.4100411496965455,-0.3210616024589805,0.00627643885248406,-0.2824001958759379,-0.07301726026538309,13,19,6,1,1
1.5019321982174771,-0.2619526756481219,-0.4541180403142843,-0.2824001958759379,-0.04931936208797856,14,19,6,1,1
1.5294995127737565,-0.5574973097024151,0.5817695378109445,-0.2824001958759379,-0.15595990388624847,15,19,6,1,23
1.5111213030695703,-0.4983883828915564,0.23647367843586825,-0.2824001958759379,-0.21520464932972613,16,19,6,1,23
1.5478777224779428,-0.4392794560806978,0.4666709180192524,-0.2824001958759379,-0.16780885297495074,17,19,6,1,23
1.5203104079216636,-0.4983883828915564,0.4666709180192524,-0.2824001958759379,-0.1441109547975462,18,19,6,1,1
1.5111213030695703,-0.3210616024589805,0.5817695378109445,-0.2824001958759379,-0.13226200570886076,19,19,6,1,23
1.5294995127737565,-0.08462589521554607,0.4666709180192524,-0.2824001958759379,-0.23890254750713066,20,19,6,1,1
1.5386886176258499,-0.025516968404687458,-0.4541180403142843,-0.2110959525641372,-0.28629834386190606,21,19,6,1,1
1.5386886176258499,0.09270088521702978,-0.6843152798976685,-0.2110959525641372,-0.2270535984184284,22,19,6,1,23
1.5386886176258499,0.09270088521702978,-0.22392080073090012,-0.2110959525641372,-0.19150675115233842,23,19,6,1,1
1.492743093365384,0.03359195840617116,0.23647367843586825,-0.2110959525641372,-0.27444939477322067,0,20,6,2,23
1.4651757788091044,-0.025516968404687458,0.4666709180192524,-0.2110959525641372,-0.21520464932972613,1,20,6,2,19
1.4467975691049182,0.1518098120278884,1.0421640169777129,-0.2110959525641372,-0.20335570024104072,2,20,6,2,0
1.455986673957011,0.2700276656496056,0.5817695378109445,-0.2110959525641372,-0.17965780206363616,3,20,6,2,19
1.4376084642528248,0.3882455192713229,-0.22392080073090012,-0.2824001958759379,-0.0967151584427708,4,20,6,2,19
1.428419359400732,0.3882455192713229,0.4666709180192524,-0.2824001958759379,-0.04931936208797856,5,20,6,2,19
1.4376084642528248,0.09270088521702978,0.8119667773943287,1.6348916798413717,-0.013772514821888588,6,20,6,2,19
1.428419359400732,-0.2028437488372633,1.0421640169777129,1.6348916798413717,0.021774332444184544,7,20,6,2,23
1.4192302545486388,-0.2028437488372633,0.4666709180192524,1.6348916798413717,0.05732117971027451,8,20,6,2,23
1.4651757788091044,-0.3210616024589805,0.23647367843586825,-0.2824001958759379,0.04547223062158908,9,20,6,2,23
1.5386886176258499,-0.3801705292698392,-0.6843152798976685,-0.2824001958759379,0.009925383355499112,10,20,6,2,23
1.5846341418863155,-0.4983883828915564,0.23647367843586825,-0.2824001958759379,0.009925383355499112,11,20,6,2,19
1.6030123515905017,-0.5574973097024151,0.5817695378109445,-0.2824001958759379,-0.061168311176680826,12,20,6,2,19
1.6030123515905017,-0.6757151633241323,0.4666709180192524,-0.2824001958759379,-0.16780885297495074,13,20,6,2,0
1.6397687709988742,-0.9712597973784254,0.23647367843586825,-0.2824001958759379,-0.2626004456845184,14,20,6,2,0
1.5662559321821294,-1.2076955046218598,0.8119667773943287,-0.2824001958759379,-0.357392038394086,15,20,6,2,19
1.6030123515905017,-1.0894776510001425,1.272361256561097,-0.2824001958759379,-0.3692409874827883,16,20,6,2,19
1.6305796661467813,-1.0894776510001425,0.00627643885248406,-0.2824001958759379,-0.42848573292626596,17,20,6,2,19
1.5938232467384086,-1.1485865778110012,0.23647367843586825,-0.2824001958759379,-0.5232773256358336,18,20,6,2,23
1.7040925049635265,-0.6166062365132736,-0.4541180403142843,-0.2824001958759379,-0.4995794274584459,19,20,6,2,23
1.7040925049635265,-0.4392794560806978,0.23647367843586825,-0.2824001958759379,-0.5232773256358336,20,20,6,2,23
1.6949034001114331,-0.08462589521554607,0.00627643885248406,-0.2110959525641372,-0.5232773256358336,21,20,6,2,19
1.621390561294688,-0.3210616024589805,1.0421640169777129,-0.2110959525641372,-0.5706731219906258,22,20,6,2,0
1.612201456442595,-0.1437348220264047,0.4666709180192524,-0.2110959525641372,-0.5351262747245359,23,20,6,2,19
1.5938232467384086,-0.025516968404687458,0.5817695378109445,-0.2110959525641372,-0.5232773256358336,0,21,6,3,19
1.5662559321821294,0.03359195840617116,0.8119667773943287,-0.2110959525641372,-0.5351262747245359,1,21,6,3,0
1.5386886176258499,0.1518098120278884,-0.4541180403142843,-0.2110959525641372,-0.5351262747245359,2,21,6,3,19
1.5019321982174771,0.210918738838747,-0.4541180403142843,-0.2110959525641372,-0.5588241729019235,3,21,6,3,19
1.4651757788091044,0.210918738838747,-0.4541180403142843,-0.2110959525641372,-0.5706731219906258,4,21,6,3,19
1.4376084642528248,0.1518098120278884,0.23647367843586825,-0.2824001958759379,-0.5351262747245359,5,21,6,3,19
1.4376084642528248,0.03359195840617116,0.23647367843586825,-0.2824001958759379,-0.5351262747245359,6,21,6,3,19
1.474364883661198,-0.1437348220264047,0.23647367843586825,-0.2824001958759379,-0.5351262747245359,7,21,6,3,19
1.4651757788091044,-0.2619526756481219,-0.4541180403142843,-0.2824001958759379,-0.5469752238132213,8,21,6,3,19
1.5111213030695703,-0.5574973097024151,0.4666709180192524,-0.2824001958759379,-0.6299178674341035,9,21,6,3,19
1.5386886176258499,-0.7348240901349908,0.23647367843586825,-0.2824001958759379,-0.6891626128775812,10,21,6,3,0
1.6030123515905017,-0.853041943756708,-0.22392080073090012,-0.2824001958759379,-0.7484073583210589,11,21,6,3,19
1.6765251904072471,-0.9121508705675667,0.00627643885248406,-0.2824001958759379,-0.8195010528532388,12,21,6,3,19
1.6581469807030609,-0.9121508705675667,1.0421640169777129,-0.2824001958759379,-0.866896849208031,13,21,6,3,23
1.6397687709988742,-1.0894776510001425,0.5817695378109445,-0.2824001958759379,-0.9498394928288963,14,21,6,3,19
1.5111213030695703,-1.3850222850544356,1.0421640169777129,-0.2824001958759379,-1.0090842382723741,15,21,6,3,19
1.4100411496965455,-1.503240138676153,1.0421640169777129,-0.2824001958759379,-1.080177932804554,16,21,6,3,19
1.4100411496965455,-1.4441312118652943,1.7327557357278653,-0.2824001958759379,-1.1394226782480317,17,21,6,3,19
1.4651757788091044,-1.2076955046218598,0.8119667773943287,-0.2824001958759379,-1.1749695255141217,18,21,6,3,0
1.3549065205839868,-1.2668044314327185,1.7327557357278653,-0.2824001958759379,-1.1512716273367338,19,21,6,3,0
1.3824738351402663,-0.9712597973784254,0.8119667773943287,-0.2824001958759379,-1.1275737291593462,20,21,6,3,19
1.3916629399923592,-0.853041943756708,0.5817695378109445,-0.2110959525641372,-1.0920268818932564,21,21,6,3,19
1.4008520448444526,-0.7348240901349908,0.23647367843586825,-0.2110959525641372,-1.080177932804554,22,21,6,3,19
1.3916629399923592,-0.5574973097024151,0.23647367843586825,-0.2110959525641372,-1.1394226782480317,23,21,6,3,0
1.428419359400732,-0.2619526756481219,-0.6843152798976685,-0.2110959525641372,-1.1631205764254362,0,22,6,4,0
1.428419359400732,-0.08462589521554607,-0.6843152798976685,-0.2110959525641372,-1.115724780070644,1,22,6,4,19
1.318150101175614,-0.3210616024589805,0.00627643885248406,-0.2110959525641372,-1.1275737291593462,2,22,6,4,19
1.2997718914714278,-0.2028437488372633,0.8119667773943287,-0.2110959525641372,-1.1038758309819416,3,22,6,4,19
1.2997718914714278,0.03359195840617116,0.4666709180192524,-0.2824001958759379,-1.080177932804554,4,22,6,4,19
1.318150101175614,0.1518098120278884,0.5817695378109445,-0.2824001958759379,-0.9972352891836886,5,22,6,4,19
1.3457174157318934,0.210918738838747,0.4666709180192524,-0.2824001958759379,-0.9142926455628064,6,22,6,4,23
1.3549065205839868,0.09270088521702978,0.4666709180192524,-0.2824001958759379,-0.8550479001193287,7,22,6,4,23
1.3549065205839868,0.1518098120278884,0.23647367843586825,-0.2824001958759379,-0.8076521037645366,8,22,6,4,23
1.3824738351402663,-0.1437348220264047,0.23647367843586825,-0.2824001958759379,-0.7721052564984465,9,22,6,4,23
1.318150101175614,-0.2619526756481219,0.4666709180192524,-0.2824001958759379,-0.7721052564984465,10,22,6,4,23
1.3549065205839868,-0.2619526756481219,0.8119667773943287,-0.2824001958759379,-0.7602563074097611,11,22,6,4,23
1.4008520448444526,-0.5574973097024151,0.8119667773943287,-0.2824001958759379,-0.7602563074097611,12,22,6,4,23
1.125178899281658,-1.3259133582435771,0.5817695378109445,-0.2824001958759379,-0.7839542055871488,13,22,6,4,23
1.0516660604649128,-1.6214579922978702,0.8119667773943287,1.6348916798413717,-0.8076521037645366,14,22,6,4,23
1.0332878507607266,-1.6805669191087287,0.5817695378109445,1.6348916798413717,-0.866896849208031,15,22,6,4,19
0.9322076973877019,-1.7396758459195873,0.8119667773943287,1.6348916798413717,-0.9024436964741042,16,22,6,4,19
0.9046403828314227,-1.7396758459195873,1.0421640169777129,1.6348916798413717,-0.9024436964741042,17,22,6,4,19
0.8403166488667705,-1.7396758459195873,0.23647367843586825,1.6348916798413717,-0.8787457982967164,18,22,6,4,19
0.8403166488667705,-1.503240138676153,-0.4541180403142843,1.6348916798413717,-0.795803154675851,19,22,6,4,23
0.7668038100500254,-1.2668044314327185,-0.9145125194810526,-0.2824001958759379,-0.7484073583210589,20,22,6,4,23
0.8495057537188638,-1.030368724189284,-0.6843152798976685,-0.2110959525641372,-0.6891626128775812,21,22,6,4,23
0.8403166488667705,-0.7348240901349908,-0.6843152798976685,-0.2110959525641372,-0.6773136637888789,22,22,6,4,19
0.8403166488667705,-0.4983883828915564,-0.6843152798976685,-0.2110959525641372,-0.6299178674341035,23,22,6,4,19
0.8770730682751431,-0.3210616024589805,-0.9145125194810526,-0.2110959525641372,-0.5825220710793113,0,23,6,5,23
0.8586948585709568,-0.6166062365132736,-0.6843152798976685,-0.2110959525641372,-0.5351262747245359,1,23,6,5,19
0.86788396342305,-0.4392794560806978,-0.22392080073090012,-0.2110959525641372,-0.5114283765471314,2,23,6,5,19
0.8954512779793296,-0.2619526756481219,-0.22392080073090012,-0.2110959525641372,-0.4758815292810413,3,23,6,5,19
0.8954512779793296,-0.2619526756481219,0.00627643885248406,-0.2824001958759379,-0.4166367838375637,4,23,6,5,19
0.9046403828314227,-0.2028437488372633,0.00627643885248406,1.6348916798413717,-0.27444939477322067,5,23,6,5,23
0.9322076973877019,0.3882455192713229,0.00627643885248406,-0.2824001958759379,-0.2981472929506083,6,23,6,5,25
1.0240987459086335,0.32913659246046423,-0.4541180403142843,1.6348916798413717,-0.2507514965958161,7,23,6,5,23
0.9230185925356088,-0.3210616024589805,0.00627643885248406,1.6348916798413717,-0.19150675115233842,8,23,6,5,23
0.8495057537188638,-0.7939330169458495,0.00627643885248406,1.6348916798413717,-0.17965780206363616,9,23,6,5,23
0.8403166488667705,-0.9712597973784254,-0.9145125194810526,1.6348916798413717,-0.16780885297495074,10,23,6,5,23
0.8127493343104911,-1.2668044314327185,-0.4541180403142843,1.6348916798413717,-0.19150675115233842,11,23,6,5,23
0.6657236566770008,-1.7396758459195873,-0.22392080073090012,1.6348916798413717,-0.23890254750713066,12,23,6,5,23
0.6473454469728145,-1.8578936995413047,0.4666709180192524,1.6348916798413717,-0.2507514965958161,13,23,6,5,19
0.41761782567048583,-2.212547260406456,0.00627643885248406,1.6348916798413717,-0.27444939477322067,14,23,6,5,19
0.2889703577411819,-2.389874040839032,-0.22392080073090012,1.6348916798413717,-0.2270535984184284,15,23,6,5,23
0.3073485674453682,-2.389874040839032,0.8119667773943287,1.6348916798413717,-0.2507514965958161,16,23,6,5,23
0.16951199466397104,-2.567200821271608,0.00627643885248406,1.6348916798413717,-0.2626004456845184,17,23,6,5,19
0.09599915584722585,-2.567200821271608,0.5817695378109445,1.6348916798413717,-0.27444939477322067,18,23,6,5,19
0.0868100509951327,-2.567200821271608,-0.22392080073090012,1.6348916798413717,-0.2507514965958161,19,23,6,5,19
0.2614030431849025,-2.1534383335955978,-1.0296111392727447,1.6348916798413717,-0.20335570024104072,20,23,6,5,0
0.43599603537467224,-1.4441312118652943,-1.7202028580228972,-0.2110959525641372,-0.1204130566201585,21,23,6,5,0
0.4543742450788585,-1.3259133582435771,-1.7202028580228972,-0.2110959525641372,-0.07301726026538309,22,23,6,5,19
0.5462652935997899,-0.9712597973784254,-1.7202028580228972,-0.2110959525641372,-0.04931936208797856,23,23,6,5,0
0.5370761887476968,-0.9121508705675667,-1.7202028580228972,-0.2110959525641372,-0.061168311176680826,0,24,6,6,0
0.5646435033039762,-0.6757151633241323,-1.0296111392727447,-0.2110959525641372,-0.03747041299929313,1,24,6,6,0
0.5646435033039762,0.1518098120278884,-1.259808378856129,-0.2110959525641372,-0.04931936208797856,2,24,6,6,0
0.6013999227123488,0.03359195840617116,-1.7202028580228972,-0.2110959525641372,-0.03747041299929313,3,24,6,6,0
0.5922108178602556,0.1518098120278884,-0.4541180403142843,1.6348916798413717,-0.013772514821888588,4,24,6,6,0
0.6105890275644419,0.32913659246046423,-1.0296111392727447,1.6348916798413717,-0.013772514821888588,5,24,6,6,0
0.7300473906416528,-0.3210616024589805,-1.259808378856129,1.6348916798413717,-0.013772514821888588,6,24,6,6,0
0.8862621731272362,-0.3801705292698392,-0.9145125194810526,1.6348916798413717,-0.025621463910590857,7,24,6,6,0
0.7392364954937459,-1.1485865778110012,-0.9145125194810526,1.6348916798413717,-0.025621463910590857,8,24,6,6,0
0.9322076973877019,-0.9121508705675667,-0.4541180403142843,1.6348916798413717,-0.061168311176680826,9,24,6,6,0
0.9597750119439814,-1.0894776510001425,0.00627643885248406,1.6348916798413717,-0.0967151584427708,10,24,6,6,0
0.86788396342305,-1.5623490654870116,0.23647367843586825,1.6348916798413717,-0.16780885297495074,11,24,6,6,19
0.5370761887476968,-2.1534383335955978,-0.6843152798976685,1.6348916798413717,-0.27444939477322067,12,24,6,6,19
0.674912761529094,-1.9761115531630218,0.23647367843586825,1.6348916798413717,-0.357392038394086,13,24,6,6,23
0.6289672372686282,-2.0352204799738804,0.4666709180192524,1.6348916798413717,-0.45218363110365367,14,24,6,6,23
0.5830217130081625,-2.0352204799738804,0.8119667773943287,1.6348916798413717,-0.4995794274584459,15,24,6,6,23
0.5646435033039762,-2.0352204799738804,0.4666709180192524,-0.2824001958759379,-0.5232773256358336,16,24,6,6,1
0.8495057537188638,-0.7939330169458495,1.9629529753112496,-0.2824001958759379,-0.42848573292626596,17,24,6,6,1
0.9322076973877019,-0.1437348220264047,1.272361256561097,-0.2824001958759379,-0.40478783474887825,18,24,6,6,25
1.0516660604649128,0.32913659246046423,0.5817695378109445,-0.2824001958759379,-0.3692409874827883,19,24,6,6,24
1.0976115847253787,0.5655722997038988,1.0421640169777129,-0.2824001958759379,-0.42848573292626596,20,24,6,6,24
1.0149096410565404,0.32913659246046423,0.4666709180192524,-0.2110959525641372,-0.45218363110365367,21,24,6,6,1
0.9689641167960745,0.2700276656496056,-0.6843152798976685,-0.2110959525641372,-0.5351262747245359,22,24,6,6,1
0.9781532216481676,0.3882455192713229,-0.22392080073090012,-0.2110959525641372,-0.5706731219906258,23,24,6,6,1
1.0149096410565404,0.8611169337581918,-0.6843152798976685,-0.6626894935388755,-0.6417668165227889,0,25,6,0,25
1.0149096410565404,1.156661567812485,-0.6843152798976685,-0.6626894935388755,-0.7602563074097611,1,25,6,0,24
1.0332878507607266,1.2157704946233434,-0.9145125194810526,-1.1697418904227923,-0.866896849208031,2,25,6,0,2
1.070044270169099,1.3339883482450607,-0.6843152798976685,-1.2965049896437713,-0.9379905437401941,3,25,6,0,24
1.060855165317006,1.2157704946233434,0.00627643885248406,-0.6626894935388755,-0.9972352891836886,4,25,6,0,24
1.0792333750211924,1.156661567812485,0.00627643885248406,-0.6626894935388755,-0.9972352891836886,5,25,6,0,1
1.0792333750211924,1.0975526410016263,0.00627643885248406,-0.2824001958759379,-1.0209331873610763,6,25,6,0,23
1.0332878507607266,0.7428990801364745,0.00627643885248406,-0.2824001958759379,-1.0327821364497618,7,25,6,0,1
1.0424769556128197,0.3882455192713229,0.23647367843586825,-0.2824001958759379,-1.0564800346271663,8,25,6,0,19
0.9597750119439814,0.09270088521702978,1.272361256561097,-0.2824001958759379,-1.0920268818932564,9,25,6,0,23
0.9413968022397953,0.2700276656496056,1.0421640169777129,-0.2824001958759379,-1.1038758309819416,10,25,6,0,25
0.9689641167960745,-0.1437348220264047,0.8119667773943287,-0.2824001958759379,-1.1275737291593462,11,25,6,0,23
0.8586948585709568,-0.2619526756481219,1.272361256561097,-0.2824001958759379,-1.1038758309819416,12,25,6,0,23
0.9046403828314227,-0.2619526756481219,0.4666709180192524,-0.2824001958759379,-1.1038758309819416,13,25,6,0,23
0.8862621731272362,-0.4392794560806978,1.272361256561097,-0.2824001958759379,-1.0920268818932564,14,25,6,0,23
0.7576147051979323,-0.4392794560806978,1.5025584961444813,-0.2824001958759379,-1.1394226782480317,15,25,6,0,23
0.7576147051979323,-0.3210616024589805,1.272361256561097,-0.2824001958759379,-1.1038758309819416,16,25,6,0,23
0.7576147051979323,0.09270088521702978,1.272361256561097,-0.2824001958759379,-1.080177932804554,17,25,6,0,1
0.748425600345839,0.210918738838747,1.5025584961444813,-0.2824001958759379,-1.1038758309819416,18,25,6,0,1
0.7668038100500254,0.5064633728930401,0.8119667773943287,-0.2824001958759379,-1.080177932804554,19,25,6,0,1
0.803560229458398,0.6246812265147573,-0.4541180403142843,-0.2824001958759379,-1.1038758309819416,20,25,6,0,1
0.8954512779793296,0.5064633728930401,-0.22392080073090012,-0.2110959525641372,-1.0920268818932564,21,25,6,0,1
0.8495057537188638,0.210918738838747,1.0421640169777129,-0.2110959525641372,-1.0920268818932564,22,25,6,0,1
0.8311275440146774,0.2700276656496056,0.8119667773943287,-0.2110959525641372,-1.080177932804554,23,25,6,0,1
0.803560229458398,0.210918738838747,1.272361256561097,-0.2110959525641372,-1.1038758309819416,0,26,6,1,1
0.7668038100500254,0.210918738838747,1.0421640169777129,-0.2110959525641372,-1.0920268818932564,1,26,6,1,1
0.7392364954937459,0.2700276656496056,-0.4541180403142843,-0.2110959525641372,-1.115724780070644,2,26,6,1,1
0.7300473906416528,0.210918738838747,-0.22392080073090012,-0.2110959525641372,-1.1038758309819416,3,26,6,1,1
0.7024800760853733,0.1518098120278884,-0.22392080073090012,-0.2824001958759379,-1.1038758309819416,4,26,6,1,1
0.7024800760853733,0.210918738838747,0.23647367843586825,-0.2824001958759379,-1.0564800346271663,5,26,6,1,1
0.7024800760853733,0.1518098120278884,0.23647367843586825,-0.2824001958759379,-1.0327821364497618,6,26,6,1,23
0.7208582857895597,0.09270088521702978,-0.4541180403142843,-0.2824001958759379,-1.0209331873610763,7,26,6,1,23
0.7116691809374666,-0.025516968404687458,0.23647367843586825,-0.2824001958759379,-1.0327821364497618,8,26,6,1,1
0.7300473906416528,-0.08462589521554607,-0.6843152798976685,-0.2824001958759379,-1.0564800346271663,9,26,6,1,1
0.7208582857895597,-0.1437348220264047,-0.22392080073090012,-0.2824001958759379,-1.0683289837158518,10,26,6,1,1
0.7576147051979323,-0.2028437488372633,-0.4541180403142843,-0.2824001958759379,-1.1038758309819416,11,26,6,1,1
0.8219384391625842,0.1518098120278884,0.00627643885248406,-0.2824001958759379,-1.1038758309819416,12,26,6,1,24
0.7668038100500254,0.210918738838747,1.272361256561097,-0.6626894935388755,-1.1275737291593462,13,26,6,1,1
0.8311275440146774,0.3882455192713229,0.5817695378109445,-0.6626894935388755,-1.1631205764254362,14,26,6,1,2
0.8127493343104911,0.210918738838747,0.5817695378109445,-0.2824001958759379,-1.2105163727802115,15,26,6,1,1
0.9046403828314227,0.7428990801364745,0.23647367843586825,-0.2824001958759379,-1.2460632200463015,16,26,6,1,1
0.9138294876835157,0.683790153325616,-0.22392080073090012,-0.2824001958759379,-1.257912169135004,17,26,6,1,25
0.9230185925356088,0.8611169337581918,-0.22392080073090012,-0.6626894935388755,-1.257912169135004,18,26,6,1,24
0.9230185925356088,0.9202258605690504,0.00627643885248406,-0.6626894935388755,-1.3290058636671669,19,26,6,1,24
0.9413968022397953,1.0384437141907676,0.00627643885248406,-0.2824001958759379,-1.364552710933257,20,26,6,1,24
0.9505859070918884,1.0384437141907676,0.00627643885248406,-1.1697418904227923,-1.364552710933257,21,26,6,1,24
0.9413968022397953,0.9793347873799091,0.00627643885248406,-0.9162156919808337,-1.4237974563767515,22,26,6,1,24
0.9413968022397953,0.9793347873799091,0.00627643885248406,-0.6626894935388755,-1.4830422018202292,23,26,6,1,24
0.9505859070918884,0.9202258605690504,0.23647367843586825,-0.6626894935388755,-1.5422869472637069,0,27,6,2,24
0.9505859070918884,0.9202258605690504,-0.22392080073090012,-0.6626894935388755,-1.5778337945297967,1,27,6,2,24
0.9322076973877019,0.9202258605690504,-0.4541180403142843,-0.6626894935388755,-1.6133806417958867,2,27,6,2,24
0.9322076973877019,0.9793347873799091,-0.6843152798976685,-0.6626894935388755,-1.6133806417958867,3,27,6,2,24
0.9046403828314227,0.9202258605690504,-0.22392080073090012,-0.6626894935388755,-1.5778337945297967,4,27,6,2,24
0.8862621731272362,0.8611169337581918,0.23647367843586825,-0.2824001958759379,-1.5304379981750045,5,27,6,2,24
0.8862621731272362,0.8020080069473332,0.00627643885248406,-0.2824001958759379,-1.4948911509089144,6,27,6,2,24
0.8862621731272362,0.5655722997038988,0.5817695378109445,-0.2824001958759379,-1.4711932527315268,7,27,6,2,24
0.9505859070918884,0.2700276656496056,1.5025584961444813,-0.2824001958759379,-1.4474953545541391,8,27,6,2,23
0.86788396342305,0.03359195840617116,0.5817695378109445,-0.2824001958759379,-1.411948507288049,9,27,6,2,1
0.9597750119439814,0.09270088521702978,0.5817695378109445,-0.2824001958759379,-1.376401660021959,10,27,6,2,24
1.0057205362044472,0.5064633728930401,1.0421640169777129,-0.2824001958759379,-1.3290058636671669,11,27,6,2,24
1.0057205362044472,-0.025516968404687458,0.5817695378109445,-0.6626894935388755,-1.3408548127558693,12,27,6,2,24
1.0884224798732856,0.32913659246046423,-0.22392080073090012,-0.6626894935388755,-1.2934590164010937,13,27,6,2,24
1.115989794429565,0.5064633728930401,0.4666709180192524,-0.6626894935388755,-1.257912169135004,14,27,6,2,24
1.1527462138379374,0.4473544460821815,0.4666709180192524,-0.2824001958759379,-1.222365321868914,15,27,6,2,23
1.070044270169099,0.03359195840617116,0.5817695378109445,-0.2824001958759379,-1.2105163727802115,16,27,6,2,24
1.0792333750211924,0.1518098120278884,0.5817695378109445,-0.2824001958759379,-1.1868184746028239,17,27,6,2,23
1.060855165317006,-0.2028437488372633,0.00627643885248406,-0.2824001958759379,-1.1749695255141217,18,27,6,2,23
1.0332878507607266,0.1518098120278884,0.23647367843586825,-0.2824001958759379,-1.1394226782480317,19,27,6,2,24
0.9781532216481676,0.03359195840617116,-0.4541180403142843,-0.2824001958759379,-1.0920268818932564,20,27,6,2,1
0.9322076973877019,-0.08462589521554607,-0.22392080073090012,-0.2110959525641372,-1.0209331873610763,21,27,6,2,23
0.9965314313523541,0.210918738838747,-0.4541180403142843,-0.2110959525641372,-1.0209331873610763,22,27,6,2,1
1.060855165317006,0.7428990801364745,-0.6843152798976685,-0.2110959525641372,-1.044631085538464,23,27,6,2,1
1.0516660604649128,0.8020080069473332,-1.0296111392727447,-0.2110959525641372,-1.044631085538464,0,28,6,3,1
0.987342326500261,0.4473544460821815,-0.4541180403142843,-0.2110959525641372,-1.0683289837158518,1,28,6,3,1
0.9965314313523541,0.5064633728930401,-0.9145125194810526,-0.2110959525641372,-1.0564800346271663,2,28,6,3,1
0.987342326500261,0.5064633728930401,-1.0296111392727447,-0.2110959525641372,-1.0327821364497618,3,28,6,3,24
1.0424769556128197,0.6246812265147573,-0.4541180403142843,-0.2110959525641372,-1.0090842382723741,4,28,6,3,25
1.0240987459086335,0.6246812265147573,-0.6843152798976685,1.6348916798413717,-0.9498394928288963,5,28,6,3,23
1.0240987459086335,0.5655722997038988,-0.4541180403142843,1.6348916798413717,-0.9261415946515087,6,28,6,3,23
1.070044270169099,0.5064633728930401,-0.4541180403142843,1.6348916798413717,-0.9024436964741042,7,28,6,3,23
1.070044270169099,0.2700276656496056,-0.6843152798976685,1.6348916798413717,-0.9142926455628064,8,28,6,3,23
1.060855165317006,-0.025516968404687458,-0.4541180403142843,1.6348916798413717,-0.9261415946515087,9,28,6,3,23
1.115989794429565,-0.2028437488372633,-0.4541180403142843,1.6348916798413717,-0.9735373910062841,10,28,6,3,23
1.115989794429565,-0.4392794560806978,-0.22392080073090012,1.6348916798413717,-0.9972352891836886,11,28,6,3,23
1.1711244235421239,-0.6757151633241323,-0.6843152798976685,1.6348916798413717,-1.0209331873610763,12,28,6,3,23
1.1435571089858443,-0.7939330169458495,0.23647367843586825,1.6348916798413717,-1.115724780070644,13,28,6,3,19
1.1711244235421239,-0.853041943756708,0.8119667773943287,1.6348916798413717,-1.1512716273367338,14,28,6,3,19
1.125178899281658,-1.2076955046218598,0.8119667773943287,1.6348916798413717,-1.2105163727802115,15,28,6,3,19
1.0516660604649128,-1.3259133582435771,0.8119667773943287,1.6348916798413717,-1.2342142709575994,16,28,6,3,19
0.9230185925356088,-1.6214579922978702,0.4666709180192524,1.6348916798413717,-1.3408548127558693,17,28,6,3,23
0.8770730682751431,-1.5623490654870116,0.4666709180192524,1.6348916798413717,-1.364552710933257,18,28,6,3,23
0.9505859070918884,-1.2668044314327185,-0.22392080073090012,1.6348916798413717,-1.3527037618445714,19,28,6,3,23
1.0057205362044472,-0.9121508705675667,-0.4541180403142843,-0.2824001958759379,-1.376401660021959,20,28,6,3,19
1.0792333750211924,-0.6757151633241323,-0.4541180403142843,-0.2110959525641372,-1.3053079654897792,21,28,6,3,19
1.1435571089858443,-0.2619526756481219,-0.4541180403142843,-0.2110959525641372,-1.3882506091106614,22,28,6,3,23
1.180313528394217,-0.025516968404687458,0.00627643885248406,-0.2110959525641372,-1.4237974563767515,23,28,6,3,23
1.0516660604649128,-0.4392794560806978,0.00627643885248406,-0.2110959525641372,-1.4474953545541391,0,29,6,4,25
1.115989794429565,-0.025516968404687458,-1.259808378856129,-0.2110959525641372,-1.5422869472637069,1,29,6,4,1
1.1711244235421239,0.32913659246046423,-0.9145125194810526,-0.2110959525641372,-1.589682743618499,2,29,6,4,1
1.244637262358869,0.8020080069473332,-0.9145125194810526,-1.4232680888647506,-1.589682743618499,3,29,6,4,48
1.2813936817672416,1.0975526410016263,-0.6843152798976685,-0.2824001958759379,-1.6252295908845722,4,29,6,4,1
1.2722045769151482,1.0384437141907676,-0.22392080073090012,-0.2824001958759379,-1.589682743618499,5,29,6,4,23
1.2997718914714278,0.9202258605690504,0.23647367843586825,-0.2824001958759379,-1.5778337945297967,6,29,6,4,23
1.2997718914714278,0.4473544460821815,0.5817695378109445,-0.2824001958759379,-1.660776438150662,7,29,6,4,19
1.3640956254360797,0.2700276656496056,1.0421640169777129,-0.2824001958759379,-1.7081722345054544,8,29,6,4,19
1.4192302545486388,-0.08462589521554607,1.0421640169777129,-0.2824001958759379,-1.7792659290376343,9,29,6,4,19
1.4467975691049182,-0.2028437488372633,1.272361256561097,1.6348916798413717,-1.8148127763037243,10,29,6,4,0
1.5294995127737565,-0.2028437488372633,1.272361256561097,-0.2824001958759379,-1.8266617253924098,11,29,6,4,19
1.4651757788091044,-0.4983883828915564,1.9629529753112496,-0.2824001958759379,-1.874057521747202,12,29,6,4,23
1.4376084642528248,-0.853041943756708,2.53844607426971,1.6348916798413717,-1.8859064708359041,13,29,6,4,19
1.3365283108798005,-1.2668044314327185,2.078051595102942,1.6348916798413717,-1.9096043690132918,14,29,6,4,19
1.1068006895774718,-1.7396758459195873,1.9629529753112496,1.6348916798413717,-1.9333022671906797,15,29,6,4,19
0.9597750119439814,-2.0352204799738804,1.5025584961444813,1.6348916798413717,-1.9688491144567695,16,29,6,4,19
0.8862621731272362,-2.0352204799738804,1.7327557357278653,1.6348916798413717,-1.9214533181019773,17,29,6,4,19
0.9138294876835157,-1.9170026263521631,1.0421640169777129,1.6348916798413717,-1.8977554199245896,18,29,6,4,19
0.8954512779793296,-1.798784772730446,0.23647367843586825,1.6348916798413717,-1.8977554199245896,19,29,6,4,19
0.9965314313523541,-1.503240138676153,-0.6843152798976685,-0.2110959525641372,-1.8266617253924098,20,29,6,4,19
1.1711244235421239,-1.030368724189284,0.8119667773943287,-0.2110959525641372,-1.7437190817715442,21,29,6,4,19
1.0516660604649128,-1.1485865778110012,0.8119667773943287,-0.2110959525641372,-1.731870132682842,22,29,6,4,23
1.0057205362044472,-1.030368724189284,0.23647367843586825,-0.2110959525641372,-1.7081722345054544,23,29,6,4,19
0.8586948585709568,-1.0894776510001425,0.5817695378109445,-0.2110959525641372,-1.6844743363280665,0,30,6,5,0
0.8127493343104911,-1.0894776510001425,0.00627643885248406,-0.2110959525641372,-1.6252295908845722,1,30,6,5,0
0.8219384391625842,-0.9712597973784254,0.23647367843586825,-0.2110959525641372,-1.6370785399732743,2,30,6,5,0
0.8954512779793296,-0.6166062365132736,0.23647367843586825,-0.2110959525641372,-1.6489274890619767,3,30,6,5,0
0.9597750119439814,-0.3210616024589805,0.5817695378109445,1.6348916798413717,-1.6015316927071845,4,30,6,5,0
0.9046403828314227,-0.4983883828915564,1.272361256561097,1.6348916798413717,-1.4474953545541391,5,30,6,5,23
0.9781532216481676,-0.4983883828915564,1.5025584961444813,1.6348916798413717,-1.4237974563767515,6,30,6,5,23
1.0332878507607266,-0.4983883828915564,0.5817695378109445,1.6348916798413717,-1.411948507288049,7,30,6,5,23
1.0884224798732856,-0.6166062365132736,1.272361256561097,1.6348916798413717,-1.3882506091106614,8,30,6,5,23
1.0424769556128197,-0.853041943756708,1.272361256561097,1.6348916798413717,-1.4474953545541391,9,30,6,5,19
1.0976115847253787,-0.9121508705675667,1.7327557357278653,1.6348916798413717,-1.4474953545541391,10,30,6,5,19
1.1343680041337512,-1.030368724189284,1.272361256561097,1.6348916798413717,-1.4948911509089144,11,30,6,5,19
1.1895026332463101,-1.1485865778110012,1.272361256561097,1.6348916798413717,-1.554135896352409,12,30,6,5,19
1.125178899281658,-1.3259133582435771,1.7327557357278653,1.6348916798413717,-1.6252295908845722,13,30,6,5,19
1.0332878507607266,-1.798784772730446,2.078051595102942,1.6348916798413717,-1.6370785399732743,14,30,6,5,19
0.9781532216481676,-1.7396758459195873,1.5025584961444813,-0.2824001958759379,-1.6489274890619767,15,30,6,5,23
0.9689641167960745,-1.7396758459195873,1.272361256561097,1.6348916798413717,-1.660776438150662,16,30,6,5,23
1.3824738351402663,-0.2028437488372633,-0.4541180403142843,1.6348916798413717,-1.6133806417958867,17,30,6,5,23
1.253826367210962,-0.3801705292698392,0.8119667773943287,-0.2824001958759379,-1.4948911509089144,18,30,6,5,23
1.290582786619335,-0.2028437488372633,-0.9145125194810526,1.6348916798413717,-1.411948507288049,19,30,6,5,23
1.253826367210962,-0.08462589521554607,-1.0296111392727447,-0.2110959525641372,-1.3408548127558693,20,30,6,5,23
1.2630154720630553,-0.2028437488372633,-0.22392080073090012,-0.2110959525641372,-1.222365321868914,21,30,6,5,23
1.1711244235421239,-0.3801705292698392,-0.9145125194810526,-0.2110959525641372,-1.1986674236915094,22,30,6,5,23
1.1986917380984032,-0.08462589521554607,-1.259808378856129,-0.2110959525641372,-1.1631205764254362,23,30,6,5,23
1.2078808429504964,-0.025516968404687458,-1.7202028580228972,-0.2110959525641372,-1.1275737291593462,0,1,7,6,23
1.3089609963235211,0.5064633728930401,-1.0296111392727447,-0.2110959525641372,-1.080177932804554,1,1,7,6,23
1.244637262358869,0.5064633728930401,-0.6843152798976685,-0.2824001958759379,-1.0564800346271663,2,1,7,6,23
1.0332878507607266,-0.025516968404687458,-0.9145125194810526,-0.2110959525641372,-0.9853863400949864,3,1,7,6,23
0.8954512779793296,-0.3801705292698392,-1.0296111392727447,-0.2824001958759379,-0.9261415946515087,4,1,7,6,23
0.8954512779793296,-0.4392794560806978,-1.7202028580228972,-0.2824001958759379,-0.866896849208031,5,1,7,6,23
0.9505859070918884,-0.4392794560806978,-0.9145125194810526,-0.2824001958759379,-0.7602563074097611,6,1,7,6,23
0.9965314313523541,-0.3801705292698392,-0.4541180403142843,-0.2824001958759379,-0.7010115619662834,7,1,7,6,23
0.9689641167960745,-0.5574973097024151,-1.0296111392727447,-0.2824001958759379,-0.6536157656114912,8,1,7,6,19
0.9597750119439814,-0.7939330169458495,-1.259808378856129,1.6348916798413717,-0.6417668165227889,9,1,7,6,19
1.0057205362044472,-0.7939330169458495,-0.22392080073090012,1.6348916798413717,-0.6536157656114912,10,1,7,6,19
1.0884224798732856,-0.853041943756708,0.4666709180192524,1.6348916798413717,-0.6536157656114912,11,1,7,6,19
0.9965314313523541,-0.9712597973784254,0.8119667773943287,1.6348916798413717,-0.606219969256699,12,1,7,6,19
1.0516660604649128,-1.0894776510001425,0.8119667773943287,1.6348916798413717,-0.5943710201680136,13,1,7,6,19
1.0424769556128197,-1.030368724189284,0.23647367843586825,1.6348916798413717,-0.5825220710793113,14,1,7,6,19
1.0516660604649128,-0.9712597973784254,0.00627643885248406,1.6348916798413717,-0.5825220710793113,15,1,7,6,23
1.0332878507607266,-0.9712597973784254,0.00627643885248406,1.6348916798413717,-0.5943710201680136,16,1,7,6,23
1.0976115847253787,-0.9712597973784254,-0.4541180403142843,1.6348916798413717,-0.6299178674341035,17,1,7,6,19
1.0424769556128197,-0.9121508705675667,0.23647367843586825,1.6348916798413717,-0.6299178674341035,18,1,7,6,19
0.9597750119439814,-0.9712597973784254,0.00627643885248406,1.6348916798413717,-0.6417668165227889,19,1,7,6,19
0.9505859070918884,-0.6166062365132736,-0.4541180403142843,-0.2110959525641372,-0.5943710201680136,20,1,7,6,19
0.9505859070918884,-0.4983883828915564,-0.9145125194810526,-0.2110959525641372,-0.4995794274584459,21,1,7,6,19
0.9597750119439814,-0.08462589521554607,-0.4541180403142843,-0.2110959525641372,-0.4995794274584459,22,1,7,6,19
0.9505859070918884,-0.025516968404687458,-0.6843152798976685,-0.2110959525641372,-0.45218363110365367,23,1,7,6,19
0.9597750119439814,0.2700276656496056,-0.22392080073090012,-0.2110959525641372,-0.42848573292626596,0,2,7,0,19
0.9230185925356088,0.3882455192713229,-0.9145125194810526,-0.2110959525641372,-0.40478783474887825,1,2,7,0,19
0.9138294876835157,0.5655722997038988,-0.9145125194810526,-0.2110959525641372,-0.392938885660176,2,2,7,0,19
0.9138294876835157,0.5655722997038988,-1.0296111392727447,-0.2110959525641372,-0.392938885660176,3,2,7,0,19
0.9046403828314227,0.4473544460821815,-1.7202028580228972,-0.2824001958759379,-0.357392038394086,4,2,7,0,19
0.9322076973877019,0.6246812265147573,-1.0296111392727447,-0.2824001958759379,-0.34554308930538374,5,2,7,0,19
1.0516660604649128,0.210918738838747,-1.0296111392727447,1.6348916798413717,-0.30999624203929377,6,2,7,0,19
1.1068006895774718,-0.1437348220264047,-0.6843152798976685,1.6348916798413717,-0.28629834386190606,7,2,7,0,19
1.125178899281658,-0.2619526756481219,0.00627643885248406,1.6348916798413717,-0.2507514965958161,8,2,7,0,23
1.1435571089858443,-0.4983883828915564,0.00627643885248406,1.6348916798413717,-0.2626004456845184,9,2,7,0,19
1.1527462138379374,-0.4983883828915564,-0.22392080073090012,1.6348916798413717,-0.28629834386190606,10,2,7,0,19
1.1986917380984032,-0.7348240901349908,0.4666709180192524,1.6348916798413717,-0.32184519112799603,11,2,7,0,19
1.1986917380984032,-0.853041943756708,0.00627643885248406,1.6348916798413717,-0.3810899365714737,12,2,7,0,19
1.0240987459086335,-1.3259133582435771,0.23647367843586825,1.6348916798413717,-0.46403258019235594,13,2,7,0,19
0.9413968022397953,-1.503240138676153,0.4666709180192524,1.6348916798413717,-0.5232773256358336,14,2,7,0,23
0.8954512779793296,-1.798784772730446,1.7327557357278653,1.6348916798413717,-0.5943710201680136,15,2,7,0,19
0.8311275440146774,-1.8578936995413047,0.8119667773943287,1.6348916798413717,-0.606219969256699,16,2,7,0,19
0.6565345518249076,-1.9170026263521631,1.272361256561097,1.6348916798413717,-0.5114283765471314,17,2,7,0,23
0.6841018663811871,-1.798784772730446,0.5817695378109445,1.6348916798413717,-0.46403258019235594,18,2,7,0,23
0.6565345518249076,-1.6805669191087287,0.00627643885248406,1.6348916798413717,-0.42848573292626596,19,2,7,0,23
0.6841018663811871,-1.2076955046218598,-0.6843152798976685,-0.2110959525641372,-0.357392038394086,20,2,7,0,19
0.7208582857895597,-0.7939330169458495,-1.0296111392727447,-0.2110959525641372,-0.28629834386190606,21,2,7,0,19
0.7300473906416528,-0.6166062365132736,-1.0296111392727447,-0.2110959525641372,-0.27444939477322067,22,2,7,0,19
0.7576147051979323,-0.4983883828915564,-0.9145125194810526,-0.2110959525641372,-0.28629834386190606,23,2,7,0,19
0.7576147051979323,-0.3210616024589805,-0.9145125194810526,-0.2110959525641372,-0.2626004456845184,0,3,7,1,19
0.7300473906416528,-0.025516968404687458,-1.259808378856129,-0.2110959525641372,-0.2507514965958161,1,3,7,1,0
0.7851820197542116,-0.025516968404687458,-1.259808378856129,-0.2110959525641372,-0.2626004456845184,2,3,7,1,0
0.7208582857895597,-0.08462589521554607,-1.7202028580228972,-0.2110959525641372,-0.2626004456845184,3,3,7,1,0
0.7300473906416528,0.6246812265147573,-1.0296111392727447,-0.2824001958759379,-0.19150675115233842,4,3,7,1,0
0.7576147051979323,-0.2028437488372633,-1.0296111392727447,1.6348916798413717,-0.2507514965958161,5,3,7,1,0
0.7851820197542116,-0.3210616024589805,-0.6843152798976685,1.6348916798413717,-0.08486620935406852,6,3,7,1,0
0.7116691809374666,-0.853041943756708,-1.0296111392727447,1.6348916798413717,-0.0967151584427708,7,3,7,1,0
0.7668038100500254,-0.9712597973784254,-1.7202028580228972,1.6348916798413717,-0.10856410753147307,8,3,7,1,0
0.7851820197542116,-1.030368724189284,-0.6843152798976685,1.6348916798413717,-0.13226200570886076,9,3,7,1,19
0.8311275440146774,-1.0894776510001425,-1.259808378856129,1.6348916798413717,-0.19150675115233842,10,3,7,1,19
0.86788396342305,-1.2076955046218598,-0.6843152798976685,1.6348916798413717,-0.23890254750713066,11,3,7,1,23
0.8954512779793296,-1.3259133582435771,-0.4541180403142843,1.6348916798413717,-0.30999624203929377,12,3,7,1,23
0.9689641167960745,-1.4441312118652943,-0.22392080073090012,1.6348916798413717,-0.3692409874827883,13,3,7,1,1
0.9597750119439814,-1.5623490654870116,-0.6843152798976685,1.6348916798413717,-0.46403258019235594,14,3,7,1,1
0.8954512779793296,-1.6214579922978702,0.00627643885248406,1.6348916798413717,-0.5588241729019235,15,3,7,1,1
0.8127493343104911,-1.798784772730446,0.00627643885248406,1.6348916798413717,-0.5943710201680136,16,3,7,1,1
0.7208582857895597,-1.9761115531630218,0.00627643885248406,1.6348916798413717,-0.6654647147001934,17,3,7,1,1
0.748425600345839,-1.8578936995413047,-0.4541180403142843,1.6348916798413717,-0.7247094601436711,18,3,7,1,1
1.0884224798732856,-0.9712597973784254,0.23647367843586825,1.6348916798413717,-0.7602563074097611,19,3,7,1,1
0.9413968022397953,-1.2076955046218598,0.23647367843586825,1.6348916798413717,-0.8195010528532388,20,3,7,1,1
1.0424769556128197,-1.030368724189284,-0.22392080073090012,-0.2110959525641372,-0.8076521037645366,21,3,7,1,25
1.125178899281658,-0.08462589521554607,0.23647367843586825,-0.2110959525641372,-0.8313500019419411,22,3,7,1,25
1.125178899281658,0.09270088521702978,-1.7202028580228972,-0.2110959525641372,-0.866896849208031,23,3,7,1,25
1.2262590526546826,0.6246812265147573,-1.0296111392727447,-0.9162156919808337,-0.8431989510306265,0,4,7,2,24
1.290582786619335,0.9793347873799091,-1.0296111392727447,-0.2110959525641372,-0.9498394928288963,1,4,7,2,1
1.2813936817672416,0.9793347873799091,-0.22392080073090012,-0.2110959525641372,-0.9972352891836886,2,4,7,2,1
1.2722045769151482,0.9202258605690504,-0.22392080073090012,-0.2110959525641372,-1.0209331873610763,3,4,7,2,1
1.318150101175614,0.9202258605690504,-0.22392080073090012,-0.6626894935388755,-0.9972352891836886,4,4,7,2,1
1.3365283108798005,0.8611169337581918,0.00627643885248406,-1.1697418904227923,-0.9498394928288963,5,4,7,2,1
1.3549065205839868,0.8611169337581918,0.00627643885248406,-0.9162156919808337,-0.9616884419175986,6,4,7,2,1
1.3916629399923592,0.8020080069473332,0.00627643885248406,-0.9162156919808337,-0.9616884419175986,7,4,7,2,1
1.428419359400732,0.5655722997038988,0.23647367843586825,-0.9162156919808337,-0.9735373910062841,8,4,7,2,1
1.455986673957011,0.3882455192713229,0.23647367843586825,-0.9162156919808337,-1.0090842382723741,9,4,7,2,23
1.5019321982174771,0.210918738838747,0.4666709180192524,-0.6626894935388755,-1.0564800346271663,10,4,7,2,1
1.5019321982174771,0.1518098120278884,1.0421640169777129,-0.6626894935388755,-1.0920268818932564,11,4,7,2,1
1.621390561294688,0.1518098120278884,1.0421640169777129,-0.6626894935388755,-1.080177932804554,12,4,7,2,1
1.612201456442595,-0.08462589521554607,1.0421640169777129,-0.6626894935388755,-1.1631205764254362,13,4,7,2,23
1.5938232467384086,-0.2619526756481219,1.0421640169777129,-0.6626894935388755,-1.1986674236915094,14,4,7,2,23
1.5938232467384086,-0.4392794560806978,0.4666709180192524,-0.6626894935388755,-1.2697611182236892,15,4,7,2,23
1.612201456442595,-0.025516968404687458,0.00627643885248406,-0.2824001958759379,-1.4356464054654368,16,4,7,2,43
1.6030123515905017,1.3930972750559194,-0.4541180403142843,-0.2824001958759379,-1.222365321868914,17,4,7,2,47
1.6673360855551538,1.0384437141907676,-0.6843152798976685,-0.2824001958759379,-1.1749695255141217,18,4,7,2,19
1.621390561294688,0.9202258605690504,-1.0296111392727447,-0.2824001958759379,-1.1394226782480317,19,4,7,2,19
1.5203104079216636,1.0384437141907676,-0.6843152798976685,-0.2824001958759379,-1.0683289837158518,20,4,7,2,19
1.4467975691049182,0.9793347873799091,-0.6843152798976685,-0.2110959525641372,-0.9498394928288963,21,4,7,2,19
1.318150101175614,0.5655722997038988,0.23647367843586825,-0.2110959525641372,-0.8787457982967164,22,4,7,2,0
1.2262590526546826,0.8611169337581918,-0.4541180403142843,-0.2110959525641372,-0.8076521037645366,23,4,7,2,0
1.125178899281658,0.8611169337581918,-0.6843152798976685,-0.2110959525641372,-0.795803154675851,0,5,7,3,0
1.125178899281658,1.0975526410016263,-1.0296111392727447,-0.2110959525641372,-0.7128605110549688,1,5,7,3,19
1.1068006895774718,1.2157704946233434,-0.4541180403142843,-0.2110959525641372,-0.7365584092323566,2,5,7,3,19
1.1068006895774718,1.156661567812485,-0.4541180403142843,-0.2110959525641372,-0.7010115619662834,3,5,7,3,19
1.060855165317006,1.3339883482450607,-0.9145125194810526,-0.2824001958759379,-0.6891626128775812,4,5,7,3,19
1.0976115847253787,1.3339883482450607,-0.6843152798976685,-0.2824001958759379,-0.5825220710793113,5,5,7,3,19
1.0976115847253787,0.683790153325616,-0.22392080073090012,-0.2824001958759379,-0.5114283765471314,6,5,7,3,19
1.115989794429565,0.3882455192713229,0.23647367843586825,-0.2824001958759379,-0.4403346820149514,7,5,7,3,19
1.1435571089858443,0.210918738838747,-0.9145125194810526,-0.2824001958759379,-0.3810899365714737,8,5,7,3,19
1.1711244235421239,0.09270088521702978,-1.0296111392727447,1.6348916798413717,-0.3692409874827883,9,5,7,3,23
1.1986917380984032,-0.025516968404687458,-0.6843152798976685,1.6348916798413717,-0.392938885660176,10,5,7,3,23
1.2630154720630553,-0.1437348220264047,-0.9145125194810526,1.6348916798413717,-0.42848573292626596,11,5,7,3,1
1.2630154720630553,-0.1437348220264047,-1.0296111392727447,1.6348916798413717,-0.4403346820149514,12,5,7,3,1
1.3089609963235211,-0.2619526756481219,-0.6843152798976685,1.6348916798413717,-0.46403258019235594,13,5,7,3,1
1.244637262358869,-0.4983883828915564,-0.4541180403142843,1.6348916798413717,-0.46403258019235594,14,5,7,3,23
1.2997718914714278,-0.2619526756481219,-0.4541180403142843,1.6348916798413717,-0.42848573292626596,15,5,7,3,23
1.4100411496965455,-0.08462589521554607,0.23647367843586825,1.6348916798413717,-0.46403258019235594,16,5,7,3,23
1.373284730288173,-0.4392794560806978,0.23647367843586825,1.6348916798413717,-0.4758815292810413,17,5,7,3,19
1.3457174157318934,-0.3210616024589805,0.4666709180192524,1.6348916798413717,-0.48773047836974365,18,5,7,3,19
1.3640956254360797,-0.1437348220264047,0.00627643885248406,1.6348916798413717,-0.4758815292810413,19,5,7,3,19
1.3457174157318934,0.03359195840617116,-0.22392080073090012,1.6348916798413717,-0.42848573292626596,20,5,7,3,0
1.3365283108798005,0.09270088521702978,-0.6843152798976685,-0.2110959525641372,-0.34554308930538374,21,5,7,3,0
1.3824738351402663,0.5655722997038988,-0.6843152798976685,-0.2110959525641372,-0.34554308930538374,22,5,7,3,0
1.3824738351402663,0.8611169337581918,-0.9145125194810526,-0.2110959525641372,-0.3692409874827883,23,5,7,3,0
1.3457174157318934,0.8020080069473332,-0.9145125194810526,-0.2110959525641372,-0.3810899365714737,0,6,7,4,19
1.3640956254360797,0.8020080069473332,-1.7202028580228972,-0.2110959525641372,-0.357392038394086,1,6,7,4,19
1.318150101175614,0.9202258605690504,-1.259808378856129,-0.2110959525641372,-0.3692409874827883,2,6,7,4,0
1.244637262358869,0.9202258605690504,-0.9145125194810526,-0.2110959525641372,-0.34554308930538374,3,6,7,4,0
1.253826367210962,0.8611169337581918,-0.9145125194810526,-0.2110959525641372,-0.357392038394086,4,6,7,4,0
1.2630154720630553,0.9202258605690504,-1.0296111392727447,1.6348916798413717,-0.32184519112799603,5,6,7,4,19
1.373284730288173,0.8611169337581918,-0.6843152798976685,1.6348916798413717,-0.30999624203929377,6,6,7,4,23
1.3089609963235211,0.683790153325616,-0.22392080073090012,1.6348916798413717,-0.30999624203929377,7,6,7,4,23
1.2997718914714278,0.210918738838747,0.00627643885248406,1.6348916798413717,-0.34554308930538374,8,6,7,4,23
1.318150101175614,-0.1437348220264047,0.4666709180192524,1.6348916798413717,-0.42848573292626596,9,6,7,4,1
1.4467975691049182,-0.2028437488372633,0.00627643885248406,1.6348916798413717,-0.4758815292810413,10,6,7,4,1
1.428419359400732,-0.4983883828915564,0.00627643885248406,1.6348916798413717,-0.5232773256358336,11,6,7,4,1
1.3824738351402663,-0.7939330169458495,0.8119667773943287,1.6348916798413717,-0.6299178674341035,12,6,7,4,1
1.4651757788091044,-0.7348240901349908,0.8119667773943287,-0.2824001958759379,-0.6536157656114912,13,6,7,4,1
1.4651757788091044,-0.853041943756708,0.8119667773943287,-0.2824001958759379,-0.7128605110549688,14,6,7,4,1
1.5754450370342223,-0.7348240901349908,0.5817695378109445,-0.2824001958759379,-0.6891626128775812,15,6,7,4,1
1.6397687709988742,-0.7348240901349908,0.5817695378109445,-0.2824001958759379,-0.7602563074097611,16,6,7,4,1
1.621390561294688,-0.6166062365132736,0.00627643885248406,-0.2824001958759379,-0.795803154675851,17,6,7,4,1
1.6765251904072471,-0.4983883828915564,-0.4541180403142843,-0.2824001958759379,-0.8550479001193287,18,6,7,4,1
1.68571429525934,-0.3801705292698392,0.00627643885248406,-0.2824001958759379,-0.8195010528532388,19,6,7,4,1
1.7132816098156194,-0.2028437488372633,-0.22392080073090012,-0.2824001958759379,-0.8550479001193287,20,6,7,4,1
1.7592271340760852,-0.025516968404687458,-0.9145125194810526,-0.2110959525641372,-0.8195010528532388,21,6,7,4,1
1.7776053437802715,0.4473544460821815,-0.6843152798976685,-0.2110959525641372,-0.7839542055871488,22,6,7,4,1
1.6949034001114331,0.32913659246046423,-0.4541180403142843,-0.2110959525641372,-0.7010115619662834,23,6,7,4,25
1.6765251904072471,0.3882455192713229,-1.0296111392727447,-0.2110959525641372,-0.7247094601436711,0,7,7,5,1
1.3457174157318934,-0.3210616024589805,-0.4541180403142843,-0.2110959525641372,-0.7721052564984465,1,7,7,5,1
1.2630154720630553,-0.3210616024589805,-0.9145125194810526,-0.2110959525641372,-0.8550479001193287,2,7,7,5,1
1.2354481575067757,-0.3801705292698392,-0.6843152798976685,-0.2110959525641372,-0.795803154675851,3,7,7,5,1
1.2354481575067757,-0.3801705292698392,-0.22392080073090012,-0.2110959525641372,-0.6891626128775812,4,7,7,5,1
1.3273392060277072,0.2700276656496056,-0.4541180403142843,-0.2110959525641372,-0.6299178674341035,5,7,7,5,24
1.3640956254360797,0.1518098120278884,-0.6843152798976685,-0.2824001958759379,-0.7128605110549688,6,7,7,5,1
1.3365283108798005,-0.025516968404687458,0.4666709180192524,-0.2824001958759379,-0.7484073583210589,7,7,7,5,23
1.2630154720630553,-0.1437348220264047,0.23647367843586825,-0.2824001958759379,-0.7721052564984465,8,7,7,5,1
1.244637262358869,-0.1437348220264047,0.00627643885248406,-0.2824001958759379,-0.7484073583210589,9,7,7,5,23
1.2354481575067757,-0.3801705292698392,0.4666709180192524,-0.2824001958759379,-0.7365584092323566,10,7,7,5,23
1.253826367210962,-0.4392794560806978,0.23647367843586825,-0.2824001958759379,-0.7247094601436711,11,7,7,5,23
1.2813936817672416,-0.7939330169458495,0.8119667773943287,-0.2824001958759379,-0.7484073583210589,12,7,7,5,19
1.2722045769151482,-1.030368724189284,0.5817695378109445,1.6348916798413717,-0.8076521037645366,13,7,7,5,19
1.2813936817672416,-1.2076955046218598,0.23647367843586825,1.6348916798413717,-0.866896849208031,14,7,7,5,19
1.2722045769151482,-1.2076955046218598,0.8119667773943287,1.6348916798413717,-0.9142926455628064,15,7,7,5,23
1.2078808429504964,-1.3850222850544356,0.23647367843586825,1.6348916798413717,-0.9142926455628064,16,7,7,5,23
1.0976115847253787,-1.503240138676153,0.5817695378109445,1.6348916798413717,-0.9142926455628064,17,7,7,5,19
1.1711244235421239,-1.2076955046218598,0.00627643885248406,1.6348916798413717,-0.8550479001193287,18,7,7,5,19
1.1527462138379374,-1.030368724189284,-0.22392080073090012,1.6348916798413717,-0.7721052564984465,19,7,7,5,23
1.0976115847253787,-0.9712597973784254,-0.6843152798976685,1.6348916798413717,-0.7365584092323566,20,7,7,5,23
1.115989794429565,-0.7939330169458495,-0.4541180403142843,-0.2110959525641372,-0.6773136637888789,21,7,7,5,23
1.1527462138379374,-0.4392794560806978,-0.6843152798976685,-0.2110959525641372,-0.6654647147001934,22,7,7,5,19
1.0424769556128197,-0.7939330169458495,0.23647367843586825,-0.2110959525641372,-0.6180689183454012,23,7,7,5,19
1.0149096410565404,-0.4983883828915564,0.23647367843586825,-0.2110959525641372,-0.5825220710793113,0,8,7,6,19
0.9505859070918884,-0.4392794560806978,0.00627643885248406,-0.2110959525641372,-0.5469752238132213,1,8,7,6,19
0.9322076973877019,-0.2619526756481219,-0.4541180403142843,-0.2110959525641372,-0.5114283765471314,2,8,7,6,19
0.8403166488667705,0.03359195840617116,-0.9145125194810526,-0.2110959525641372,-0.48773047836974365,3,8,7,6,19
0.8862621731272362,0.5655722997038988,-0.9145125194810526,-0.2824001958759379,-0.4166367838375637,4,8,7,6,0
0.9689641167960745,0.7428990801364745,-0.6843152798976685,-0.2824001958759379,-0.34554308930538374,5,8,7,6,19
0.9138294876835157,0.03359195840617116,0.00627643885248406,1.6348916798413717,-0.2981472929506083,6,8,7,6,19
0.8862621731272362,-0.1437348220264047,0.5817695378109445,1.6348916798413717,-0.2626004456845184,7,8,7,6,19
0.36248319655792705,-1.4441312118652943,0.8119667773943287,1.6348916798413717,-0.2507514965958161,8,8,7,6,19
0.5462652935997899,-1.2668044314327185,0.5817695378109445,1.6348916798413717,-0.28629834386190606,9,8,7,6,0
0.48194155963513796,-1.5623490654870116,0.8119667773943287,1.6348916798413717,-0.27444939477322067,10,8,7,6,0
0.41761782567048583,-1.7396758459195873,0.4666709180192524,1.6348916798413717,-0.28629834386190606,11,8,7,6,0
0.48194155963513796,-1.7396758459195873,1.0421640169777129,1.6348916798413717,-0.30999624203929377,12,8,7,6,0
0.47275245478304484,-1.9170026263521631,0.23647367843586825,1.6348916798413717,-0.34554308930538374,13,8,7,6,19
0.6473454469728145,-1.6805669191087287,0.23647367843586825,1.6348916798413717,-0.392938885660176,14,8,7,6,19
0.5462652935997899,-1.798784772730446,0.00627643885248406,1.6348916798413717,-0.392938885660176,15,8,7,6,19
0.47275245478304484,-1.9761115531630218,1.0421640169777129,1.6348916798413717,-0.392938885660176,16,8,7,6,19
0.48194155963513796,-1.9170026263521631,1.272361256561097,1.6348916798413717,-0.4166367838375637,17,8,7,6,19
0.5278870838956037,-1.7396758459195873,0.5817695378109445,1.6348916798413717,-0.42848573292626596,18,8,7,6,19
0.5462652935997899,-1.5623490654870116,0.4666709180192524,1.6348916798413717,-0.392938885660176,19,8,7,6,19
0.5370761887476968,-1.2668044314327185,-0.4541180403142843,1.6348916798413717,-0.3692409874827883,20,8,7,6,0
0.5003197693393242,-1.2668044314327185,-0.6843152798976685,-0.2110959525641372,-0.2981472929506083,21,8,7,6,0
0.5095088741914173,-0.853041943756708,-0.9145125194810526,-0.2110959525641372,-0.28629834386190606,22,8,7,6,0
0.5370761887476968,-0.6166062365132736,-0.6843152798976685,-0.2110959525641372,-0.23890254750713066,23,8,7,6,0
0.5830217130081625,-0.2619526756481219,-0.22392080073090012,-0.2110959525641372,-0.2626004456845184,0,9,7,0,0
0.5922108178602556,0.1518098120278884,-0.6843152798976685,-0.2110959525641372,-0.2507514965958161,1,9,7,0,0
0.6013999227123488,0.03359195840617116,-0.6843152798976685,-0.2110959525641372,-0.2270535984184284,2,9,7,0,0
0.5922108178602556,0.5064633728930401,-0.6843152798976685,-0.2110959525641372,-0.20335570024104072,3,9,7,0,19
0.5830217130081625,0.3882455192713229,-0.6843152798976685,-0.2110959525641372,-0.16780885297495074,4,9,7,0,19
0.6289672372686282,0.7428990801364745,-0.9145125194810526,-0.2824001958759379,-0.08486620935406852,5,9,7,0,19
0.6473454469728145,-0.1437348220264047,-0.22392080073090012,1.6348916798413717,0.021774332444184544,6,9,7,0,19
0.5646435033039762,-0.7348240901349908,-0.4541180403142843,1.6348916798413717,0.05732117971027451,7,9,7,0,0
0.5095088741914173,-0.9121508705675667,-0.4541180403142843,1.6348916798413717,0.09286802697636448,8,9,7,0,0
0.4911306644872311,-1.1485865778110012,-0.6843152798976685,1.6348916798413717,0.09286802697636448,9,9,7,0,0
0.4543742450788585,-1.3259133582435771,0.23647367843586825,1.6348916798413717,0.08101907788767905,10,9,7,0,0
0.4911306644872311,-1.503240138676153,0.5817695378109445,1.6348916798413717,0.04547223062158908,11,9,7,0,0
0.41761782567048583,-1.7396758459195873,-0.22392080073090012,1.6348916798413717,0.021774332444184544,12,9,7,0,0
0.4911306644872311,-1.7396758459195873,0.4666709180192524,1.6348916798413717,-0.013772514821888588,13,9,7,0,19
0.36248319655792705,-2.094329406784739,0.8119667773943287,1.6348916798413717,-0.04931936208797856,14,9,7,0,19
0.2522139383328093,-2.271656187217315,0.23647367843586825,1.6348916798413717,-0.061168311176680826,15,9,7,0,19
0.19707930922025046,-2.3307651140281735,0.00627643885248406,1.6348916798413717,-0.07301726026538309,16,9,7,0,19
0.2522139383328093,-2.271656187217315,-0.4541180403142843,1.6348916798413717,-0.08486620935406852,17,9,7,0,19
0.39923961596629964,-1.9761115531630218,-0.22392080073090012,1.6348916798413717,-0.061168311176680826,18,9,7,0,19
0.4268069305225791,-1.7396758459195873,-0.22392080073090012,1.6348916798413717,-0.04931936208797856,19,9,7,0,19
0.4911306644872311,-1.2076955046218598,-0.9145125194810526,1.6348916798413717,-0.03747041299929313,20,9,7,0,0
0.5095088741914173,-1.2668044314327185,-1.0296111392727447,-0.2110959525641372,-0.0019235657332031574,21,9,7,0,19
0.5922108178602556,-0.6166062365132736,-1.259808378856129,-0.2110959525641372,-0.013772514821888588,22,9,7,0,0
0.6473454469728145,-0.2028437488372633,-1.0296111392727447,-0.2110959525641372,-0.0019235657332031574,23,9,7,0,19
0.7943711246063048,-0.2028437488372633,-0.9145125194810526,-0.2110959525641372,-0.013772514821888588,0,10,7,1,0
0.6289672372686282,-0.7348240901349908,-0.22392080073090012,-0.2110959525641372,-0.013772514821888588,1,10,7,1,0
0.6657236566770008,-0.2619526756481219,-0.9145125194810526,-0.2110959525641372,0.009925383355499112,2,10,7,1,0
0.7759929149021185,0.09270088521702978,-0.6843152798976685,-0.2110959525641372,0.009925383355499112,3,10,7,1,0
0.9046403828314227,0.5655722997038988,-0.4541180403142843,-0.2824001958759379,0.06917012879897678,4,10,7,1,0
0.8403166488667705,0.32913659246046423,-0.6843152798976685,1.6348916798413717,0.11656592515376903,5,10,7,1,19
0.8954512779793296,0.32913659246046423,-0.6843152798976685,1.6348916798413717,0.16396172150854443,6,10,7,1,19
0.8495057537188638,-0.3210616024589805,-0.6843152798976685,1.6348916798413717,0.19950856877463438,7,10,7,1,19
1.0240987459086335,-0.1437348220264047,0.00627643885248406,1.6348916798413717,0.19950856877463438,8,10,7,1,19
0.9505859070918884,-0.7348240901349908,-0.6843152798976685,1.6348916798413717,0.2232064669520221,9,10,7,1,19
0.8311275440146774,-1.2076955046218598,-0.6843152798976685,1.6348916798413717,0.21135751786333665,10,10,7,1,19
0.748425600345839,-1.5623490654870116,0.00627643885248406,1.6348916798413717,0.18765961968593212,11,10,7,1,19
0.6289672372686282,-1.9170026263521631,1.272361256561097,1.6348916798413717,0.11656592515376903,12,10,7,1,19
0.5462652935997899,-2.0352204799738804,0.8119667773943287,1.6348916798413717,0.10471697606506675,13,10,7,1,19
0.748425600345839,-1.8578936995413047,0.4666709180192524,1.6348916798413717,0.06917012879897678,14,10,7,1,23
0.7943711246063048,-1.7396758459195873,0.4666709180192524,1.6348916798413717,0.04547223062158908,15,10,7,1,19
0.7392364954937459,-1.7396758459195873,-0.22392080073090012,1.6348916798413717,0.04547223062158908,16,10,7,1,23
0.7116691809374666,-1.8578936995413047,-0.22392080073090012,1.6348916798413717,0.05732117971027451,17,10,7,1,19
0.6013999227123488,-1.9170026263521631,0.4666709180192524,1.6348916798413717,0.09286802697636448,18,10,7,1,19
0.6932909712332802,-1.503240138676153,-0.22392080073090012,1.6348916798413717,0.152112772419859,19,10,7,1,19
0.6381563421207214,-1.2668044314327185,-0.4541180403142843,1.6348916798413717,0.24690436512942662,20,10,7,1,0
0.47275245478304484,-1.6214579922978702,-0.4541180403142843,-0.2110959525641372,0.34169595783899426,21,10,7,1,19
0.3716723014100201,-1.5623490654870116,-0.9145125194810526,-0.2110959525641372,0.37724280510508423,22,10,7,1,0
0.48194155963513796,-0.9121508705675667,-0.6843152798976685,-0.2110959525641372,0.4483364996372642,23,10,7,1,0
0.36248319655792705,-1.3259133582435771,-0.9145125194810526,-0.2110959525641372,0.4720343978146519,0,11,7,2,0
0.5186979790435104,-0.3210616024589805,-1.7202028580228972,-0.2110959525641372,0.5312791432581295,1,11,7,2,0
0.5003197693393242,-0.2619526756481219,-1.259808378856129,-0.2110959525641372,0.5549770414355173,2,11,7,2,0
0.3165376722974613,-0.7939330169458495,-1.259808378856129,-0.2110959525641372,0.5905238887016072,3,11,7,2,0
0.555454398451883,0.2700276656496056,-1.259808378856129,-0.2824001958759379,0.6497686341450849,4,11,7,2,0
0.5646435033039762,0.4473544460821815,-1.259808378856129,1.6348916798413717,0.7208623286772649,5,11,7,2,0
0.674912761529094,0.1518098120278884,-1.0296111392727447,1.6348916798413717,0.7801070741207425,6,11,7,2,0
0.6473454469728145,-0.6166062365132736,-1.259808378856129,1.6348916798413717,0.8038049722981471,7,11,7,2,0
0.5830217130081625,-1.1485865778110012,-1.259808378856129,1.6348916798413717,0.8275028704755347,8,11,7,2,0
0.6381563421207214,-1.3850222850544356,-0.6843152798976685,1.6348916798413717,0.8038049722981471,9,11,7,2,0
0.6105890275644419,-1.6805669191087287,-0.9145125194810526,1.6348916798413717,0.8156539213868325,10,11,7,2,19
0.6932909712332802,-1.6805669191087287,-0.6843152798976685,1.6348916798413717,0.7919560232094448,11,11,7,2,19
0.5646435033039762,-2.0352204799738804,-0.22392080073090012,1.6348916798413717,0.7564091759433548,12,11,7,2,19
0.6197781324165351,-2.0352204799738804,0.00627643885248406,1.6348916798413717,0.7208623286772649,13,11,7,2,19
0.6289672372686282,-2.094329406784739,-0.22392080073090012,1.6348916798413717,0.6616175832337872,14,11,7,2,23
0.5830217130081625,-2.1534383335955978,0.4666709180192524,1.6348916798413717,0.6379196850563994,15,11,7,2,23
0.5830217130081625,-2.1534383335955978,0.5817695378109445,1.6348916798413717,0.5786749396129218,16,11,7,2,23
0.6932909712332802,-1.9761115531630218,0.4666709180192524,1.6348916798413717,0.5312791432581295,17,11,7,2,23
0.5003197693393242,-2.212547260406456,0.4666709180192524,1.6348916798413717,0.5075812450807419,18,11,7,2,23
0.5738326081560694,-2.0352204799738804,-0.22392080073090012,-0.2824001958759379,0.5312791432581295,19,11,7,2,23
0.7300473906416528,-1.6805669191087287,-0.6843152798976685,-0.2110959525641372,0.5194301941694273,20,11,7,2,19
0.8495057537188638,-0.9712597973784254,-0.22392080073090012,-0.2110959525641372,0.5668259905242196,21,11,7,2,19
0.7943711246063048,-0.9712597973784254,-0.6843152798976685,-0.2110959525641372,0.5312791432581295,22,11,7,2,19
0.8495057537188638,-1.030368724189284,0.23647367843586825,-0.2110959525641372,0.5312791432581295,23,11,7,2,0
0.9413968022397953,-0.6166062365132736,-0.4541180403142843,-0.2110959525641372,0.5312791432581295,0,12,7,3,0
0.987342326500261,0.2700276656496056,-1.0296111392727447,-0.2110959525641372,0.5312791432581295,1,12,7,3,0
0.9505859070918884,-0.3801705292698392,-1.0296111392727447,-0.2110959525641372,0.5194301941694273,2,12,7,3,0
0.9138294876835157,-0.4392794560806978,-0.4541180403142843,-0.2110959525641372,0.5312791432581295,3,12,7,3,0
0.9230185925356088,-0.3801705292698392,-0.9145125194810526,-0.2824001958759379,0.5549770414355173,4,12,7,3,19
0.9413968022397953,0.32913659246046423,-0.6843152798976685,1.6348916798413717,0.6023728377903095,5,12,7,3,19
0.8862621731272362,-0.4392794560806978,0.23647367843586825,1.6348916798413717,0.6142217868789949,6,12,7,3,19
0.9230185925356088,-0.6166062365132736,0.00627643885248406,1.6348916798413717,0.6260707359676971,7,12,7,3,19
0.9781532216481676,-0.7348240901349908,-0.22392080073090012,1.6348916798413717,0.6379196850563994,8,12,7,3,19
1.244637262358869,-0.3801705292698392,0.00627643885248406,1.6348916798413717,0.6023728377903095,9,12,7,3,19
1.125178899281658,-1.030368724189284,0.5817695378109445,1.6348916798413717,0.6142217868789949,10,12,7,3,19
1.0057205362044472,-1.503240138676153,0.8119667773943287,1.6348916798413717,0.5786749396129218,11,12,7,3,19
1.0424769556128197,-1.6214579922978702,0.8119667773943287,1.6348916798413717,0.5312791432581295,12,12,7,3,19
1.0149096410565404,-1.7396758459195873,1.0421640169777129,1.6348916798413717,0.4838833469033373,13,12,7,3,19
1.0057205362044472,-1.9170026263521631,1.0421640169777129,1.6348916798413717,0.46018544872594963,14,12,7,3,23
0.9505859070918884,-1.9761115531630218,1.0421640169777129,1.6348916798413717,0.3890917541937697,15,12,7,3,23
0.9597750119439814,-1.9761115531630218,1.0421640169777129,1.6348916798413717,0.37724280510508423,16,12,7,3,23
0.9689641167960745,-1.8578936995413047,0.4666709180192524,1.6348916798413717,0.329847008750292,17,12,7,3,23
1.0149096410565404,-1.6805669191087287,-0.22392080073090012,1.6348916798413717,0.3179980596615897,18,12,7,3,1
1.0516660604649128,-1.503240138676153,-0.4541180403142843,-0.2824001958759379,0.34169595783899426,19,12,7,3,1
1.1068006895774718,-1.2076955046218598,-0.9145125194810526,-0.2110959525641372,0.36539385601638197,20,12,7,3,23
1.1435571089858443,-0.9121508705675667,-1.0296111392727447,-0.2110959525641372,0.42463860145985965,21,12,7,3,19
1.3365283108798005,-0.2028437488372633,-0.6843152798976685,-0.2110959525641372,0.4127896523711742,22,12,7,3,19
1.244637262358869,-0.2619526756481219,-0.4541180403142843,-0.2110959525641372,0.42463860145985965,23,12,7,3,19
1.2997718914714278,0.32913659246046423,-1.0296111392727447,-0.2110959525641372,0.4720343978146519,0,13,7,4,19
1.1895026332463101,-0.2028437488372633,-0.9145125194810526,-0.2110959525641372,0.46018544872594963,1,13,7,4,19
1.1068006895774718,-0.3801705292698392,-0.6843152798976685,-0.2110959525641372,0.37724280510508423,2,13,7,4,19
1.115989794429565,-0.025516968404687458,-0.4541180403142843,-0.2110959525641372,0.4720343978146519,3,13,7,4,19
1.1068006895774718,0.03359195840617116,-0.22392080073090012,-0.2824001958759379,0.5194301941694273,4,13,7,4,0
1.115989794429565,0.03359195840617116,0.00627643885248406,-0.2824001958759379,0.6023728377903095,5,13,7,4,19
1.2078808429504964,0.09270088521702978,0.00627643885248406,-0.2824001958759379,0.6142217868789949,6,13,7,4,19
1.1527462138379374,-0.2619526756481219,0.00627643885248406,1.6348916798413717,0.6379196850563994,7,13,7,4,23
1.1527462138379374,-0.6757151633241323,-0.22392080073090012,-0.2824001958759379,0.6616175832337872,8,13,7,4,23
1.2813936817672416,-0.6757151633241323,0.00627643885248406,1.6348916798413717,0.6497686341450849,9,13,7,4,23
1.3457174157318934,-0.7939330169458495,0.00627643885248406,1.6348916798413717,0.6379196850563994,10,13,7,4,23
1.244637262358869,-1.2668044314327185,0.23647367843586825,1.6348916798413717,0.6142217868789949,11,13,7,4,19
1.1619353186900305,-1.6214579922978702,0.4666709180192524,1.6348916798413717,0.5786749396129218,12,13,7,4,19
1.1068006895774718,-1.798784772730446,0.5817695378109445,1.6348916798413717,0.5431280923468318,13,13,7,4,19
0.7024800760853733,-2.448982967649891,0.5817695378109445,1.6348916798413717,0.5194301941694273,14,13,7,4,19
0.8954512779793296,-2.212547260406456,0.8119667773943287,1.6348916798413717,0.4838833469033373,15,13,7,4,0
0.8495057537188638,-2.212547260406456,0.8119667773943287,1.6348916798413717,0.4127896523711742,16,13,7,4,0
1.0332878507607266,-1.9761115531630218,0.5817695378109445,1.6348916798413717,0.36539385601638197,17,13,7,4,19
1.0976115847253787,-1.798784772730446,-0.22392080073090012,1.6348916798413717,0.329847008750292,18,13,7,4,0
1.180313528394217,-1.5623490654870116,-0.4541180403142843,-0.2824001958759379,0.329847008750292,19,13,7,4,19
1.2170699478025897,-1.2668044314327185,-0.4541180403142843,-0.2110959525641372,0.3535449069276797,20,13,7,4,19
1.2722045769151482,-0.9712597973784254,-0.4541180403142843,-0.2110959525641372,0.3890917541937697,21,13,7,4,19
1.2722045769151482,-0.7939330169458495,-0.6843152798976685,-0.2110959525641372,0.37724280510508423,22,13,7,4,0
1.253826367210962,-0.7348240901349908,-0.9145125194810526,-0.2110959525641372,0.3890917541937697,23,13,7,4,0
1.290582786619335,-0.4983883828915564,-0.4541180403142843,-0.2110959525641372,0.3890917541937697,0,14,7,5,0
1.180313528394217,-0.7348240901349908,0.00627643885248406,-0.2110959525641372,0.37724280510508423,1,14,7,5,0
1.1986917380984032,-0.4983883828915564,-0.4541180403142843,-0.2110959525641372,0.34169595783899426,2,14,7,5,0
1.1711244235421239,-0.3801705292698392,-0.22392080073090012,-0.2110959525641372,0.3535449069276797,3,14,7,5,0
1.180313528394217,-0.3210616024589805,0.00627643885248406,-0.2824001958759379,0.4127896523711742,4,14,7,5,0
1.2997718914714278,0.03359195840617116,-0.22392080073090012,-0.2824001958759379,0.4720343978146519,5,14,7,5,19
1.3089609963235211,-0.08462589521554607,0.00627643885248406,-0.2824001958759379,0.49573229599203955,6,14,7,5,19
1.3273392060277072,-0.2028437488372633,-0.22392080073090012,-0.2824001958759379,0.5194301941694273,7,14,7,5,19
1.2997718914714278,-0.5574973097024151,0.23647367843586825,-0.2824001958759379,0.5194301941694273,8,14,7,5,19
1.3273392060277072,-0.853041943756708,0.00627643885248406,1.6348916798413717,0.4720343978146519,9,14,7,5,19
1.3916629399923592,-1.2076955046218598,0.23647367843586825,1.6348916798413717,0.4838833469033373,10,14,7,5,19
1.5846341418863155,-0.6757151633241323,0.23647367843586825,1.6348916798413717,0.46018544872594963,11,14,7,5,19
1.5754450370342223,-1.0894776510001425,0.8119667773943287,1.6348916798413717,0.42463860145985965,12,14,7,5,19
1.5386886176258499,-1.2076955046218598,0.4666709180192524,1.6348916798413717,0.37724280510508423,13,14,7,5,19
1.1711244235421239,-1.9170026263521631,1.5025584961444813,1.6348916798413717,0.3535449069276797,14,14,7,5,19
1.3089609963235211,-1.7396758459195873,0.8119667773943287,1.6348916798413717,0.3061491105729043,15,14,7,5,19
1.1711244235421239,-1.9170026263521631,1.0421640169777129,1.6348916798413717,0.24690436512942662,16,14,7,5,19
1.2813936817672416,-1.7396758459195873,0.4666709180192524,1.6348916798413717,0.19950856877463438,17,14,7,5,19
1.455986673957011,-1.2668044314327185,0.00627643885248406,-0.2824001958759379,0.16396172150854443,18,14,7,5,19
1.4376084642528248,-1.2076955046218598,-0.4541180403142843,-0.2824001958759379,0.18765961968593212,19,14,7,5,19
1.3916629399923592,-1.1485865778110012,-0.6843152798976685,-0.2110959525641372,0.19950856877463438,20,14,7,5,19
1.492743093365384,-0.6757151633241323,-0.6843152798976685,-0.2110959525641372,0.2706022633068143,21,14,7,5,0
1.4467975691049182,-0.6757151633241323,-0.4541180403142843,-0.2110959525641372,0.28245121239551657,22,14,7,5,0
1.5294995127737565,-0.08462589521554607,-0.6843152798976685,-0.2110959525641372,0.3061491105729043,23,14,7,5,0
1.5019321982174771,-0.025516968404687458,-0.9145125194810526,-0.2110959525641372,0.3179980596615897,0,15,7,6,0
1.483553988513291,-0.025516968404687458,-0.6843152798976685,-0.2110959525641372,0.28245121239551657,1,15,7,6,0
1.5019321982174771,0.210918738838747,-0.6843152798976685,-0.2110959525641372,0.2706022633068143,2,15,7,6,19
1.474364883661198,0.210918738838747,-0.4541180403142843,-0.2110959525641372,0.24690436512942662,3,15,7,6,0
1.4008520448444526,0.683790153325616,-0.9145125194810526,-0.2824001958759379,0.2232064669520221,4,15,7,6,19
1.455986673957011,0.3882455192713229,-0.6843152798976685,-0.2824001958759379,0.24690436512942662,5,15,7,6,23
1.455986673957011,0.210918738838747,-0.6843152798976685,-0.2824001958759379,0.21135751786333665,6,15,7,6,1
1.4467975691049182,0.03359195840617116,-0.6843152798976685,-0.2824001958759379,0.2232064669520221,7,15,7,6,1
1.4100411496965455,-0.3210616024589805,0.00627643885248406,-0.2824001958759379,0.2232064669520221,8,15,7,6,1
1.492743093365384,-0.2619526756481219,-0.22392080073090012,-0.2824001958759379,0.18765961968593212,9,15,7,6,23
1.5294995127737565,-0.5574973097024151,-0.22392080073090012,-0.2824001958759379,0.14026382333115672,10,15,7,6,1
1.621390561294688,-0.5574973097024151,0.00627643885248406,1.6348916798413717,0.10471697606506675,11,15,7,6,1
1.5754450370342223,-0.6757151633241323,-0.6843152798976685,1.6348916798413717,0.009925383355499112,12,15,7,6,1
1.5294995127737565,-0.9712597973784254,0.00627643885248406,-0.2824001958759379,-0.08486620935406852,13,15,7,6,1
1.6305796661467813,-0.7348240901349908,0.23647367843586825,-0.2824001958759379,-0.15595990388624847,14,15,7,6,1
1.68571429525934,1.3339883482450607,1.0421640169777129,-1.1697418904227923,-0.15595990388624847,15,15,7,6,47
1.6489578758509675,0.8020080069473332,-1.7202028580228972,-0.2824001958759379,-0.32184519112799603,16,15,7,6,1
1.6581469807030609,0.9793347873799091,-0.4541180403142843,-0.2824001958759379,-0.32184519112799603,17,15,7,6,1
1.6489578758509675,0.683790153325616,-1.7202028580228972,-0.2110959525641372,-0.30999624203929377,18,15,7,6,1
1.7040925049635265,1.0384437141907676,0.5817695378109445,-0.2110959525641372,-0.3810899365714737,19,15,7,6,23
1.557066827330036,0.7428990801364745,-1.0296111392727447,-0.2110959525641372,-0.3810899365714737,20,15,7,6,23
1.5111213030695703,0.6246812265147573,-0.6843152798976685,-0.2110959525641372,-0.392938885660176,21,15,7,6,19
1.5019321982174771,0.8611169337581918,-0.9145125194810526,-0.2110959525641372,-0.45218363110365367,22,15,7,6,19
1.5203104079216636,1.0384437141907676,-1.0296111392727447,-0.2110959525641372,-0.45218363110365367,23,15,7,6,19
1.5111213030695703,1.156661567812485,-1.0296111392727447,-0.2110959525641372,-0.48773047836974365,0,16,7,0,23
1.5478777224779428,1.156661567812485,-1.7202028580228972,-0.2110959525641372,-0.5114283765471314,1,16,7,0,43
1.474364883661198,1.274879421434202,-1.0296111392727447,-0.6626894935388755,-0.6299178674341035,2,16,7,0,25
1.5294995127737565,1.3930972750559194,-0.9145125194810526,-0.2110959525641372,-0.6299178674341035,3,16,7,0,1
1.5294995127737565,1.5113151286776365,-1.7202028580228972,-0.6626894935388755,-0.6299178674341035,4,16,7,0,23
1.5662559321821294,1.6886419091102125,-1.259808378856129,-1.4232680888647506,-0.5943710201680136,5,16,7,0,7
1.5846341418863155,1.2157704946233434,-1.0296111392727447,-0.6626894935388755,-0.5943710201680136,6,16,7,0,19
1.5846341418863155,0.8611169337581918,-1.0296111392727447,-0.2824001958759379,-0.5706731219906258,7,16,7,0,23
1.6765251904072471,0.7428990801364745,-0.9145125194810526,-0.2824001958759379,-0.5706731219906258,8,16,7,0,23
1.6765251904072471,0.3882455192713229,-0.6843152798976685,-0.2824001958759379,-0.5825220710793113,9,16,7,0,23
1.68571429525934,0.1518098120278884,-0.6843152798976685,-0.2824001958759379,-0.5943710201680136,10,16,7,0,23
1.6397687709988742,-0.08462589521554607,-0.22392080073090012,-0.2824001958759379,-0.606219969256699,11,16,7,0,23
1.6305796661467813,-0.1437348220264047,-0.4541180403142843,-0.2824001958759379,-0.6299178674341035,12,16,7,0,23
1.5938232467384086,-0.3801705292698392,0.00627643885248406,-0.2824001958759379,-0.7128605110549688,13,16,7,0,23
1.6673360855551538,-0.2028437488372633,-0.22392080073090012,-0.2824001958759379,-0.7365584092323566,14,16,7,0,1
1.6030123515905017,-0.4392794560806978,-0.4541180403142843,-0.2824001958759379,-0.7839542055871488,15,16,7,0,1
1.373284730288173,-1.030368724189284,0.00627643885248406,-0.2824001958759379,-0.8313500019419411,16,16,7,0,23
1.244637262358869,-1.2668044314327185,0.4666709180192524,-0.2824001958759379,-0.8313500019419411,17,16,7,0,23
1.290582786619335,-0.9712597973784254,0.00627643885248406,-0.2824001958759379,-0.8313500019419411,18,16,7,0,23
1.3457174157318934,-0.6166062365132736,-1.259808378856129,-0.2824001958759379,-0.866896849208031,19,16,7,0,23
1.4100411496965455,-0.025516968404687458,-0.9145125194810526,-0.2824001958759379,-0.8905947473854188,20,16,7,0,23
1.4651757788091044,0.09270088521702978,-1.259808378856129,-0.2110959525641372,-0.8076521037645366,21,16,7,0,1
1.3916629399923592,-0.025516968404687458,-0.6843152798976685,-0.2110959525641372,-0.795803154675851,22,16,7,0,23
1.4192302545486388,0.210918738838747,-1.0296111392727447,-0.2110959525641372,-0.8195010528532388,23,16,7,0,1
1.3824738351402663,0.03359195840617116,-1.7202028580228972,-0.2110959525641372,-0.8550479001193287,0,17,7,1,1
1.3273392060277072,-0.2619526756481219,-1.0296111392727447,-0.2110959525641372,-0.9142926455628064,1,17,7,1,23
1.5386886176258499,0.4473544460821815,-1.0296111392727447,-0.2110959525641372,-0.9972352891836886,2,17,7,1,1
1.5938232467384086,0.8020080069473332,-1.259808378856129,-0.2110959525641372,-1.080177932804554,3,17,7,1,1
1.6397687709988742,1.0975526410016263,-0.9145125194810526,-1.1697418904227923,-1.1275737291593462,4,17,7,1,24
1.474364883661198,1.2157704946233434,0.4666709180192524,-1.8114800802289992,-1.1512716273367338,5,17,7,1,49
1.4651757788091044,1.5113151286776365,0.00627643885248406,-1.9382431794499786,-1.2342142709575994,6,17,7,1,45
1.5203104079216636,1.6295329822993538,-0.6843152798976685,-1.6847169810080203,-1.257912169135004,7,17,7,1,3
1.6397687709988742,1.5113151286776365,0.4666709180192524,-1.1697418904227923,-1.400099558199347,8,17,7,1,24
1.7224707146677127,1.3930972750559194,0.23647367843586825,-1.4232680888647506,-1.4356464054654368,9,17,7,1,48
1.6765251904072471,0.683790153325616,0.4666709180192524,-0.9162156919808337,-1.4948911509089144,10,17,7,1,23
1.6397687709988742,-0.08462589521554607,0.8119667773943287,-0.9162156919808337,-1.5422869472637069,11,17,7,1,19
1.6949034001114331,-0.1437348220264047,0.23647367843586825,-0.9162156919808337,-1.5778337945297967,12,17,7,1,1
1.8143617631886442,-0.08462589521554607,-0.6843152798976685,-0.6626894935388755,-1.6489274890619767,13,17,7,1,1
1.8878746020053894,1.156661567812485,0.23647367843586825,-1.6847169810080203,-1.660776438150662,14,17,7,1,47
1.7867944486323648,0.7428990801364745,-1.259808378856129,-0.2824001958759379,-1.6133806417958867,15,17,7,1,1
1.7592271340760852,1.2157704946233434,1.0421640169777129,-0.9162156919808337,-1.4711932527315268,16,17,7,1,47
1.8051726583365508,0.7428990801364745,-0.9145125194810526,-0.2824001958759379,-1.4474953545541391,17,17,7,1,1
1.6397687709988742,0.210918738838747,0.4666709180192524,-0.2824001958759379,-1.4356464054654368,18,17,7,1,23
1.5019321982174771,0.2700276656496056,0.4666709180192524,-0.2824001958759379,-1.3171569145784816,19,17,7,1,23
1.474364883661198,0.4473544460821815,-0.4541180403142843,-0.2824001958759379,-1.2460632200463015,20,17,7,1,23
1.4651757788091044,0.5064633728930401,-0.6843152798976685,-0.2110959525641372,-1.1394226782480317,21,17,7,1,23
1.4467975691049182,0.6246812265147573,-0.6843152798976685,-0.2110959525641372,-1.0209331873610763,22,17,7,1,23
1.428419359400732,0.7428990801364745,-0.22392080073090012,-0.2110959525641372,-0.9498394928288963,23,17,7,1,23
1.3824738351402663,0.8611169337581918,-0.6843152798976685,-0.2110959525641372,-0.9142926455628064,0,18,7,2,23
1.3824738351402663,0.683790153325616,-0.4541180403142843,-0.2110959525641372,-0.8076521037645366,1,18,7,2,1
1.3824738351402663,1.156661567812485,-0.9145125194810526,-0.2110959525641372,-0.8313500019419411,2,18,7,2,23
1.3457174157318934,1.2157704946233434,-0.6843152798976685,-0.2110959525641372,-0.8550479001193287,3,18,7,2,0
1.290582786619335,1.0975526410016263,-1.0296111392727447,-0.2824001958759379,-0.795803154675851,4,18,7,2,19
1.2997718914714278,1.2157704946233434,-1.7202028580228972,1.6348916798413717,-0.7247094601436711,5,18,7,2,19
1.3457174157318934,0.9793347873799091,-1.0296111392727447,-0.2824001958759379,-0.5825220710793113,6,18,7,2,23
1.290582786619335,0.6246812265147573,-0.4541180403142843,-0.2824001958759379,-0.5351262747245359,7,18,7,2,23
1.0884224798732856,-0.08462589521554607,0.8119667773943287,-0.2824001958759379,-0.46403258019235594,8,18,7,2,19
0.9689641167960745,-0.7348240901349908,1.0421640169777129,-0.2824001958759379,-0.3810899365714737,9,18,7,2,19
0.7116691809374666,-1.2076955046218598,1.272361256561097,-0.2824001958759379,-0.3336941402166983,10,18,7,2,19
0.7668038100500254,-1.1485865778110012,1.0421640169777129,1.6348916798413717,-0.2981472929506083,11,18,7,2,19
0.7024800760853733,-1.3850222850544356,1.0421640169777129,1.6348916798413717,-0.2981472929506083,12,18,7,2,19
0.7392364954937459,-1.4441312118652943,1.0421640169777129,1.6348916798413717,-0.2626004456845184,13,18,7,2,23
0.7024800760853733,-1.4441312118652943,0.4666709180192524,1.6348916798413717,-0.21520464932972613,14,18,7,2,23
0.6932909712332802,-1.5623490654870116,1.272361256561097,1.6348916798413717,-0.2626004456845184,15,18,7,2,19
0.6473454469728145,-1.6214579922978702,1.0421640169777129,1.6348916798413717,-0.3336941402166983,16,18,7,2,19
0.6657236566770008,-1.503240138676153,0.00627643885248406,1.6348916798413717,-0.32184519112799603,17,18,7,2,19
0.7668038100500254,-1.1485865778110012,0.23647367843586825,1.6348916798413717,-0.20335570024104072,18,18,7,2,19
0.748425600345839,-1.030368724189284,0.23647367843586825,1.6348916798413717,-0.08486620935406852,19,18,7,2,19
0.7024800760853733,-0.853041943756708,-0.22392080073090012,-0.2824001958759379,-0.025621463910590857,20,18,7,2,19
0.674912761529094,-0.7939330169458495,-0.4541180403142843,-0.2110959525641372,0.009925383355499112,21,18,7,2,0
0.7116691809374666,-0.2619526756481219,-0.4541180403142843,-0.2110959525641372,0.009925383355499112,22,18,7,2,0
0.748425600345839,0.2700276656496056,-0.9145125194810526,-0.2110959525641372,0.04547223062158908,23,18,7,2,0
0.7668038100500254,0.683790153325616,-1.259808378856129,-0.2110959525641372,0.10471697606506675,0,19,7,3,0
0.7851820197542116,0.8611169337581918,-0.9145125194810526,-0.2110959525641372,0.06917012879897678,1,19,7,3,0
0.7392364954937459,0.5655722997038988,-1.0296111392727447,-0.2110959525641372,0.06917012879897678,2,19,7,3,0
0.7300473906416528,0.7428990801364745,-0.9145125194810526,-0.2110959525641372,0.04547223062158908,3,19,7,3,0
0.7208582857895597,1.2157704946233434,-1.0296111392727447,-0.2110959525641372,0.06917012879897678,4,19,7,3,19
0.7300473906416528,1.0975526410016263,-1.7202028580228972,1.6348916798413717,0.1758106705972467,5,19,7,3,19
0.7759929149021185,0.5064633728930401,-1.0296111392727447,1.6348916798413717,0.23505541604072436,6,19,7,3,19
0.6565345518249076,-0.2619526756481219,-0.4541180403142843,1.6348916798413717,0.25875331421811204,7,19,7,3,0
0.6289672372686282,-0.6757151633241323,-1.0296111392727447,1.6348916798413717,0.2706022633068143,8,19,7,3,19
0.6565345518249076,-0.7939330169458495,-1.0296111392727447,1.6348916798413717,0.28245121239551657,9,19,7,3,19
0.5830217130081625,-0.9712597973784254,-0.6843152798976685,1.6348916798413717,0.294300161484202,10,19,7,3,23
0.7024800760853733,-0.9121508705675667,-0.9145125194810526,1.6348916798413717,0.329847008750292,11,19,7,3,23
0.6841018663811871,-1.1485865778110012,-1.0296111392727447,1.6348916798413717,0.28245121239551657,12,19,7,3,23
0.5738326081560694,-1.3259133582435771,-0.9145125194810526,1.6348916798413717,0.25875331421811204,13,19,7,3,23
0.5922108178602556,-1.503240138676153,-1.259808378856129,1.6348916798413717,0.19950856877463438,14,19,7,3,23
0.5922108178602556,-1.5623490654870116,-0.22392080073090012,1.6348916798413717,0.18765961968593212,15,19,7,3,23
0.4911306644872311,-1.7396758459195873,-0.4541180403142843,1.6348916798413717,0.18765961968593212,16,19,7,3,19
0.5186979790435104,-1.6805669191087287,0.00627643885248406,1.6348916798413717,0.18765961968593212,17,19,7,3,19
0.5003197693393242,-1.5623490654870116,0.00627643885248406,1.6348916798413717,0.1758106705972467,18,19,7,3,19
0.5462652935997899,-1.3850222850544356,-0.4541180403142843,1.6348916798413717,0.23505541604072436,19,19,7,3,19
0.5462652935997899,-1.2076955046218598,-0.9145125194810526,1.6348916798413717,0.2706022633068143,20,19,7,3,19
0.6105890275644419,-0.9121508705675667,-0.22392080073090012,-0.2110959525641372,0.34169595783899426,21,19,7,3,19
0.674912761529094,-0.6166062365132736,-0.4541180403142843,-0.2110959525641372,0.40094070328247194,22,19,7,3,19
0.5095088741914173,-1.1485865778110012,0.00627643885248406,-0.2110959525641372,0.42463860145985965,23,19,7,3,19
0.6197781324165351,-0.4392794560806978,-0.4541180403142843,-0.2110959525641372,0.4720343978146519,0,20,7,4,0
0.6381563421207214,-0.1437348220264047,0.00627643885248406,-0.2110959525641372,0.5075812450807419,1,20,7,4,0
0.6657236566770008,0.32913659246046423,-0.4541180403142843,-0.2110959525641372,0.4838833469033373,2,20,7,4,0
0.6657236566770008,0.4473544460821815,-0.4541180403142843,-0.2110959525641372,0.46018544872594963,3,20,7,4,0
0.6197781324165351,0.210918738838747,-0.4541180403142843,1.6348916798413717,0.5194301941694273,4,20,7,4,0
0.6197781324165351,0.210918738838747,-0.22392080073090012,1.6348916798413717,0.5431280923468318,5,20,7,4,0
0.6473454469728145,0.03359195840617116,-0.22392080073090012,1.6348916798413717,0.5905238887016072,6,20,7,4,19
0.674912761529094,-0.2619526756481219,-0.6843152798976685,1.6348916798413717,0.6023728377903095,7,20,7,4,19
0.6932909712332802,-0.7348240901349908,-0.6843152798976685,1.6348916798413717,0.6142217868789949,8,20,7,4,19
0.6565345518249076,-0.9712597973784254,-0.4541180403142843,1.6348916798413717,0.6260707359676971,9,20,7,4,19
0.7576147051979323,-0.9712597973784254,-0.22392080073090012,1.6348916798413717,0.6142217868789949,10,20,7,4,19
0.748425600345839,-0.9712597973784254,-0.6843152798976685,1.6348916798413717,0.6142217868789949,11,20,7,4,19
0.6381563421207214,-1.4441312118652943,-1.0296111392727447,1.6348916798413717,0.5431280923468318,12,20,7,4,19
0.7208582857895597,-1.3850222850544356,-0.6843152798976685,1.6348916798413717,0.4720343978146519,13,20,7,4,19
0.6841018663811871,-1.5623490654870116,-0.22392080073090012,1.6348916798413717,0.4364875505485619,14,20,7,4,19
0.674912761529094,-1.6214579922978702,-1.259808378856129,1.6348916798413717,0.37724280510508423,15,20,7,4,19
0.6565345518249076,-1.6805669191087287,-0.4541180403142843,1.6348916798413717,0.34169595783899426,16,20,7,4,19
0.6657236566770008,-1.6214579922978702,-1.259808378856129,1.6348916798413717,0.34169595783899426,17,20,7,4,19
0.6473454469728145,-1.6805669191087287,-1.259808378856129,1.6348916798413717,0.3535449069276797,18,20,7,4,19
0.4635633499309516,-1.8578936995413047,-0.9145125194810526,1.6348916798413717,0.329847008750292,19,20,7,4,19
0.6381563421207214,-1.3850222850544356,-1.0296111392727447,1.6348916798413717,0.34169595783899426,20,20,7,4,19
0.86788396342305,-0.3801705292698392,-1.7202028580228972,-0.2110959525641372,0.36539385601638197,21,20,7,4,0
0.8954512779793296,0.09270088521702978,-1.7202028580228972,-0.2110959525641372,0.37724280510508423,22,20,7,4,0
0.8954512779793296,0.03359195840617116,-1.7202028580228972,-0.2110959525641372,0.36539385601638197,23,20,7,4,0
0.9230185925356088,0.3882455192713229,-1.259808378856129,-0.2110959525641372,0.4127896523711742,0,21,7,5,0
0.9046403828314227,0.32913659246046423,-1.7202028580228972,-0.2110959525641372,0.4127896523711742,1,21,7,5,0
0.9046403828314227,0.9793347873799091,-1.7202028580228972,-0.2110959525641372,0.40094070328247194,2,21,7,5,0
0.8954512779793296,1.274879421434202,-1.7202028580228972,-0.2110959525641372,0.37724280510508423,3,21,7,5,0
0.9505859070918884,1.3339883482450607,-1.7202028580228972,-0.2824001958759379,0.4127896523711742,4,21,7,5,0
0.9138294876835157,1.2157704946233434,-1.259808378856129,1.6348916798413717,0.3890917541937697,5,21,7,5,0
1.0240987459086335,0.8020080069473332,-1.259808378856129,1.6348916798413717,0.4127896523711742,6,21,7,5,0
1.1435571089858443,0.32913659246046423,-1.7202028580228972,1.6348916798413717,0.4483364996372642,7,21,7,5,0
1.070044270169099,-0.1437348220264047,-1.7202028580228972,1.6348916798413717,0.49573229599203955,8,21,7,5,19
1.0976115847253787,-0.3801705292698392,-0.9145125194810526,1.6348916798413717,0.46018544872594963,9,21,7,5,19
1.060855165317006,-0.6166062365132736,-0.6843152798976685,1.6348916798413717,0.4127896523711742,10,21,7,5,19
1.0240987459086335,-1.030368724189284,-0.6843152798976685,1.6348916798413717,0.40094070328247194,11,21,7,5,19
0.8954512779793296,-1.3259133582435771,-1.0296111392727447,1.6348916798413717,0.36539385601638197,12,21,7,5,19
0.8770730682751431,-1.4441312118652943,-0.4541180403142843,1.6348916798413717,0.294300161484202,13,21,7,5,19
1.0057205362044472,-1.3259133582435771,0.23647367843586825,1.6348916798413717,0.24690436512942662,14,21,7,5,23
0.8954512779793296,-1.503240138676153,0.23647367843586825,1.6348916798413717,0.19950856877463438,15,21,7,5,23
0.9689641167960745,-1.3850222850544356,0.00627643885248406,1.6348916798413717,0.16396172150854443,16,21,7,5,23
0.8770730682751431,-1.6214579922978702,0.00627643885248406,1.6348916798413717,0.09286802697636448,17,21,7,5,19
0.7576147051979323,-1.7396758459195873,0.00627643885248406,1.6348916798413717,0.06917012879897678,18,21,7,5,19
0.8403166488667705,-1.503240138676153,-0.22392080073090012,-0.2824001958759379,0.009925383355499112,19,21,7,5,23
1.0057205362044472,-1.030368724189284,-0.22392080073090012,-0.2110959525641372,0.03362328153288681,20,21,7,5,23
0.9505859070918884,-0.9121508705675667,-1.259808378856129,-0.2110959525641372,0.152112772419859,21,21,7,5,23
1.1711244235421239,-0.3210616024589805,-1.259808378856129,-0.2110959525641372,0.16396172150854443,22,21,7,5,23
1.0884224798732856,-0.4983883828915564,-0.6843152798976685,-0.2110959525641372,0.16396172150854443,23,21,7,5,1
1.1343680041337512,-0.3801705292698392,-0.4541180403142843,-0.2110959525641372,0.16396172150854443,0,22,7,6,1
1.180313528394217,-0.2028437488372633,-0.22392080073090012,-0.2110959525641372,0.14026382333115672,1,22,7,6,23
1.2262590526546826,-0.025516968404687458,0.00627643885248406,-0.2110959525641372,0.09286802697636448,2,22,7,6,23
1.125178899281658,-0.3210616024589805,0.00627643885248406,-0.2110959525641372,0.08101907788767905,3,22,7,6,23
1.1711244235421239,-0.08462589521554607,0.00627643885248406,-0.2110959525641372,0.11656592515376903,4,22,7,6,19
1.125178899281658,-0.2028437488372633,0.00627643885248406,1.6348916798413717,0.152112772419859,5,22,7,6,23
1.1527462138379374,-0.2028437488372633,0.23647367843586825,1.6348916798413717,0.19950856877463438,6,22,7,6,19
1.1986917380984032,-0.1437348220264047,0.4666709180192524,1.6348916798413717,0.2232064669520221,7,22,7,6,23
1.3457174157318934,0.09270088521702978,0.4666709180192524,1.6348916798413717,0.24690436512942662,8,22,7,6,19
1.4100411496965455,-0.2028437488372633,1.272361256561097,1.6348916798413717,0.21135751786333665,9,22,7,6,19
1.4651757788091044,-0.2028437488372633,0.8119667773943287,1.6348916798413717,0.1758106705972467,10,22,7,6,19
1.474364883661198,-0.3801705292698392,1.0421640169777129,1.6348916798413717,0.12841487424245446,11,22,7,6,19
1.4467975691049182,-0.6757151633241323,0.8119667773943287,1.6348916798413717,0.11656592515376903,12,22,7,6,19
1.492743093365384,-0.6757151633241323,0.5817695378109445,1.6348916798413717,0.06917012879897678,13,22,7,6,19
1.4651757788091044,-0.7348240901349908,0.5817695378109445,1.6348916798413717,0.04547223062158908,14,22,7,6,23
1.5294995127737565,-0.9121508705675667,0.5817695378109445,1.6348916798413717,0.009925383355499112,15,22,7,6,23
1.4008520448444526,-1.1485865778110012,1.0421640169777129,1.6348916798413717,-0.03747041299929313,16,22,7,6,23
1.4100411496965455,-0.9712597973784254,0.23647367843586825,-0.2824001958759379,-0.03747041299929313,17,22,7,6,23
1.318150101175614,-1.2076955046218598,0.5817695378109445,1.6348916798413717,-0.07301726026538309,18,22,7,6,23
1.244637262358869,-1.2076955046218598,0.5817695378109445,-0.2824001958759379,-0.07301726026538309,19,22,7,6,23
1.373284730288173,-0.7348240901349908,-0.22392080073090012,-0.2110959525641372,-0.0019235657332031574,20,22,7,6,19
1.3273392060277072,-0.7348240901349908,0.00627643885248406,-0.2110959525641372,0.021774332444184544,21,22,7,6,23
1.3640956254360797,-0.4392794560806978,-0.4541180403142843,-0.2110959525641372,-0.04931936208797856,22,22,7,6,0
1.4008520448444526,-0.2028437488372633,-0.6843152798976685,-0.2110959525641372,-0.025621463910590857,23,22,7,6,19
1.3916629399923592,-0.025516968404687458,-0.4541180403142843,-0.2110959525641372,-0.04931936208797856,0,23,7,0,19
1.3824738351402663,-0.08462589521554607,-0.4541180403142843,-0.2110959525641372,-0.061168311176680826,1,23,7,0,19
1.4008520448444526,0.09270088521702978,-0.6843152798976685,-0.2110959525641372,-0.08486620935406852,2,23,7,0,23
1.4192302545486388,0.2700276656496056,-0.6843152798976685,-0.2110959525641372,-0.0967151584427708,3,23,7,0,19
1.428419359400732,0.3882455192713229,-0.4541180403142843,-0.2824001958759379,-0.13226200570886076,4,23,7,0,23
1.4008520448444526,0.2700276656496056,-0.22392080073090012,-0.2824001958759379,-0.13226200570886076,5,23,7,0,1
1.4467975691049182,0.32913659246046423,-0.22392080073090012,-0.2824001958759379,-0.13226200570886076,6,23,7,0,1
1.5019321982174771,0.32913659246046423,0.23647367843586825,-0.2824001958759379,-0.19150675115233842,7,23,7,0,1
1.557066827330036,0.2700276656496056,0.4666709180192524,-0.2824001958759379,-0.2270535984184284,8,23,7,0,1
1.5846341418863155,-0.025516968404687458,0.4666709180192524,1.6348916798413717,-0.34554308930538374,9,23,7,0,19
1.68571429525934,-0.025516968404687458,0.5817695378109445,1.6348916798413717,-0.4166367838375637,10,23,7,0,19
1.6673360855551538,-0.1437348220264047,0.00627643885248406,1.6348916798413717,-0.48773047836974365,11,23,7,0,19
1.6305796661467813,-0.4392794560806978,-0.22392080073090012,1.6348916798413717,-0.5706731219906258,12,23,7,0,19
1.6397687709988742,-0.6757151633241323,-0.4541180403142843,1.6348916798413717,-0.7010115619662834,13,23,7,0,19
1.5754450370342223,-0.9121508705675667,0.23647367843586825,1.6348916798413717,-0.8313500019419411,14,23,7,0,23
1.5478777224779428,-0.853041943756708,-0.4541180403142843,-0.2824001958759379,-1.0209331873610763,15,23,7,0,1
1.5203104079216636,-0.9121508705675667,-0.6843152798976685,-0.2824001958759379,-1.0683289837158518,16,23,7,0,1
1.4376084642528248,1.5113151286776365,-1.259808378856129,-0.2824001958759379,-0.9616884419175986,17,23,7,0,46
1.5203104079216636,1.3930972750559194,1.7327557357278653,-0.6626894935388755,-1.0209331873610763,18,23,7,0,46
1.4651757788091044,1.156661567812485,0.5817695378109445,-0.2824001958759379,-1.1512716273367338,19,23,7,0,24
1.4651757788091044,1.0975526410016263,-0.6843152798976685,-0.2110959525641372,-1.2697611182236892,20,23,7,0,1
1.3916629399923592,1.8068597627319296,-0.4541180403142843,-1.6847169810080203,-0.9261415946515087,21,23,7,0,47
1.4192302545486388,1.6886419091102125,-0.9145125194810526,-1.6847169810080203,-1.1986674236915094,22,23,7,0,47
1.483553988513291,1.6295329822993538,-0.4541180403142843,-0.2110959525641372,-1.3290058636671669,23,23,7,0,1
1.4467975691049182,1.5704240554884952,-1.0296111392727447,-0.2110959525641372,-1.4356464054654368,0,24,7,1,1
1.4467975691049182,1.5113151286776365,-0.4541180403142843,-0.2110959525641372,-1.5304379981750045,1,24,7,1,23
1.4467975691049182,1.5704240554884952,-1.7202028580228972,-0.2110959525641372,-1.5422869472637069,2,24,7,1,1
1.4100411496965455,1.8068597627319296,-1.259808378856129,-0.2110959525641372,-1.5659848454410945,3,24,7,1,19
1.4651757788091044,1.8068597627319296,-0.9145125194810526,-0.9162156919808337,-1.5422869472637069,4,24,7,1,23
1.474364883661198,1.6295329822993538,-1.0296111392727447,-0.2824001958759379,-1.5067400999976168,5,24,7,1,23
1.5019321982174771,1.3930972750559194,-0.9145125194810526,-0.2824001958759379,-1.4830422018202292,6,24,7,1,19
1.5386886176258499,1.156661567812485,-0.22392080073090012,-0.2824001958759379,-1.4237974563767515,7,24,7,1,19
1.5294995127737565,0.8020080069473332,-0.22392080073090012,-0.2824001958759379,-1.376401660021959,8,24,7,1,19
1.4008520448444526,0.1518098120278884,0.4666709180192524,-0.2824001958759379,-1.3290058636671669,9,24,7,1,23
1.253826367210962,-0.3210616024589805,0.4666709180192524,-0.2824001958759379,-1.3053079654897792,10,24,7,1,23
1.318150101175614,-0.025516968404687458,0.23647367843586825,-0.2824001958759379,-1.2934590164010937,11,24,7,1,1
1.318150101175614,-0.08462589521554607,0.8119667773943287,-0.2824001958759379,-1.2697611182236892,12,24,7,1,23
1.1068006895774718,-0.6757151633241323,1.7327557357278653,-0.2824001958759379,-1.1986674236915094,13,24,7,1,19
0.8862621731272362,-1.2668044314327185,1.5025584961444813,1.6348916798413717,-1.115724780070644,14,24,7,1,23
0.7208582857895597,-1.3259133582435771,1.0421640169777129,1.6348916798413717,-1.080177932804554,15,24,7,1,23
0.8403166488667705,-1.2076955046218598,0.5817695378109445,1.6348916798413717,-1.0683289837158518,16,24,7,1,23
0.8219384391625842,-1.1485865778110012,1.0421640169777129,1.6348916798413717,-1.0209331873610763,17,24,7,1,23
0.8495057537188638,-0.9121508705675667,0.00627643885248406,-0.2824001958759379,-0.9498394928288963,18,24,7,1,23
0.8219384391625842,-0.853041943756708,0.00627643885248406,-0.2110959525641372,-0.9024436964741042,19,24,7,1,23
0.8862621731272362,-0.5574973097024151,0.23647367843586825,-0.2110959525641372,-0.8431989510306265,20,24,7,1,23
0.8862621731272362,-0.3210616024589805,0.23647367843586825,-0.2110959525641372,-0.7602563074097611,21,24,7,1,23
0.8954512779793296,-0.1437348220264047,0.4666709180192524,-0.2110959525641372,-0.7128605110549688,22,24,7,1,19
0.9138294876835157,0.1518098120278884,0.23647367843586825,-0.2110959525641372,-0.6536157656114912,23,24,7,1,0
0.9046403828314227,0.5064633728930401,-0.4541180403142843,-0.2110959525641372,-0.5943710201680136,0,25,7,2,0
0.86788396342305,0.6246812265147573,-1.259808378856129,-0.2110959525641372,-0.5825220710793113,1,25,7,2,0
0.9138294876835157,0.9202258605690504,-0.6843152798976685,-0.2110959525641372,-0.5469752238132213,2,25,7,2,0
0.9138294876835157,0.9202258605690504,-0.4541180403142843,-0.2110959525641372,-0.4758815292810413,3,25,7,2,0
0.8862621731272362,1.0975526410016263,-0.9145125194810526,-0.2110959525641372,-0.42848573292626596,4,25,7,2,0
0.8770730682751431,1.274879421434202,-0.9145125194810526,-0.2824001958759379,-0.40478783474887825,5,25,7,2,0
0.9781532216481676,0.8611169337581918,-0.4541180403142843,-0.2824001958759379,-0.34554308930538374,6,25,7,2,0
0.8862621731272362,0.210918738838747,-0.22392080073090012,-0.2824001958759379,-0.28629834386190606,7,25,7,2,0
0.9413968022397953,0.03359195840617116,-0.22392080073090012,-0.2824001958759379,-0.2981472929506083,8,25,7,2,0
0.9505859070918884,-0.1437348220264047,-0.4541180403142843,1.6348916798413717,-0.30999624203929377,9,25,7,2,0
0.9230185925356088,-0.5574973097024151,-0.4541180403142843,1.6348916798413717,-0.20335570024104072,10,25,7,2,0
1.0057205362044472,-0.6166062365132736,-0.22392080073090012,1.6348916798413717,-0.34554308930538374,11,25,7,2,19
0.9322076973877019,-0.9121508705675667,-0.6843152798976685,1.6348916798413717,-0.34554308930538374,12,25,7,2,19
0.9689641167960745,-0.9121508705675667,0.4666709180192524,1.6348916798413717,-0.46403258019235594,13,25,7,2,23
1.0149096410565404,-0.853041943756708,0.8119667773943287,1.6348916798413717,-0.5232773256358336,14,25,7,2,23
1.0149096410565404,-1.030368724189284,0.4666709180192524,1.6348916798413717,-0.5588241729019235,15,25,7,2,23
1.0332878507607266,-0.9712597973784254,0.8119667773943287,1.6348916798413717,-0.6417668165227889,16,25,7,2,1
0.8954512779793296,-1.1485865778110012,1.5025584961444813,1.6348916798413717,-0.7010115619662834,17,25,7,2,1
0.9689641167960745,-0.9712597973784254,0.5817695378109445,-0.2824001958759379,-0.7247094601436711,18,25,7,2,1
0.9505859070918884,-0.9121508705675667,0.23647367843586825,-0.2110959525641372,-0.8076521037645366,19,25,7,2,1
0.86788396342305,-1.0894776510001425,0.00627643885248406,-0.2110959525641372,-0.8431989510306265,20,25,7,2,1
1.0149096410565404,-0.4392794560806978,-0.22392080073090012,-0.2110959525641372,-0.8787457982967164,21,25,7,2,1
1.0332878507607266,-0.2619526756481219,-0.22392080073090012,-0.2110959525641372,-0.9024436964741042,22,25,7,2,1
0.9965314313523541,-0.2619526756481219,-0.4541180403142843,-0.2110959525641372,-0.9024436964741042,23,25,7,2,25
1.0884224798732856,-0.1437348220264047,-0.22392080073090012,-0.2110959525641372,-0.9735373910062841,0,26,7,3,25
1.0424769556128197,-0.08462589521554607,-0.22392080073090012,-0.2110959525641372,-1.0327821364497618,1,26,7,3,23
1.0332878507607266,-0.08462589521554607,-0.4541180403142843,-0.2110959525641372,-1.1038758309819416,2,26,7,3,23
1.0884224798732856,0.03359195840617116,-0.6843152798976685,-0.2110959525641372,-1.1631205764254362,3,26,7,3,1
1.070044270169099,-0.025516968404687458,-1.0296111392727447,-0.2110959525641372,-1.2460632200463015,4,26,7,3,1
1.125178899281658,0.2700276656496056,-0.9145125194810526,-0.2824001958759379,-1.2697611182236892,5,26,7,3,1
1.1895026332463101,0.5655722997038988,-0.6843152798976685,-0.9162156919808337,-1.2342142709575994,6,26,7,3,24
1.2354481575067757,0.8020080069473332,-0.9145125194810526,-0.2824001958759379,-1.2460632200463015,7,26,7,3,1
1.1435571089858443,0.210918738838747,-1.259808378856129,-0.2824001958759379,-1.257912169135004,8,26,7,3,1
1.1711244235421239,0.2700276656496056,-0.6843152798976685,-0.2824001958759379,-1.2816100673123916,9,26,7,3,1
1.2630154720630553,0.5064633728930401,-0.4541180403142843,-0.2824001958759379,-1.2934590164010937,10,26,7,3,1
1.373284730288173,0.5064633728930401,-0.9145125194810526,-0.2824001958759379,-1.3290058636671669,11,26,7,3,23
1.253826367210962,0.3882455192713229,-1.0296111392727447,-0.2824001958759379,-1.3527037618445714,12,26,7,3,1
1.253826367210962,0.32913659246046423,-1.259808378856129,-0.2824001958759379,-1.364552710933257,13,26,7,3,1
1.3089609963235211,0.3882455192713229,-1.0296111392727447,-0.2824001958759379,-1.411948507288049,14,26,7,3,1
1.2997718914714278,0.4473544460821815,-1.259808378856129,-0.2824001958759379,-1.411948507288049,15,26,7,3,1
1.2997718914714278,0.2700276656496056,-0.9145125194810526,-0.2824001958759379,-1.4474953545541391,16,26,7,3,1
1.2722045769151482,0.2700276656496056,-0.9145125194810526,-0.2824001958759379,-1.411948507288049,17,26,7,3,1
1.2813936817672416,0.32913659246046423,-0.4541180403142843,-0.2824001958759379,-1.376401660021959,18,26,7,3,1
1.373284730288173,0.7428990801364745,-0.4541180403142843,-0.2824001958759379,-1.3408548127558693,19,26,7,3,1
1.3824738351402663,0.9202258605690504,-1.259808378856129,-0.2824001958759379,-1.3171569145784816,20,26,7,3,23
1.373284730288173,0.9793347873799091,-1.259808378856129,-0.2110959525641372,-1.2816100673123916,21,26,7,3,23
1.373284730288173,1.452206201866778,-1.7202028580228972,-0.2110959525641372,-1.3171569145784816,22,26,7,3,19
1.373284730288173,1.5113151286776365,-1.7202028580228972,-0.2110959525641372,-1.257912169135004,23,26,7,3,23
1.3457174157318934,1.5704240554884952,-1.7202028580228972,-0.2110959525641372,-1.2342142709575994,0,27,7,4,19
1.2813936817672416,1.6886419091102125,-1.7202028580228972,-0.2110959525641372,-1.1868184746028239,1,27,7,4,23
1.2630154720630553,1.6886419091102125,-1.259808378856129,-0.2110959525641372,-1.1512716273367338,2,27,7,4,19
1.1711244235421239,1.6886419091102125,-1.259808378856129,-0.2110959525641372,-1.1275737291593462,3,27,7,4,23
1.253826367210962,1.452206201866778,-1.7202028580228972,-0.2110959525641372,-1.0209331873610763,4,27,7,4,19
1.1986917380984032,1.6886419091102125,-0.9145125194810526,-0.2824001958759379,-0.8550479001193287,5,27,7,4,23
1.1711244235421239,0.8611169337581918,0.23647367843586825,-0.2824001958759379,-0.8431989510306265,6,27,7,4,23
1.0792333750211924,0.3882455192713229,1.0421640169777129,-0.2824001958759379,-0.7247094601436711,7,27,7,4,23
1.0792333750211924,0.09270088521702978,-0.22392080073090012,-0.2824001958759379,-0.7010115619662834,8,27,7,4,23
1.0976115847253787,-0.08462589521554607,-0.9145125194810526,-0.2824001958759379,-0.6417668165227889,9,27,7,4,23
1.1711244235421239,-0.08462589521554607,-1.0296111392727447,-0.2824001958759379,-0.6180689183454012,10,27,7,4,19
1.2813936817672416,-0.1437348220264047,-1.259808378856129,-0.2824001958759379,-0.5943710201680136,11,27,7,4,19
1.1986917380984032,-0.4983883828915564,-1.0296111392727447,-0.2824001958759379,-0.5825220710793113,12,27,7,4,19
1.244637262358869,-0.5574973097024151,-1.7202028580228972,-0.2824001958759379,-0.5943710201680136,13,27,7,4,19
1.3089609963235211,-0.7348240901349908,-1.7202028580228972,-0.2824001958759379,-0.5706731219906258,14,27,7,4,19
1.3273392060277072,-0.6166062365132736,-0.4541180403142843,-0.2824001958759379,-0.5351262747245359,15,27,7,4,23
1.2354481575067757,-0.7348240901349908,-1.0296111392727447,-0.2824001958759379,-0.4995794274584459,16,27,7,4,23
1.2170699478025897,-0.7939330169458495,-1.0296111392727447,-0.2824001958759379,-0.46403258019235594,17,27,7,4,23
1.1619353186900305,-0.9712597973784254,-0.9145125194810526,-0.2824001958759379,-0.40478783474887825,18,27,7,4,23
1.3273392060277072,-0.08462589521554607,-1.259808378856129,-0.2824001958759379,-0.3692409874827883,19,27,7,4,19
1.290582786619335,0.09270088521702978,-1.0296111392727447,-0.2824001958759379,-0.2981472929506083,20,27,7,4,19
1.290582786619335,0.3882455192713229,-1.259808378856129,-0.2110959525641372,-0.2270535984184284,21,27,7,4,19
1.2354481575067757,0.2700276656496056,-1.7202028580228972,-0.2110959525641372,-0.20335570024104072,22,27,7,4,19
1.2997718914714278,0.5064633728930401,-1.7202028580228972,-0.2110959525641372,-0.15595990388624847,23,27,7,4,23
1.3089609963235211,0.09270088521702978,-0.6843152798976685,-0.2110959525641372,-0.1204130566201585,0,28,7,5,23
0.8127493343104911,-1.030368724189284,-1.259808378856129,-0.2110959525641372,-0.04931936208797856,1,28,7,5,19
0.8586948585709568,-0.6166062365132736,-0.22392080073090012,-0.2110959525641372,0.009925383355499112,2,28,7,5,23
1.0792333750211924,0.5064633728930401,-0.4541180403142843,-0.2110959525641372,0.04547223062158908,3,28,7,5,23
0.8770730682751431,0.1518098120278884,-0.22392080073090012,-0.2110959525641372,0.10471697606506675,4,28,7,5,23
0.7943711246063048,-0.025516968404687458,0.00627643885248406,1.6348916798413717,0.152112772419859,5,28,7,5,23
0.8219384391625842,-0.1437348220264047,0.23647367843586825,1.6348916798413717,0.1758106705972467,6,28,7,5,23
0.7851820197542116,-0.5574973097024151,0.00627643885248406,1.6348916798413717,0.19950856877463438,7,28,7,5,23
0.8219384391625842,-0.6166062365132736,0.23647367843586825,1.6348916798413717,0.23505541604072436,8,28,7,5,23
0.8954512779793296,-0.4983883828915564,0.4666709180192524,1.6348916798413717,0.23505541604072436,9,28,7,5,23
0.9413968022397953,-0.6166062365132736,0.00627643885248406,1.6348916798413717,0.28245121239551657,10,28,7,5,23
1.0516660604649128,-0.7939330169458495,0.5817695378109445,1.6348916798413717,0.24690436512942662,11,28,7,5,1
1.070044270169099,-0.7348240901349908,-0.22392080073090012,1.6348916798413717,0.16396172150854443,12,28,7,5,1
0.8862621731272362,-1.3850222850544356,-0.22392080073090012,1.6348916798413717,0.11656592515376903,13,28,7,5,1
0.7851820197542116,-1.7396758459195873,-0.22392080073090012,1.6348916798413717,0.09286802697636448,14,28,7,5,23
0.7943711246063048,-1.7396758459195873,0.8119667773943287,1.6348916798413717,0.08101907788767905,15,28,7,5,23
0.8586948585709568,-1.503240138676153,0.23647367843586825,1.6348916798413717,0.05732117971027451,16,28,7,5,23
0.7392364954937459,-1.7396758459195873,0.23647367843586825,1.6348916798413717,0.05732117971027451,17,28,7,5,23
0.7116691809374666,-1.798784772730446,0.00627643885248406,1.6348916798413717,0.11656592515376903,18,28,7,5,23
0.7024800760853733,-1.7396758459195873,-0.22392080073090012,1.6348916798413717,0.11656592515376903,19,28,7,5,23
0.7576147051979323,-1.503240138676153,-0.6843152798976685,-0.2824001958759379,0.10471697606506675,20,28,7,5,23
0.8495057537188638,-1.030368724189284,-1.259808378856129,-0.2110959525641372,0.10471697606506675,21,28,7,5,19
0.9689641167960745,-0.08462589521554607,-0.9145125194810526,-0.2110959525641372,0.12841487424245446,22,28,7,5,19
1.0332878507607266,0.2700276656496056,-0.6843152798976685,-0.2110959525641372,0.152112772419859,23,28,7,5,19
1.0240987459086335,0.3882455192713229,-0.6843152798976685,-0.2110959525641372,0.152112772419859,0,29,7,6,0
1.0240987459086335,0.3882455192713229,-0.22392080073090012,-0.2110959525641372,0.12841487424245446,1,29,7,6,0
0.9505859070918884,0.32913659246046423,0.00627643885248406,-0.2110959525641372,0.12841487424245446,2,29,7,6,0
0.7576147051979323,-0.08462589521554607,0.00627643885248406,-0.2110959525641372,0.10471697606506675,3,29,7,6,19
0.748425600345839,-0.025516968404687458,-0.22392080073090012,-0.2110959525641372,0.11656592515376903,4,29,7,6,19
0.7576147051979323,0.09270088521702978,-0.22392080073090012,1.6348916798413717,0.21135751786333665,5,29,7,6,19
0.7943711246063048,-0.08462589521554607,0.00627643885248406,1.6348916798413717,0.25875331421811204,6,29,7,6,19
0.8954512779793296,-0.2028437488372633,0.00627643885248406,-0.2824001958759379,0.28245121239551657,7,29,7,6,19
0.987342326500261,-0.2619526756481219,-0.22392080073090012,-0.2824001958759379,0.3061491105729043,8,29,7,6,19
1.125178899281658,-0.2619526756481219,-0.6843152798976685,1.6348916798413717,0.294300161484202,9,29,7,6,19
1.318150101175614,-0.1437348220264047,-0.9145125194810526,1.6348916798413717,0.2706022633068143,10,29,7,6,19
1.2997718914714278,-0.3801705292698392,-0.4541180403142843,1.6348916798413717,0.24690436512942662,11,29,7,6,19
1.373284730288173,-0.6166062365132736,-1.0296111392727447,1.6348916798413717,0.18765961968593212,12,29,7,6,19
1.373284730288173,-0.6166062365132736,-0.6843152798976685,1.6348916798413717,0.14026382333115672,13,29,7,6,19
1.3640956254360797,-0.7348240901349908,-1.259808378856129,1.6348916798413717,0.08101907788767905,14,29,7,6,19
1.3916629399923592,-0.7939330169458495,-0.4541180403142843,1.6348916798413717,0.04547223062158908,15,29,7,6,19
1.373284730288173,-0.7939330169458495,-1.7202028580228972,1.6348916798413717,0.009925383355499112,16,29,7,6,19
1.318150101175614,-0.7939330169458495,-0.9145125194810526,1.6348916798413717,-0.025621463910590857,17,29,7,6,19
1.318150101175614,-0.7348240901349908,-1.0296111392727447,1.6348916798413717,-0.0019235657332031574,18,29,7,6,19
1.3640956254360797,-0.6166062365132736,-1.0296111392727447,1.6348916798413717,0.03362328153288681,19,29,7,6,23
1.3549065205839868,-0.4983883828915564,-0.6843152798976685,-0.2824001958759379,0.08101907788767905,20,29,7,6,23
1.4467975691049182,-0.1437348220264047,-0.4541180403142843,-0.2110959525641372,0.11656592515376903,21,29,7,6,19
1.557066827330036,0.9202258605690504,-1.259808378856129,-0.2110959525641372,0.12841487424245446,22,29,7,6,19
1.474364883661198,1.0384437141907676,-1.259808378856129,-0.2110959525641372,0.152112772419859,23,29,7,6,0
1.3824738351402663,0.5655722997038988,-1.7202028580228972,-0.2110959525641372,0.14026382333115672,0,30,7,0,19
1.3457174157318934,1.0384437141907676,-1.0296111392727447,-0.2110959525641372,0.12841487424245446,1,30,7,0,19
1.474364883661198,1.2157704946233434,-1.0296111392727447,-0.2110959525641372,0.11656592515376903,2,30,7,0,0
1.4467975691049182,1.156661567812485,-1.259808378856129,-0.2110959525641372,0.09286802697636448,3,30,7,0,0
1.1986917380984032,0.8020080069473332,-1.0296111392727447,-0.2110959525641372,0.19950856877463438,4,30,7,0,19
1.2997718914714278,1.5113151286776365,-1.7202028580228972,-0.2824001958759379,0.25875331421811204,5,30,7,0,19
1.318150101175614,0.7428990801364745,-1.0296111392727447,-0.2824001958759379,0.2706022633068143,6,30,7,0,19
1.3457174157318934,0.5064633728930401,-1.0296111392727447,1.6348916798413717,0.3061491105729043,7,30,7,0,19
1.2997718914714278,0.1518098120278884,-0.9145125194810526,1.6348916798413717,0.3061491105729043,8,30,7,0,0
1.318150101175614,-0.2028437488372633,-0.9145125194810526,1.6348916798413717,0.3061491105729043,9,30,7,0,19
1.2170699478025897,-0.6166062365132736,0.00627643885248406,1.6348916798413717,0.28245121239551657,10,30,7,0,19
1.1435571089858443,-0.9712597973784254,0.00627643885248406,1.6348916798413717,0.25875331421811204,11,30,7,0,19
1.2170699478025897,-1.030368724189284,0.4666709180192524,1.6348916798413717,0.19950856877463438,12,30,7,0,19
1.1895026332463101,-1.3259133582435771,0.00627643885248406,1.6348916798413717,0.14026382333115672,13,30,7,0,23
1.2262590526546826,-1.3850222850544356,0.23647367843586825,1.6348916798413717,0.09286802697636448,14,30,7,0,1
1.0057205362044472,-1.6805669191087287,0.23647367843586825,1.6348916798413717,0.05732117971027451,15,30,7,0,1
1.0792333750211924,-1.6805669191087287,-0.6843152798976685,1.6348916798413717,-0.013772514821888588,16,30,7,0,1
0.9505859070918884,-1.8578936995413047,-0.6843152798976685,1.6348916798413717,-0.025621463910590857,17,30,7,0,1
1.180313528394217,-1.2668044314327185,-0.22392080073090012,1.6348916798413717,-0.04931936208797856,18,30,7,0,19
1.2722045769151482,-0.853041943756708,-0.4541180403142843,1.6348916798413717,-0.04931936208797856,19,30,7,0,19
1.2813936817672416,-0.4983883828915564,-0.9145125194810526,1.6348916798413717,-0.04931936208797856,20,30,7,0,19
1.318150101175614,-0.2619526756481219,-0.4541180403142843,-0.2110959525641372,-0.061168311176680826,21,30,7,0,0
1.3824738351402663,0.03359195840617116,-0.6843152798976685,-0.2110959525641372,-0.061168311176680826,22,30,7,0,0
1.3916629399923592,0.32913659246046423,-1.0296111392727447,-0.2110959525641372,-0.03747041299929313,23,30,7,0,19
1.5111213030695703,0.8611169337581918,-1.0296111392727447,-0.2110959525641372,-0.025621463910590857,0,31,7,1,19
1.4192302545486388,0.8020080069473332,-0.6843152798976685,-0.2110959525641372,-0.025621463910590857,1,31,7,1,19
1.290582786619335,0.3882455192713229,-0.22392080073090012,-0.2110959525641372,-0.03747041299929313,2,31,7,1,19
1.244637262358869,0.6246812265147573,-0.22392080073090012,-0.2110959525641372,-0.03747041299929313,3,31,7,1,0
1.2170699478025897,0.7428990801364745,-0.6843152798976685,-0.2110959525641372,-0.025621463910590857,4,31,7,1,19
1.3365283108798005,0.9793347873799091,-0.4541180403142843,-0.2110959525641372,-0.013772514821888588,5,31,7,1,19
1.3916629399923592,0.8020080069473332,-0.9145125194810526,1.6348916798413717,-0.0019235657332031574,6,31,7,1,19
1.4376084642528248,0.5064633728930401,-0.6843152798976685,1.6348916798413717,-0.025621463910590857,7,31,7,1,0
1.4651757788091044,0.210918738838747,-0.6843152798976685,1.6348916798413717,-0.03747041299929313,8,31,7,1,0
1.557066827330036,0.03359195840617116,-0.9145125194810526,-0.2824001958759379,-0.08486620935406852,9,31,7,1,19
1.5846341418863155,-0.2028437488372633,-0.4541180403142843,-0.2824001958759379,-0.0967151584427708,10,31,7,1,19
1.6765251904072471,-0.2619526756481219,-0.22392080073090012,-0.2824001958759379,-0.1441109547975462,11,31,7,1,19
1.6673360855551538,-0.3801705292698392,0.4666709180192524,-0.2824001958759379,-0.21520464932972613,12,31,7,1,19
1.5294995127737565,-0.6757151633241323,0.4666709180192524,-0.2824001958759379,-0.30999624203929377,13,31,7,1,19
1.455986673957011,-0.853041943756708,0.5817695378109445,-0.2824001958759379,-0.4166367838375637,14,31,7,1,19
1.455986673957011,-0.853041943756708,0.4666709180192524,-0.2824001958759379,-0.48773047836974365,15,31,7,1,19
1.5203104079216636,-0.6757151633241323,0.8119667773943287,-0.2824001958759379,-0.5588241729019235,16,31,7,1,23
1.3916629399923592,-0.7939330169458495,0.5817695378109445,-0.2824001958759379,-0.5943710201680136,17,31,7,1,23
1.5386886176258499,0.09270088521702978,0.23647367843586825,-0.2824001958759379,-0.6180689183454012,18,31,7,1,23
1.4467975691049182,-0.025516968404687458,0.8119667773943287,-0.2824001958759379,-0.5943710201680136,19,31,7,1,25
1.483553988513291,0.7428990801364745,2.3082488346863257,-1.4232680888647506,-0.48773047836974365,20,31,7,1,48
1.492743093365384,0.6246812265147573,-0.22392080073090012,-0.2110959525641372,-0.4758815292810413,21,31,7,1,47
1.5478777224779428,0.8020080069473332,-0.9145125194810526,-0.2110959525641372,-0.5706731219906258,22,31,7,1,23
1.5294995127737565,1.0384437141907676,-1.259808378856129,-0.2110959525641372,-0.6299178674341035,23,31,7,1,19
1.5846341418863155,1.5113151286776365,-1.7202028580228972,-0.2110959525641372,-0.6180689183454012,0,1,8,2,19
1.5662559321821294,1.452206201866778,-1.259808378856129,-0.2110959525641372,-0.606219969256699,1,1,8,2,0
1.5203104079216636,1.156661567812485,-0.6843152798976685,-0.2110959525641372,-0.5943710201680136,2,1,8,2,23
1.5111213030695703,1.274879421434202,-0.6843152798976685,-0.2110959525641372,-0.606219969256699,3,1,8,2,1
1.483553988513291,1.2157704946233434,-1.0296111392727447,-0.2110959525641372,-0.5706731219906258,4,1,8,2,23
1.428419359400732,1.0384437141907676,-0.6843152798976685,-0.2110959525641372,-0.5588241729019235,5,1,8,2,1
1.474364883661198,1.274879421434202,-0.9145125194810526,-0.2110959525641372,-0.5114283765471314,6,1,8,2,25
1.483553988513291,1.2157704946233434,-0.4541180403142843,-0.2824001958759379,-0.48773047836974365,7,1,8,2,1
1.5019321982174771,1.156661567812485,-0.6843152798976685,-0.2824001958759379,-0.4758815292810413,8,1,8,2,1
1.5019321982174771,0.9202258605690504,-0.22392080073090012,-0.2824001958759379,-0.48773047836974365,9,1,8,2,1
1.5478777224779428,0.4473544460821815,-0.22392080073090012,-0.2824001958759379,-0.5351262747245359,10,1,8,2,23
1.4192302545486388,0.09270088521702978,0.23647367843586825,-0.2824001958759379,-0.5351262747245359,11,1,8,2,23
1.474364883661198,-0.025516968404687458,-0.22392080073090012,-0.2824001958759379,-0.5825220710793113,12,1,8,2,19
1.4376084642528248,-0.2619526756481219,0.00627643885248406,-0.2824001958759379,-0.6417668165227889,13,1,8,2,19
1.5294995127737565,-0.2619526756481219,0.00627643885248406,-0.2824001958759379,-0.6773136637888789,14,1,8,2,19
1.474364883661198,-0.4983883828915564,-0.22392080073090012,-0.2824001958759379,-0.7010115619662834,15,1,8,2,19
1.483553988513291,-0.5574973097024151,-0.6843152798976685,-0.2824001958759379,-0.7721052564984465,16,1,8,2,19
1.5111213030695703,-0.4392794560806978,-0.22392080073090012,-0.2824001958759379,-0.795803154675851,17,1,8,2,19
1.5019321982174771,-0.3801705292698392,0.00627643885248406,-0.2824001958759379,-0.7839542055871488,18,1,8,2,19
1.5294995127737565,-0.1437348220264047,-0.22392080073090012,-0.2824001958759379,-0.7010115619662834,19,1,8,2,23
1.5203104079216636,-0.025516968404687458,0.00627643885248406,-0.2110959525641372,-0.6773136637888789,20,1,8,2,23
1.6305796661467813,0.9793347873799091,-1.0296111392727447,-0.2110959525641372,-0.6654647147001934,21,1,8,2,19
1.6305796661467813,0.683790153325616,-0.9145125194810526,-0.2110959525641372,-0.6299178674341035,22,1,8,2,19
1.5846341418863155,0.6246812265147573,-1.0296111392727447,-0.2110959525641372,-0.6536157656114912,23,1,8,2,19
1.5846341418863155,0.6246812265147573,-0.9145125194810526,-0.2110959525641372,-0.6417668165227889,0,2,8,3,23
1.5662559321821294,0.9202258605690504,-0.9145125194810526,-0.2110959525641372,-0.6773136637888789,1,2,8,3,19
1.5662559321821294,1.156661567812485,-0.6843152798976685,-0.2110959525641372,-0.6654647147001934,2,2,8,3,19
1.612201456442595,1.2157704946233434,-0.4541180403142843,-0.2110959525641372,-0.6891626128775812,3,2,8,3,19
1.5662559321821294,1.274879421434202,-0.4541180403142843,-0.2110959525641372,-0.6417668165227889,4,2,8,3,19
1.5662559321821294,1.3339883482450607,-0.9145125194810526,-0.2824001958759379,-0.5943710201680136,5,2,8,3,0
1.5662559321821294,1.2157704946233434,0.00627643885248406,1.6348916798413717,-0.5943710201680136,6,2,8,3,0
1.612201456442595,1.0975526410016263,-0.22392080073090012,1.6348916798413717,-0.5351262747245359,7,2,8,3,19
1.5938232467384086,0.6246812265147573,-0.4541180403142843,1.6348916798413717,-0.5232773256358336,8,2,8,3,19
1.5846341418863155,0.4473544460821815,0.23647367843586825,1.6348916798413717,-0.4995794274584459,9,2,8,3,19
1.557066827330036,0.03359195840617116,-0.4541180403142843,-0.2824001958759379,-0.5351262747245359,10,2,8,3,19
1.612201456442595,-0.1437348220264047,0.23647367843586825,-0.2824001958759379,-0.5825220710793113,11,2,8,3,19
1.4651757788091044,-0.5574973097024151,-0.22392080073090012,-0.2824001958759379,-0.5825220710793113,12,2,8,3,19
1.4192302545486388,-0.9712597973784254,0.5817695378109445,-0.2824001958759379,-0.6536157656114912,13,2,8,3,19
1.492743093365384,-0.9121508705675667,-0.22392080073090012,-0.2824001958759379,-0.7247094601436711,14,2,8,3,19
1.5019321982174771,-0.9121508705675667,0.4666709180192524,-0.2824001958759379,-0.7365584092323566,15,2,8,3,23
1.4008520448444526,-1.1485865778110012,0.8119667773943287,-0.2824001958759379,-0.7721052564984465,16,2,8,3,23
1.244637262358869,-1.4441312118652943,0.5817695378109445,-0.2824001958759379,-0.7602563074097611,17,2,8,3,23
1.2630154720630553,-1.1485865778110012,0.00627643885248406,-0.2824001958759379,-0.7484073583210589,18,2,8,3,23
1.125178899281658,-1.3259133582435771,0.00627643885248406,-0.2824001958759379,-0.7247094601436711,19,2,8,3,23
1.180313528394217,-1.1485865778110012,0.4666709180192524,-0.2110959525641372,-0.6299178674341035,20,2,8,3,1
1.1895026332463101,-1.030368724189284,1.0421640169777129,-0.2110959525641372,-0.6180689183454012,21,2,8,3,1
1.2262590526546826,-0.7348240901349908,0.23647367843586825,-0.2110959525641372,-0.6299178674341035,22,2,8,3,1
1.3365283108798005,-0.3210616024589805,1.0421640169777129,-0.2110959525641372,-0.6536157656114912,23,2,8,3,23
1.318150101175614,-0.2619526756481219,0.23647367843586825,-0.2110959525641372,-0.6536157656114912,0,3,8,4,19
1.318150101175614,-0.2028437488372633,-0.22392080073090012,-0.2110959525641372,-0.6536157656114912,1,3,8,4,19
1.3549065205839868,0.03359195840617116,-0.22392080073090012,-0.2110959525641372,-0.6299178674341035,2,3,8,4,23
1.4192302545486388,0.2700276656496056,0.00627643885248406,-0.2110959525641372,-0.606219969256699,3,3,8,4,23
1.4008520448444526,0.32913659246046423,0.00627643885248406,-0.2110959525641372,-0.5351262747245359,4,3,8,4,1
1.4100411496965455,0.5064633728930401,-0.4541180403142843,-0.2824001958759379,-0.4403346820149514,5,3,8,4,19
1.4467975691049182,0.5655722997038988,-0.22392080073090012,-0.2824001958759379,-0.3692409874827883,6,3,8,4,19
1.4651757788091044,0.4473544460821815,0.23647367843586825,-0.2824001958759379,-0.28629834386190606,7,3,8,4,19
1.4651757788091044,0.210918738838747,-0.22392080073090012,-0.2824001958759379,-0.21520464932972613,8,3,8,4,0
1.4008520448444526,-0.3210616024589805,0.00627643885248406,-0.2824001958759379,-0.16780885297495074,9,3,8,4,19
1.3916629399923592,-0.4392794560806978,-0.4541180403142843,-0.2824001958759379,-0.1204130566201585,10,3,8,4,19
1.3549065205839868,-0.7348240901349908,-0.22392080073090012,-0.2824001958759379,-0.07301726026538309,11,3,8,4,19
1.2997718914714278,-0.853041943756708,0.23647367843586825,-0.2824001958759379,-0.025621463910590857,12,3,8,4,19
1.290582786619335,-1.0894776510001425,0.4666709180192524,-0.2824001958759379,0.021774332444184544,13,3,8,4,19
1.1986917380984032,-1.1485865778110012,1.0421640169777129,-0.2824001958759379,0.05732117971027451,14,3,8,4,19
1.2997718914714278,-1.2076955046218598,0.23647367843586825,-0.2824001958759379,0.06917012879897678,15,3,8,4,19
1.2262590526546826,-1.3259133582435771,0.5817695378109445,-0.2824001958759379,0.05732117971027451,16,3,8,4,19
1.2354481575067757,-1.1485865778110012,0.5817695378109445,1.6348916798413717,0.10471697606506675,17,3,8,4,0
1.244637262358869,-0.9712597973784254,-0.4541180403142843,1.6348916798413717,0.152112772419859,18,3,8,4,0
1.1986917380984032,-0.7939330169458495,-0.9145125194810526,1.6348916798413717,0.2232064669520221,19,3,8,4,0
1.2078808429504964,-0.4392794560806978,-1.0296111392727447,-0.2824001958759379,0.3061491105729043,20,3,8,4,0
1.2262590526546826,0.03359195840617116,-1.0296111392727447,-0.2110959525641372,0.40094070328247194,21,3,8,4,0
1.1711244235421239,-0.3801705292698392,-0.6843152798976685,-0.2110959525641372,0.4364875505485619,22,3,8,4,0
1.1619353186900305,-0.3801705292698392,-1.259808378856129,-0.2110959525641372,0.5194301941694273,23,3,8,4,0
1.1711244235421239,0.09270088521702978,-0.6843152798976685,-0.2110959525641372,0.5431280923468318,0,4,8,5,0
1.1619353186900305,-0.2028437488372633,-0.6843152798976685,-0.2110959525641372,0.5905238887016072,1,4,8,5,23
1.1435571089858443,-0.2028437488372633,-0.9145125194810526,-0.2110959525641372,0.6379196850563994,2,4,8,5,23
1.125178899281658,-0.2028437488372633,-1.0296111392727447,-0.2110959525641372,0.6616175832337872,3,4,8,5,23
1.070044270169099,-0.3801705292698392,-0.9145125194810526,-0.2824001958759379,0.6734665323224894,4,4,8,5,1
1.0792333750211924,-0.2028437488372633,-0.4541180403142843,1.6348916798413717,0.7090133795885794,5,4,8,5,1
1.2354481575067757,0.5655722997038988,-0.6843152798976685,1.6348916798413717,0.7327112777659671,6,4,8,5,23
1.1711244235421239,-0.025516968404687458,0.23647367843586825,1.6348916798413717,0.8275028704755347,7,4,8,5,19
1.1986917380984032,-0.2619526756481219,-0.22392080073090012,1.6348916798413717,0.8275028704755347,8,4,8,5,19
1.2722045769151482,-0.4392794560806978,0.00627643885248406,-0.2824001958759379,0.8038049722981471,9,4,8,5,19
1.3457174157318934,-0.7939330169458495,-0.22392080073090012,-0.2824001958759379,0.7919560232094448,10,4,8,5,19
1.4192302545486388,-0.7939330169458495,0.23647367843586825,-0.2824001958759379,0.7564091759433548,11,4,8,5,0
1.5294995127737565,-0.9121508705675667,-0.6843152798976685,-0.2110959525641372,0.6734665323224894,12,4,8,5,0
1.428419359400732,-1.2668044314327185,-0.4541180403142843,-0.2824001958759379,0.6023728377903095,13,4,8,5,0
1.4467975691049182,-1.3850222850544356,0.23647367843586825,-0.2824001958759379,0.5075812450807419,14,4,8,5,0
1.492743093365384,-1.3850222850544356,0.23647367843586825,-0.2824001958759379,0.40094070328247194,15,4,8,5,0
1.4651757788091044,-1.3850222850544356,0.00627643885248406,-0.2824001958759379,0.34169595783899426,16,4,8,5,0
1.5846341418863155,-1.2076955046218598,-0.22392080073090012,-0.2824001958759379,0.3179980596615897,17,4,8,5,0
1.612201456442595,-1.0894776510001425,-0.22392080073090012,-0.2824001958759379,0.28245121239551657,18,4,8,5,23
1.5294995127737565,-1.030368724189284,0.5817695378109445,-0.2824001958759379,0.21135751786333665,19,4,8,5,19
1.483553988513291,-0.853041943756708,0.4666709180192524,-0.2824001958759379,0.21135751786333665,20,4,8,5,0
1.455986673957011,-0.5574973097024151,0.23647367843586825,-0.2110959525641372,0.294300161484202,21,4,8,5,19
1.4376084642528248,-0.4392794560806978,-0.22392080073090012,-0.2110959525641372,0.2706022633068143,22,4,8,5,19
1.474364883661198,-0.2619526756481219,0.23647367843586825,-0.2110959525641372,0.25875331421811204,23,4,8,5,0
1.5111213030695703,-0.025516968404687458,0.4666709180192524,-0.2110959525641372,0.2232064669520221,0,5,8,6,0
1.5294995127737565,0.1518098120278884,0.4666709180192524,-0.2110959525641372,0.16396172150854443,1,5,8,6,0
1.5386886176258499,0.3882455192713229,0.4666709180192524,-0.2110959525641372,0.12841487424245446,2,5,8,6,0
1.5386886176258499,0.32913659246046423,0.8119667773943287,-0.2110959525641372,0.009925383355499112,3,5,8,6,19
1.5662559321821294,0.4473544460821815,0.4666709180192524,-0.2110959525641372,-0.013772514821888588,4,5,8,6,19
1.5846341418863155,0.5655722997038988,0.8119667773943287,-0.2824001958759379,-0.03747041299929313,5,5,8,6,23
1.621390561294688,0.5655722997038988,0.4666709180192524,-0.2824001958759379,-0.10856410753147307,6,5,8,6,1
1.6673360855551538,0.32913659246046423,0.8119667773943287,-0.2824001958759379,-0.19150675115233842,7,5,8,6,1
1.6949034001114331,0.2700276656496056,1.0421640169777129,-0.2824001958759379,-0.2981472929506083,8,5,8,6,1
1.7224707146677127,0.210918738838747,1.0421640169777129,-0.6626894935388755,-0.392938885660176,9,5,8,6,23
1.8419290777449238,1.2157704946233434,0.8119667773943287,-0.6626894935388755,-0.40478783474887825,10,5,8,6,1
1.8970637068574823,0.5064633728930401,1.0421640169777129,-0.2824001958759379,-0.4995794274584459,11,5,8,6,23
1.8051726583365508,-0.2028437488372633,0.4666709180192524,-0.2824001958759379,-0.6536157656114912,12,5,8,6,23
1.8786854971532962,1.2157704946233434,1.0421640169777129,-1.1697418904227923,-0.7721052564984465,13,5,8,6,25
1.869496392301203,1.274879421434202,1.272361256561097,-0.9162156919808337,-0.7484073583210589,14,5,8,6,25
2.0073329650826,0.5064633728930401,-0.22392080073090012,-0.2824001958759379,-0.8787457982967164,15,5,8,6,23
1.7867944486323648,-0.5574973097024151,1.5025584961444813,-0.2824001958759379,-0.9379905437401941,16,5,8,6,23
1.7040925049635265,-0.4983883828915564,0.8119667773943287,-0.2824001958759379,-1.0090842382723741,17,5,8,6,1
1.7867944486323648,0.9202258605690504,0.8119667773943287,-0.6626894935388755,-0.9142926455628064,18,5,8,6,47
1.8051726583365508,1.274879421434202,1.272361256561097,-0.9162156919808337,-0.9024436964741042,19,5,8,6,25
1.7684162389281786,1.0975526410016263,1.9629529753112496,-0.2110959525641372,-0.866896849208031,20,5,8,6,1
1.7132816098156194,1.0384437141907676,1.9629529753112496,-0.2110959525641372,-0.7365584092323566,21,5,8,6,19
1.6030123515905017,0.683790153325616,1.272361256561097,-0.2110959525641372,-0.6536157656114912,22,5,8,6,19
1.3640956254360797,0.1518098120278884,1.7327557357278653,-0.2110959525641372,-0.5588241729019235,23,5,8,6,0
1.0240987459086335,-0.4392794560806978,1.0421640169777129,-0.2110959525641372,-0.45218363110365367,0,6,8,0,0
1.0792333750211924,-0.025516968404687458,1.0421640169777129,-0.2110959525641372,-0.4166367838375637,1,6,8,0,19
1.0240987459086335,0.09270088521702978,0.8119667773943287,-0.2110959525641372,-0.3336941402166983,2,6,8,0,0
0.9781532216481676,0.1518098120278884,0.8119667773943287,-0.2110959525641372,-0.30999624203929377,3,6,8,0,0
0.987342326500261,0.4473544460821815,-0.22392080073090012,-0.2110959525641372,-0.2270535984184284,4,6,8,0,0
0.987342326500261,0.8020080069473332,-0.6843152798976685,1.6348916798413717,-0.1204130566201585,5,6,8,0,0
1.0332878507607266,0.5064633728930401,-0.22392080073090012,1.6348916798413717,-0.04931936208797856,6,6,8,0,0
1.0516660604649128,0.32913659246046423,0.23647367843586825,1.6348916798413717,0.009925383355499112,7,6,8,0,19
1.0149096410565404,0.03359195840617116,0.23647367843586825,1.6348916798413717,0.04547223062158908,8,6,8,0,19
0.987342326500261,-0.1437348220264047,0.5817695378109445,1.6348916798413717,0.06917012879897678,9,6,8,0,23
0.9781532216481676,-0.3210616024589805,0.8119667773943287,1.6348916798413717,0.09286802697636448,10,6,8,0,23
1.0149096410565404,-0.4983883828915564,1.5025584961444813,1.6348916798413717,0.11656592515376903,11,6,8,0,19
0.9597750119439814,-0.6166062365132736,1.0421640169777129,1.6348916798413717,0.14026382333115672,12,6,8,0,23
1.0240987459086335,-0.3801705292698392,-0.22392080073090012,1.6348916798413717,0.152112772419859,13,6,8,0,23
0.9597750119439814,-0.7348240901349908,-0.22392080073090012,1.6348916798413717,0.11656592515376903,14,6,8,0,23
1.0332878507607266,-0.5574973097024151,0.8119667773943287,1.6348916798413717,0.08101907788767905,15,6,8,0,19
0.8862621731272362,-0.9712597973784254,0.4666709180192524,1.6348916798413717,0.021774332444184544,16,6,8,0,19
0.9413968022397953,-0.853041943756708,1.0421640169777129,1.6348916798413717,0.009925383355499112,17,6,8,0,19
0.9413968022397953,-0.853041943756708,0.00627643885248406,1.6348916798413717,-0.025621463910590857,18,6,8,0,19
0.9413968022397953,-0.6166062365132736,-0.6843152798976685,1.6348916798413717,-0.03747041299929313,19,6,8,0,0
1.0057205362044472,-0.5574973097024151,-0.6843152798976685,-0.2110959525641372,-0.025621463910590857,20,6,8,0,0
1.0976115847253787,-0.2028437488372633,-0.6843152798976685,-0.2110959525641372,-0.025621463910590857,21,6,8,0,0
1.1986917380984032,0.4473544460821815,-0.22392080073090012,-0.2110959525641372,-0.013772514821888588,22,6,8,0,0
1.1527462138379374,0.210918738838747,-0.4541180403142843,-0.2110959525641372,-0.0019235657332031574,23,6,8,0,0
1.2354481575067757,0.7428990801364745,-0.22392080073090012,-0.2110959525641372,-0.013772514821888588,0,7,8,1,0
1.1986917380984032,0.683790153325616,0.23647367843586825,-0.2110959525641372,-0.03747041299929313,1,7,8,1,0
1.125178899281658,0.5655722997038988,0.4666709180192524,-0.2110959525641372,-0.07301726026538309,2,7,8,1,0
1.1711244235421239,0.9202258605690504,-0.22392080073090012,-0.2110959525641372,-0.10856410753147307,3,7,8,1,0
1.1895026332463101,0.9202258605690504,-0.4541180403142843,-0.2110959525641372,-0.1204130566201585,4,7,8,1,0
1.1435571089858443,1.3339883482450607,-0.9145125194810526,1.6348916798413717,-0.07301726026538309,5,7,8,1,0
1.1711244235421239,1.0384437141907676,-1.0296111392727447,1.6348916798413717,-0.03747041299929313,6,7,8,1,0
1.244637262358869,0.7428990801364745,0.00627643885248406,1.6348916798413717,-0.04931936208797856,7,7,8,1,19
1.2722045769151482,0.3882455192713229,0.23647367843586825,1.6348916798413717,-0.04931936208797856,8,7,8,1,19
1.2997718914714278,0.03359195840617116,0.4666709180192524,1.6348916798413717,-0.07301726026538309,9,7,8,1,19
1.3365283108798005,-0.1437348220264047,1.0421640169777129,1.6348916798413717,-0.10856410753147307,10,7,8,1,19
1.318150101175614,-0.4392794560806978,0.8119667773943287,1.6348916798413717,-0.10856410753147307,11,7,8,1,19
1.244637262358869,-0.853041943756708,0.23647367843586825,1.6348916798413717,-0.17965780206363616,12,7,8,1,19
1.2078808429504964,-1.1485865778110012,0.5817695378109445,1.6348916798413717,-0.21520464932972613,13,7,8,1,19
1.070044270169099,-1.3850222850544356,0.5817695378109445,1.6348916798413717,-0.27444939477322067,14,7,8,1,19
1.0149096410565404,-1.6214579922978702,1.0421640169777129,1.6348916798413717,-0.30999624203929377,15,7,8,1,23
1.0149096410565404,-1.4441312118652943,0.23647367843586825,1.6348916798413717,-0.3692409874827883,16,7,8,1,23
0.9689641167960745,-1.6214579922978702,0.00627643885248406,1.6348916798413717,-0.3692409874827883,17,7,8,1,23
1.0332878507607266,-1.3850222850544356,0.00627643885248406,1.6348916798413717,-0.3692409874827883,18,7,8,1,23
1.125178899281658,-1.0894776510001425,-0.22392080073090012,1.6348916798413717,-0.3810899365714737,19,7,8,1,23
1.0240987459086335,-1.2076955046218598,0.23647367843586825,-0.2110959525641372,-0.28629834386190606,20,7,8,1,23
1.1435571089858443,0.03359195840617116,0.8119667773943287,-0.2110959525641372,-0.17965780206363616,21,7,8,1,1
1.290582786619335,0.7428990801364745,-1.7202028580228972,-0.2110959525641372,-0.2270535984184284,22,7,8,1,23
1.373284730288173,0.9793347873799091,-0.6843152798976685,-0.2110959525641372,-0.21520464932972613,23,7,8,1,25
1.4192302545486388,1.452206201866778,-0.9145125194810526,-0.2110959525641372,-0.15595990388624847,0,8,8,2,23
1.4008520448444526,1.6295329822993538,-0.9145125194810526,-0.2110959525641372,-0.13226200570886076,1,8,8,2,19
1.3824738351402663,1.6886419091102125,-1.259808378856129,-0.6626894935388755,-0.16780885297495074,2,8,8,2,19
1.3365283108798005,1.8068597627319296,-1.259808378856129,-1.1697418904227923,-0.15595990388624847,3,8,8,2,0
1.318150101175614,1.8068597627319296,-1.259808378856129,-0.9162156919808337,-0.0967151584427708,4,8,8,2,0
1.2997718914714278,1.8659686895427883,-1.7202028580228972,-0.6626894935388755,-0.03747041299929313,5,8,8,2,19
1.3549065205839868,1.6295329822993538,-1.7202028580228972,-0.2824001958759379,-0.025621463910590857,6,8,8,2,0
1.3640956254360797,1.274879421434202,-1.0296111392727447,1.6348916798413717,0.04547223062158908,7,8,8,2,0
1.373284730288173,0.7428990801364745,-1.7202028580228972,1.6348916798413717,0.08101907788767905,8,8,8,2,23
1.290582786619335,0.09270088521702978,-1.259808378856129,1.6348916798413717,0.06917012879897678,9,8,8,2,19
1.2354481575067757,-0.3801705292698392,-0.6843152798976685,1.6348916798413717,0.06917012879897678,10,8,8,2,19
1.1619353186900305,-0.7348240901349908,-1.259808378856129,1.6348916798413717,0.03362328153288681,11,8,8,2,19
0.8586948585709568,-1.6214579922978702,-1.7202028580228972,1.6348916798413717,-0.0019235657332031574,12,8,8,2,19
1.060855165317006,-1.3850222850544356,-1.259808378856129,1.6348916798413717,-0.061168311176680826,13,8,8,2,19
1.1986917380984032,-1.2076955046218598,-0.4541180403142843,-0.2824001958759379,-0.08486620935406852,14,8,8,2,19
1.115989794429565,-1.4441312118652943,-0.9145125194810526,-0.2824001958759379,-0.13226200570886076,15,8,8,2,23
1.244637262358869,-1.1485865778110012,-0.6843152798976685,-0.2824001958759379,-0.15595990388624847,16,8,8,2,23
1.3365283108798005,-0.3210616024589805,0.4666709180192524,-0.2824001958759379,-0.16780885297495074,17,8,8,2,23
1.3089609963235211,-0.4392794560806978,-0.6843152798976685,-0.2824001958759379,-0.17965780206363616,18,8,8,2,23
1.3273392060277072,-0.3801705292698392,-0.9145125194810526,-0.2824001958759379,-0.17965780206363616,19,8,8,2,25
1.3457174157318934,-0.1437348220264047,-0.4541180403142843,-0.2110959525641372,-0.15595990388624847,20,8,8,2,25
1.4008520448444526,0.32913659246046423,-1.0296111392727447,-0.2110959525641372,-0.1441109547975462,21,8,8,2,23
1.3365283108798005,-0.025516968404687458,-1.259808378856129,-0.2110959525641372,-0.19150675115233842,22,8,8,2,23
1.3273392060277072,0.09270088521702978,-1.0296111392727447,-0.2110959525641372,-0.15595990388624847,23,8,8,2,23
1.3916629399923592,0.32913659246046423,-0.6843152798976685,-0.2110959525641372,-0.1441109547975462,0,9,8,3,19
1.2997718914714278,0.03359195840617116,-0.4541180403142843,-0.2110959525641372,-0.19150675115233842,1,9,8,3,23
1.2997718914714278,0.1518098120278884,-1.259808378856129,-0.2110959525641372,-0.16780885297495074,2,9,8,3,1
1.3640956254360797,0.5064633728930401,-0.6843152798976685,-0.2110959525641372,-0.19150675115233842,3,9,8,3,1
1.3640956254360797,0.6246812265147573,-0.4541180403142843,-0.2110959525641372,-0.17965780206363616,4,9,8,3,23
1.318150101175614,0.5655722997038988,-0.22392080073090012,-0.2824001958759379,-0.1441109547975462,5,9,8,3,1
1.3273392060277072,0.6246812265147573,0.00627643885248406,-0.2824001958759379,-0.08486620935406852,6,9,8,3,1
1.3549065205839868,0.8020080069473332,-0.22392080073090012,-0.2824001958759379,-0.04931936208797856,7,9,8,3,1
1.373284730288173,0.7428990801364745,0.4666709180192524,-0.2824001958759379,-0.04931936208797856,8,9,8,3,1
1.373284730288173,0.5655722997038988,0.8119667773943287,-0.2824001958759379,-0.08486620935406852,9,9,8,3,1
1.3273392060277072,0.4473544460821815,0.23647367843586825,-0.2824001958759379,-0.08486620935406852,10,9,8,3,1
1.3549065205839868,0.09270088521702978,-0.22392080073090012,-0.2824001958759379,-0.08486620935406852,11,9,8,3,1
1.4008520448444526,-0.025516968404687458,0.23647367843586825,-0.2824001958759379,-0.15595990388624847,12,9,8,3,1
1.3640956254360797,0.03359195840617116,0.4666709180192524,-0.2824001958759379,-0.13226200570886076,13,9,8,3,1
1.4008520448444526,0.03359195840617116,0.5817695378109445,-0.2824001958759379,-0.2270535984184284,14,9,8,3,25
1.3273392060277072,-0.08462589521554607,0.23647367843586825,-0.9162156919808337,-0.16780885297495074,15,9,8,3,25
1.483553988513291,0.7428990801364745,0.4666709180192524,-0.6626894935388755,-0.19150675115233842,16,9,8,3,24
1.483553988513291,1.0384437141907676,0.23647367843586825,-1.1697418904227923,-0.1441109547975462,17,9,8,3,24
1.474364883661198,1.274879421434202,0.5817695378109445,-0.9162156919808337,-0.21520464932972613,18,9,8,3,24
1.4376084642528248,1.2157704946233434,-0.22392080073090012,-0.6626894935388755,-0.15595990388624847,19,9,8,3,24
1.3916629399923592,1.0975526410016263,0.00627643885248406,-0.2110959525641372,-0.20335570024104072,20,9,8,3,1
1.373284730288173,1.0975526410016263,0.4666709180192524,-0.2110959525641372,-0.21520464932972613,21,9,8,3,1
1.3273392060277072,0.8611169337581918,0.4666709180192524,-0.2110959525641372,-0.2626004456845184,22,9,8,3,1
1.3273392060277072,0.9793347873799091,0.5817695378109445,-0.2110959525641372,-0.3336941402166983,23,9,8,3,1
1.3273392060277072,1.0384437141907676,0.23647367843586825,-0.2110959525641372,-0.3692409874827883,0,10,8,4,1
1.3089609963235211,1.0384437141907676,0.4666709180192524,-0.2110959525641372,-0.4403346820149514,1,10,8,4,1
1.3273392060277072,0.8611169337581918,-0.22392080073090012,-0.2110959525641372,-0.46403258019235594,2,10,8,4,1
1.3549065205839868,1.0975526410016263,-0.22392080073090012,-0.2110959525641372,-0.4758815292810413,3,10,8,4,1
1.3824738351402663,1.3339883482450607,-0.6843152798976685,-1.4232680888647506,-0.45218363110365367,4,10,8,4,24
1.3916629399923592,1.452206201866778,0.4666709180192524,-1.1697418904227923,-0.5588241729019235,5,10,8,4,24
1.3916629399923592,1.452206201866778,-0.6843152798976685,-0.9162156919808337,-0.42848573292626596,6,10,8,4,1
1.4376084642528248,1.3930972750559194,-0.9145125194810526,-1.1697418904227923,-0.46403258019235594,7,10,8,4,1
1.5019321982174771,1.274879421434202,-0.6843152798976685,-1.1697418904227923,-0.42848573292626596,8,10,8,4,1
1.474364883661198,1.3930972750559194,-0.22392080073090012,-1.2965049896437713,-0.4166367838375637,9,10,8,4,1
1.4651757788091044,1.3339883482450607,-0.4541180403142843,-1.2965049896437713,-0.357392038394086,10,10,8,4,1
1.4651757788091044,1.452206201866778,0.00627643885248406,-1.6847169810080203,-0.3810899365714737,11,10,8,4,7
1.492743093365384,1.2157704946233434,0.23647367843586825,-1.6847169810080203,-0.3810899365714737,12,10,8,4,7
1.5294995127737565,1.2157704946233434,0.4666709180192524,-1.6847169810080203,-0.4166367838375637,13,10,8,4,28
1.5386886176258499,1.0975526410016263,0.4666709180192524,-1.5579538817870409,-0.48773047836974365,14,10,8,4,28
1.557066827330036,1.3930972750559194,0.5817695378109445,-1.6847169810080203,-0.4995794274584459,15,10,8,4,28
1.5111213030695703,1.3339883482450607,0.5817695378109445,-1.5579538817870409,-0.4758815292810413,16,10,8,4,28
1.5111213030695703,1.3930972750559194,0.5817695378109445,-1.5579538817870409,-0.4995794274584459,17,10,8,4,28
1.5019321982174771,1.5113151286776365,0.8119667773943287,-1.6847169810080203,-0.5114283765471314,18,10,8,4,28
1.4651757788091044,1.5113151286776365,1.0421640169777129,-1.8114800802289992,-0.4995794274584459,19,10,8,4,28
1.4100411496965455,1.5113151286776365,0.23647367843586825,-1.1697418904227923,-0.4758815292810413,20,10,8,4,24
1.3916629399923592,1.6295329822993538,0.8119667773943287,-0.9162156919808337,-0.5114283765471314,21,10,8,4,24
1.3640956254360797,1.6295329822993538,0.5817695378109445,-0.2110959525641372,-0.5588241729019235,22,10,8,4,1
1.3457174157318934,1.6295329822993538,0.4666709180192524,-0.2110959525641372,-0.5825220710793113,23,10,8,4,1
1.3273392060277072,1.5704240554884952,0.5817695378109445,-0.9162156919808337,-0.5706731219906258,0,11,8,5,1
1.2997718914714278,1.6295329822993538,0.4666709180192524,-0.9162156919808337,-0.5706731219906258,1,11,8,5,1
1.3089609963235211,1.6295329822993538,0.4666709180192524,-0.9162156919808337,-0.606219969256699,2,11,8,5,1
1.2997718914714278,1.6295329822993538,0.8119667773943287,-0.9162156919808337,-0.6180689183454012,3,11,8,5,1
1.2997718914714278,1.7477508359210712,1.0421640169777129,-0.9162156919808337,-0.606219969256699,4,11,8,5,25
1.2997718914714278,1.7477508359210712,0.8119667773943287,-1.1697418904227923,-0.5706731219906258,5,11,8,5,1
1.2997718914714278,1.6886419091102125,0.5817695378109445,-0.9162156919808337,-0.5232773256358336,6,11,8,5,1
1.3457174157318934,1.5113151286776365,0.23647367843586825,-1.1697418904227923,-0.4758815292810413,7,11,8,5,1
1.4008520448444526,1.3339883482450607,0.00627643885248406,-1.1697418904227923,-0.46403258019235594,8,11,8,5,1
1.4192302545486388,1.0975526410016263,0.00627643885248406,-0.2824001958759379,-0.46403258019235594,9,11,8,5,1
1.5111213030695703,0.8611169337581918,-0.4541180403142843,-0.2824001958759379,-0.4758815292810413,10,11,8,5,1
1.5846341418863155,0.6246812265147573,-0.22392080073090012,-0.2824001958759379,-0.5232773256358336,11,11,8,5,23
1.6581469807030609,0.2700276656496056,-0.6843152798976685,-0.2824001958759379,-0.5588241729019235,12,11,8,5,23
1.6030123515905017,-0.08462589521554607,0.00627643885248406,-0.2824001958759379,-0.6417668165227889,13,11,8,5,1
1.612201456442595,-0.1437348220264047,0.23647367843586825,-0.2824001958759379,-0.6891626128775812,14,11,8,5,1
1.5938232467384086,-0.2619526756481219,0.4666709180192524,-0.2824001958759379,-0.7484073583210589,15,11,8,5,1
1.6489578758509675,0.03359195840617116,-0.6843152798976685,-0.2824001958759379,-0.8195010528532388,16,11,8,5,1
1.557066827330036,1.6886419091102125,1.9629529753112496,-1.1697418904227923,-0.5588241729019235,17,11,8,5,47
1.483553988513291,1.6295329822993538,0.4666709180192524,-0.2824001958759379,-0.5469752238132213,18,11,8,5,25
1.474364883661198,1.274879421434202,-0.4541180403142843,-0.2824001958759379,-0.5469752238132213,19,11,8,5,19
1.5019321982174771,1.5704240554884952,-0.22392080073090012,-0.2110959525641372,-0.4758815292810413,20,11,8,5,23
1.4651757788091044,1.3930972750559194,-0.6843152798976685,-0.2110959525641372,-0.4403346820149514,21,11,8,5,23
1.474364883661198,1.452206201866778,-0.6843152798976685,-0.2110959525641372,-0.392938885660176,22,11,8,5,1
1.492743093365384,1.5113151286776365,-0.6843152798976685,-0.2110959525641372,-0.40478783474887825,23,11,8,5,23
1.5019321982174771,1.5113151286776365,-1.259808378856129,-0.6626894935388755,-0.4166367838375637,0,12,8,6,23
1.5294995127737565,1.7477508359210712,-1.0296111392727447,-0.6626894935388755,-0.42848573292626596,1,12,8,6,1
1.5111213030695703,1.6886419091102125,-1.259808378856129,-1.1697418904227923,-0.46403258019235594,2,12,8,6,1
1.5111213030695703,1.7477508359210712,-1.7202028580228972,-1.1697418904227923,-0.4758815292810413,3,12,8,6,23
1.492743093365384,1.6886419091102125,-1.259808378856129,-1.4232680888647506,-0.4403346820149514,4,12,8,6,7
1.483553988513291,1.6295329822993538,-1.259808378856129,-1.5579538817870409,-0.357392038394086,5,12,8,6,7
1.5019321982174771,1.6295329822993538,-0.6843152798976685,-1.1697418904227923,-0.357392038394086,6,12,8,6,23
1.5111213030695703,1.3930972750559194,-0.9145125194810526,-0.2824001958759379,-0.30999624203929377,7,12,8,6,23
1.4008520448444526,0.683790153325616,0.00627643885248406,-0.2824001958759379,-0.2981472929506083,8,12,8,6,23
1.290582786619335,0.1518098120278884,0.4666709180192524,1.6348916798413717,-0.30999624203929377,9,12,8,6,19
1.2997718914714278,0.03359195840617116,0.23647367843586825,1.6348916798413717,-0.34554308930538374,10,12,8,6,19
1.3824738351402663,-0.025516968404687458,-0.22392080073090012,1.6348916798413717,-0.392938885660176,11,12,8,6,19
1.318150101175614,-0.2619526756481219,0.23647367843586825,1.6348916798413717,-0.45218363110365367,12,12,8,6,19
1.3457174157318934,-0.4392794560806978,-0.22392080073090012,1.6348916798413717,-0.48773047836974365,13,12,8,6,19
1.3273392060277072,-0.6757151633241323,-0.22392080073090012,1.6348916798413717,-0.5114283765471314,14,12,8,6,19
1.318150101175614,-0.6166062365132736,0.00627643885248406,1.6348916798413717,-0.5588241729019235,15,12,8,6,19
1.318150101175614,-0.7348240901349908,0.23647367843586825,1.6348916798413717,-0.5825220710793113,16,12,8,6,19
1.318150101175614,-0.6166062365132736,0.23647367843586825,-0.2824001958759379,-0.5943710201680136,17,12,8,6,23
1.474364883661198,0.4473544460821815,0.00627643885248406,1.6348916798413717,-0.5232773256358336,18,12,8,6,19
1.4008520448444526,0.2700276656496056,0.00627643885248406,-0.2824001958759379,-0.4995794274584459,19,12,8,6,19
1.373284730288173,0.2700276656496056,-0.22392080073090012,-0.2110959525641372,-0.42848573292626596,20,12,8,6,19
1.4008520448444526,0.5064633728930401,-0.4541180403142843,-0.2110959525641372,-0.40478783474887825,21,12,8,6,19
1.3916629399923592,0.6246812265147573,0.23647367843586825,-0.2110959525641372,-0.4166367838375637,22,12,8,6,19
1.4008520448444526,0.6246812265147573,0.4666709180192524,-0.2110959525641372,-0.42848573292626596,23,12,8,6,19
1.3549065205839868,0.6246812265147573,0.8119667773943287,-0.2110959525641372,-0.4403346820149514,0,13,8,0,0
1.373284730288173,0.8020080069473332,0.00627643885248406,-0.2110959525641372,-0.4403346820149514,1,13,8,0,0
1.3824738351402663,0.9793347873799091,-0.22392080073090012,-0.2110959525641372,-0.45218363110365367,2,13,8,0,19
1.4192302545486388,1.156661567812485,-0.6843152798976685,-0.2110959525641372,-0.4166367838375637,3,13,8,0,19
1.3549065205839868,1.156661567812485,-0.6843152798976685,-0.2110959525641372,-0.3692409874827883,4,13,8,0,19
1.373284730288173,1.2157704946233434,-0.22392080073090012,-0.2824001958759379,-0.32184519112799603,5,13,8,0,19
1.3824738351402663,1.2157704946233434,-0.22392080073090012,-0.2824001958759379,-0.28629834386190606,6,13,8,0,19
1.373284730288173,1.0975526410016263,0.4666709180192524,-0.6626894935388755,-0.21520464932972613,7,13,8,0,1
1.4192302545486388,0.9202258605690504,-0.22392080073090012,-0.6626894935388755,-0.19150675115233842,8,13,8,0,23
1.4192302545486388,0.683790153325616,0.00627643885248406,-0.6626894935388755,-0.20335570024104072,9,13,8,0,23
1.4008520448444526,0.4473544460821815,0.8119667773943287,-0.6626894935388755,-0.20335570024104072,10,13,8,0,23
1.4008520448444526,0.4473544460821815,0.5817695378109445,-0.2824001958759379,-0.21520464932972613,11,13,8,0,23
1.3640956254360797,-0.025516968404687458,0.23647367843586825,-0.2824001958759379,-0.23890254750713066,12,13,8,0,23
1.4100411496965455,-0.2028437488372633,0.5817695378109445,-0.2824001958759379,-0.27444939477322067,13,13,8,0,23
1.3640956254360797,-0.3210616024589805,0.4666709180192524,-0.2824001958759379,-0.30999624203929377,14,13,8,0,23
1.3640956254360797,-0.3801705292698392,-0.22392080073090012,-0.2824001958759379,-0.3692409874827883,15,13,8,0,23
1.3365283108798005,-0.3801705292698392,0.4666709180192524,-0.2824001958759379,-0.34554308930538374,16,13,8,0,23
1.4192302545486388,-0.025516968404687458,-0.4541180403142843,-0.2824001958759379,-0.32184519112799603,17,13,8,0,23
1.318150101175614,-0.3210616024589805,-0.4541180403142843,-0.2824001958759379,-0.2981472929506083,18,13,8,0,23
1.3640956254360797,-0.1437348220264047,-0.9145125194810526,-0.2824001958759379,-0.2981472929506083,19,13,8,0,19
1.3824738351402663,0.210918738838747,-0.9145125194810526,-0.2110959525641372,-0.2626004456845184,20,13,8,0,19
1.4008520448444526,0.4473544460821815,-1.0296111392727447,-0.2110959525641372,-0.21520464932972613,21,13,8,0,19
1.3916629399923592,0.5064633728930401,-0.6843152798976685,-0.2110959525641372,-0.20335570024104072,22,13,8,0,19
1.3549065205839868,0.5064633728930401,-0.6843152798976685,-0.2110959525641372,-0.2270535984184284,23,13,8,0,19
1.3640956254360797,0.683790153325616,-0.9145125194810526,-0.2110959525641372,-0.23890254750713066,0,14,8,1,19
1.3916629399923592,0.8020080069473332,-0.6843152798976685,-0.2110959525641372,-0.23890254750713066,1,14,8,1,19
1.4376084642528248,1.0384437141907676,-0.4541180403142843,-0.2110959525641372,-0.2626004456845184,2,14,8,1,23
1.3824738351402663,0.8611169337581918,-0.4541180403142843,-0.2110959525641372,-0.27444939477322067,3,14,8,1,19
1.3640956254360797,1.2157704946233434,-1.0296111392727447,-0.2110959525641372,-0.2626004456845184,4,14,8,1,23
1.3549065205839868,1.0975526410016263,-0.9145125194810526,-0.2824001958759379,-0.2507514965958161,5,14,8,1,19
1.3457174157318934,0.683790153325616,-0.6843152798976685,-0.2824001958759379,-0.2626004456845184,6,14,8,1,23
1.2997718914714278,0.5064633728930401,-0.22392080073090012,-0.2824001958759379,-0.20335570024104072,7,14,8,1,23
1.3365283108798005,0.3882455192713229,-0.6843152798976685,-0.2824001958759379,-0.21520464932972613,8,14,8,1,23
1.4008520448444526,0.6246812265147573,-0.4541180403142843,-0.2824001958759379,-0.19150675115233842,9,14,8,1,1
1.428419359400732,0.683790153325616,0.00627643885248406,-0.2824001958759379,-0.20335570024104072,10,14,8,1,1
1.4376084642528248,0.7428990801364745,0.00627643885248406,-0.2824001958759379,-0.2270535984184284,11,14,8,1,1
1.4651757788091044,0.6246812265147573,-0.6843152798976685,-0.2824001958759379,-0.2507514965958161,12,14,8,1,1
1.5294995127737565,0.5064633728930401,0.00627643885248406,-0.2824001958759379,-0.30999624203929377,13,14,8,1,23
1.4651757788091044,0.210918738838747,-0.22392080073090012,-0.2824001958759379,-0.357392038394086,14,14,8,1,23
1.455986673957011,-0.2028437488372633,0.00627643885248406,-0.2824001958759379,-0.40478783474887825,15,14,8,1,23
1.3457174157318934,-0.2028437488372633,-0.9145125194810526,-0.2824001958759379,-0.42848573292626596,16,14,8,1,23
1.3457174157318934,-0.3210616024589805,-0.9145125194810526,-0.2824001958759379,-0.45218363110365367,17,14,8,1,23
1.3365283108798005,-0.2619526756481219,-1.0296111392727447,-0.2824001958759379,-0.42848573292626596,18,14,8,1,23
1.3457174157318934,-0.1437348220264047,-1.7202028580228972,-0.2824001958759379,-0.45218363110365367,19,14,8,1,23
1.4008520448444526,0.210918738838747,-1.0296111392727447,-0.2110959525641372,-0.4403346820149514,20,14,8,1,23
1.4651757788091044,0.5064633728930401,-1.0296111392727447,-0.2110959525641372,-0.42848573292626596,21,14,8,1,1
1.3916629399923592,0.5064633728930401,-1.259808378856129,-0.2110959525641372,-0.46403258019235594,22,14,8,1,1
1.4008520448444526,0.683790153325616,-1.259808378856129,-0.2110959525641372,-0.48773047836974365,23,14,8,1,1
1.3640956254360797,0.6246812265147573,-1.259808378856129,-0.2110959525641372,-0.5232773256358336,0,15,8,2,1
1.4192302545486388,0.8611169337581918,0.5817695378109445,-0.2110959525641372,-0.4758815292810413,1,15,8,2,25
1.483553988513291,1.6295329822993538,-0.6843152798976685,-0.2110959525641372,-0.4995794274584459,2,15,8,2,24
1.4192302545486388,1.5113151286776365,-0.6843152798976685,-0.2110959525641372,-0.5588241729019235,3,15,8,2,1
1.3916629399923592,1.5113151286776365,-1.259808378856129,-0.6626894935388755,-0.5825220710793113,4,15,8,2,1
1.3824738351402663,1.452206201866778,-1.259808378856129,-0.2824001958759379,-0.5114283765471314,5,15,8,2,1
1.373284730288173,1.274879421434202,-1.7202028580228972,-0.2824001958759379,-0.4758815292810413,6,15,8,2,1
1.3916629399923592,1.5113151286776365,-1.7202028580228972,-0.2824001958759379,-0.42848573292626596,7,15,8,2,2
1.4376084642528248,1.274879421434202,-1.7202028580228972,-0.2824001958759379,-0.42848573292626596,8,15,8,2,23
1.455986673957011,1.0384437141907676,-0.4541180403142843,-0.2824001958759379,-0.3810899365714737,9,15,8,2,23
1.4467975691049182,0.8611169337581918,-0.22392080073090012,-0.2824001958759379,-0.357392038394086,10,15,8,2,1
1.4376084642528248,0.8020080069473332,-0.6843152798976685,-0.2824001958759379,-0.32184519112799603,11,15,8,2,23
1.4008520448444526,0.1518098120278884,-0.9145125194810526,-0.2824001958759379,-0.3810899365714737,12,15,8,2,23
1.4192302545486388,-0.2028437488372633,-0.6843152798976685,-0.2824001958759379,-0.392938885660176,13,15,8,2,23
1.2997718914714278,-0.4983883828915564,0.00627643885248406,-0.2824001958759379,-0.4166367838375637,14,15,8,2,19
1.4008520448444526,-0.3210616024589805,0.00627643885248406,-0.2824001958759379,-0.4403346820149514,15,15,8,2,19
1.2722045769151482,-0.6757151633241323,0.23647367843586825,-0.2824001958759379,-0.42848573292626596,16,15,8,2,19
1.2078808429504964,-0.7939330169458495,-0.22392080073090012,-0.2824001958759379,-0.45218363110365367,17,15,8,2,19
1.2354481575067757,-0.5574973097024151,-0.22392080073090012,-0.2824001958759379,-0.4403346820149514,18,15,8,2,19
1.244637262358869,-0.025516968404687458,-0.9145125194810526,-0.2824001958759379,-0.42848573292626596,19,15,8,2,19
1.244637262358869,0.1518098120278884,-1.0296111392727447,-0.2110959525641372,-0.40478783474887825,20,15,8,2,19
1.2262590526546826,0.4473544460821815,-1.0296111392727447,-0.2110959525641372,-0.4166367838375637,21,15,8,2,0
1.2354481575067757,0.6246812265147573,-0.9145125194810526,-0.2110959525641372,-0.34554308930538374,22,15,8,2,19
1.2813936817672416,0.5655722997038988,-1.7202028580228972,-0.2110959525641372,-0.28629834386190606,23,15,8,2,19
1.253826367210962,0.9793347873799091,-0.6843152798976685,-0.2110959525641372,-0.34554308930538374,0,16,8,3,0
1.2354481575067757,1.0384437141907676,-0.6843152798976685,-0.2110959525641372,-0.34554308930538374,1,16,8,3,19
1.2078808429504964,1.2157704946233434,-1.0296111392727447,-0.2110959525641372,-0.357392038394086,2,16,8,3,19
1.1986917380984032,1.274879421434202,-1.0296111392727447,-0.2110959525641372,-0.34554308930538374,3,16,8,3,19
1.1619353186900305,1.3930972750559194,-1.0296111392727447,-0.2110959525641372,-0.30999624203929377,4,16,8,3,19
1.1711244235421239,1.452206201866778,-1.7202028580228972,-0.2110959525641372,-0.28629834386190606,5,16,8,3,19
1.2078808429504964,1.0384437141907676,-1.7202028580228972,1.6348916798413717,-0.23890254750713066,6,16,8,3,19
1.3089609963235211,1.0384437141907676,-0.6843152798976685,-0.2824001958759379,-0.21520464932972613,7,16,8,3,23
1.3457174157318934,0.8020080069473332,-0.9145125194810526,1.6348916798413717,-0.27444939477322067,8,16,8,3,19
1.4008520448444526,0.683790153325616,-1.7202028580228972,1.6348916798413717,-0.30999624203929377,9,16,8,3,23
1.3916629399923592,0.09270088521702978,-1.7202028580228972,-0.2824001958759379,-0.32184519112799603,10,16,8,3,19
1.3549065205839868,-0.025516968404687458,-0.9145125194810526,-0.2824001958759379,-0.3692409874827883,11,16,8,3,23
1.2997718914714278,-0.4392794560806978,-1.0296111392727447,-0.2824001958759379,-0.40478783474887825,12,16,8,3,23
1.3549065205839868,-0.4983883828915564,-0.4541180403142843,-0.2824001958759379,-0.40478783474887825,13,16,8,3,19
1.2078808429504964,-0.853041943756708,0.23647367843586825,-0.2824001958759379,-0.40478783474887825,14,16,8,3,19
1.1986917380984032,-1.030368724189284,-0.22392080073090012,-0.2824001958759379,-0.4995794274584459,15,16,8,3,19
0.9230185925356088,-1.5623490654870116,-0.9145125194810526,-0.2824001958759379,-0.606219969256699,16,16,8,3,19
1.115989794429565,-1.0894776510001425,-0.6843152798976685,-0.2824001958759379,-0.6180689183454012,17,16,8,3,19
1.0884224798732856,-0.9121508705675667,-0.9145125194810526,-0.2824001958759379,-0.6654647147001934,18,16,8,3,0
1.0332878507607266,-0.7939330169458495,-1.259808378856129,-0.2824001958759379,-0.6536157656114912,19,16,8,3,19
1.1711244235421239,-0.4392794560806978,-1.0296111392727447,-0.2110959525641372,-0.6299178674341035,20,16,8,3,19
1.3640956254360797,0.5655722997038988,-1.0296111392727447,-0.2110959525641372,-0.6536157656114912,21,16,8,3,19
1.373284730288173,0.5064633728930401,-1.259808378856129,-0.2110959525641372,-0.6773136637888789,22,16,8,3,19
1.3824738351402663,0.4473544460821815,-0.6843152798976685,-0.2110959525641372,-0.6773136637888789,23,16,8,3,19
1.3273392060277072,0.3882455192713229,-0.9145125194810526,-0.2110959525641372,-0.6417668165227889,0,17,8,4,19
1.3549065205839868,0.683790153325616,-0.4541180403142843,-0.2110959525641372,-0.6891626128775812,1,17,8,4,0
1.2813936817672416,1.0975526410016263,-1.259808378856129,-0.2110959525641372,-0.7247094601436711,2,17,8,4,0
1.2630154720630553,1.0975526410016263,-1.7202028580228972,-0.2110959525641372,-0.8076521037645366,3,17,8,4,0
1.244637262358869,1.2157704946233434,-0.4541180403142843,-0.2110959525641372,-0.866896849208031,4,17,8,4,19
1.1711244235421239,1.0975526410016263,-0.9145125194810526,-0.2110959525641372,-0.8905947473854188,5,17,8,4,0
1.1343680041337512,0.8020080069473332,-0.4541180403142843,-0.2824001958759379,-0.9142926455628064,6,17,8,4,23
1.2354481575067757,0.7428990801364745,0.00627643885248406,-0.2824001958759379,-0.9616884419175986,7,17,8,4,23
1.3549065205839868,0.683790153325616,0.23647367843586825,-0.2824001958759379,-0.9972352891836886,8,17,8,4,1
1.3273392060277072,0.5064633728930401,0.23647367843586825,-0.2824001958759379,-1.044631085538464,9,17,8,4,25
1.3273392060277072,0.3882455192713229,-0.22392080073090012,-0.2824001958759379,-1.0920268818932564,10,17,8,4,1
1.4008520448444526,0.1518098120278884,-0.4541180403142843,-0.2824001958759379,-1.1275737291593462,11,17,8,4,1
1.5203104079216636,0.7428990801364745,0.00627643885248406,-0.2824001958759379,-1.1394226782480317,12,17,8,4,25
1.5294995127737565,0.3882455192713229,0.5817695378109445,-0.2824001958759379,-1.1749695255141217,13,17,8,4,1
1.474364883661198,0.03359195840617116,1.0421640169777129,-0.2824001958759379,-1.1749695255141217,14,17,8,4,1
1.2170699478025897,-0.6166062365132736,1.7327557357278653,-0.2824001958759379,-1.115724780070644,15,17,8,4,23
1.1068006895774718,-0.7348240901349908,1.5025584961444813,-0.2824001958759379,-1.080177932804554,16,17,8,4,23
1.2078808429504964,-0.6166062365132736,1.7327557357278653,-0.2824001958759379,-1.0683289837158518,17,17,8,4,23
1.244637262358869,-0.3210616024589805,1.0421640169777129,1.6348916798413717,-1.0209331873610763,18,17,8,4,23
1.2630154720630553,-0.2028437488372633,0.23647367843586825,1.6348916798413717,-0.9616884419175986,19,17,8,4,19
1.2170699478025897,-0.08462589521554607,-0.22392080073090012,-0.2110959525641372,-0.8431989510306265,20,17,8,4,19
1.1343680041337512,-0.1437348220264047,-0.6843152798976685,-0.2110959525641372,-0.8076521037645366,21,17,8,4,19
1.070044270169099,-0.1437348220264047,-0.22392080073090012,-0.2110959525641372,-0.7721052564984465,22,17,8,4,19
0.9597750119439814,0.1518098120278884,-0.22392080073090012,-0.2110959525641372,-0.7247094601436711,23,17,8,4,19
0.803560229458398,-0.2028437488372633,-0.4541180403142843,-0.2110959525641372,-0.6891626128775812,0,18,8,5,19
0.803560229458398,-0.08462589521554607,-0.6843152798976685,-0.2110959525641372,-0.6417668165227889,1,18,8,5,0
0.7851820197542116,0.5064633728930401,-0.9145125194810526,-0.2110959525641372,-0.6299178674341035,2,18,8,5,19
0.7943711246063048,0.4473544460821815,-0.9145125194810526,-0.2110959525641372,-0.606219969256699,3,18,8,5,19
0.7668038100500254,0.5655722997038988,-0.4541180403142843,-0.2110959525641372,-0.5706731219906258,4,18,8,5,19
0.7851820197542116,0.6246812265147573,-0.22392080073090012,-0.2824001958759379,-0.48773047836974365,5,18,8,5,19
0.86788396342305,0.8611169337581918,0.23647367843586825,1.6348916798413717,-0.42848573292626596,6,18,8,5,19
0.8862621731272362,0.7428990801364745,0.5817695378109445,1.6348916798413717,-0.3336941402166983,7,18,8,5,19
0.9230185925356088,0.4473544460821815,0.23647367843586825,1.6348916798413717,-0.30999624203929377,8,18,8,5,19
0.8403166488667705,-0.025516968404687458,0.4666709180192524,-0.2824001958759379,-0.27444939477322067,9,18,8,5,19
0.8311275440146774,-0.1437348220264047,0.23647367843586825,-0.2824001958759379,-0.2626004456845184,10,18,8,5,23
0.7668038100500254,-0.4983883828915564,0.4666709180192524,1.6348916798413717,-0.2507514965958161,11,18,8,5,23
0.7943711246063048,-0.853041943756708,0.8119667773943287,1.6348916798413717,-0.2626004456845184,12,18,8,5,19
0.7208582857895597,-1.030368724189284,0.5817695378109445,1.6348916798413717,-0.23890254750713066,13,18,8,5,19
0.7024800760853733,-0.853041943756708,0.23647367843586825,1.6348916798413717,-0.28629834386190606,14,18,8,5,19
0.6197781324165351,-1.3850222850544356,0.5817695378109445,1.6348916798413717,-0.30999624203929377,15,18,8,5,19
0.48194155963513796,-1.503240138676153,0.8119667773943287,1.6348916798413717,-0.32184519112799603,16,18,8,5,23
0.5095088741914173,-1.4441312118652943,-0.22392080073090012,1.6348916798413717,-0.32184519112799603,17,18,8,5,23
0.39923961596629964,-1.6214579922978702,0.00627643885248406,1.6348916798413717,-0.2981472929506083,18,18,8,5,23
0.4635633499309516,-1.0894776510001425,-0.4541180403142843,1.6348916798413717,-0.2626004456845184,19,18,8,5,19
0.4911306644872311,-1.030368724189284,-0.9145125194810526,-0.2110959525641372,-0.20335570024104072,20,18,8,5,0
0.555454398451883,-0.3210616024589805,-1.0296111392727447,-0.2110959525641372,-0.20335570024104072,21,18,8,5,0
0.5830217130081625,-0.08462589521554607,-1.0296111392727447,-0.2110959525641372,-0.19150675115233842,22,18,8,5,19
0.7024800760853733,-0.08462589521554607,-1.7202028580228972,-0.2110959525641372,-0.16780885297495074,23,18,8,5,0
0.8219384391625842,0.4473544460821815,-0.6843152798976685,-0.2110959525641372,-0.10856410753147307,0,19,8,6,0
0.674912761529094,-0.1437348220264047,-0.22392080073090012,-0.2110959525641372,-0.08486620935406852,1,19,8,6,0
0.7943711246063048,0.2700276656496056,-0.22392080073090012,-0.2110959525641372,-0.10856410753147307,2,19,8,6,0
0.7943711246063048,0.3882455192713229,-0.4541180403142843,-0.2110959525641372,-0.13226200570886076,3,19,8,6,0
0.7668038100500254,1.0384437141907676,-0.9145125194810526,-0.2110959525641372,-0.13226200570886076,4,19,8,6,0
0.7759929149021185,1.274879421434202,-0.6843152798976685,-0.2824001958759379,-0.0967151584427708,5,19,8,6,19
0.8862621731272362,0.8611169337581918,0.00627643885248406,1.6348916798413717,-0.03747041299929313,6,19,8,6,19
0.9230185925356088,0.6246812265147573,-0.22392080073090012,1.6348916798413717,0.009925383355499112,7,19,8,6,19
0.987342326500261,0.5064633728930401,0.00627643885248406,1.6348916798413717,0.009925383355499112,8,19,8,6,0
1.0792333750211924,0.2700276656496056,-0.4541180403142843,1.6348916798413717,0.009925383355499112,9,19,8,6,19
1.0976115847253787,0.03359195840617116,-0.6843152798976685,1.6348916798413717,-0.03747041299929313,10,19,8,6,19
1.0332878507607266,-0.5574973097024151,0.00627643885248406,1.6348916798413717,-0.061168311176680826,11,19,8,6,19
0.9322076973877019,-0.9712597973784254,0.00627643885248406,1.6348916798413717,-0.1441109547975462,12,19,8,6,23
0.803560229458398,-1.2076955046218598,-0.22392080073090012,1.6348916798413717,-0.17965780206363616,13,19,8,6,23
0.7392364954937459,-1.503240138676153,0.00627643885248406,1.6348916798413717,-0.2507514965958161,14,19,8,6,23
0.803560229458398,-1.2668044314327185,0.23647367843586825,1.6348916798413717,-0.3336941402166983,15,19,8,6,23
0.7759929149021185,-1.3259133582435771,-0.22392080073090012,1.6348916798413717,-0.3692409874827883,16,19,8,6,1
0.7392364954937459,-1.3850222850544356,-0.22392080073090012,1.6348916798413717,-0.3810899365714737,17,19,8,6,23
0.8954512779793296,-0.7939330169458495,-0.6843152798976685,1.6348916798413717,-0.3692409874827883,18,19,8,6,23
0.8403166488667705,-0.6757151633241323,-0.4541180403142843,1.6348916798413717,-0.357392038394086,19,19,8,6,23
0.8770730682751431,-0.3210616024589805,-1.0296111392727447,-0.2110959525641372,-0.2626004456845184,20,19,8,6,19
0.8862621731272362,0.4473544460821815,-1.259808378856129,-0.2110959525641372,-0.28629834386190606,21,19,8,6,19
0.8311275440146774,0.03359195840617116,-1.7202028580228972,-0.2110959525641372,-0.30999624203929377,22,19,8,6,0
0.8311275440146774,0.210918738838747,-1.7202028580228972,-0.2110959525641372,-0.32184519112799603,23,19,8,6,19
0.8586948585709568,0.7428990801364745,-1.7202028580228972,-0.2110959525641372,-0.30999624203929377,0,20,8,0,19
1.0149096410565404,0.9202258605690504,-1.7202028580228972,-0.2110959525641372,-0.357392038394086,1,20,8,0,19
1.0057205362044472,1.274879421434202,-1.7202028580228972,-0.2110959525641372,-0.357392038394086,2,20,8,0,0
0.987342326500261,1.0975526410016263,-1.7202028580228972,-0.2110959525641372,-0.357392038394086,3,20,8,0,19
0.9781532216481676,1.156661567812485,-1.7202028580228972,-0.2110959525641372,-0.392938885660176,4,20,8,0,19
0.9965314313523541,1.5113151286776365,-1.7202028580228972,-0.2110959525641372,-0.392938885660176,5,20,8,0,19
0.9413968022397953,0.8020080069473332,-1.0296111392727447,1.6348916798413717,-0.34554308930538374,6,20,8,0,19
1.0149096410565404,0.5064633728930401,-0.9145125194810526,1.6348916798413717,-0.3336941402166983,7,20,8,0,19
1.0884224798732856,0.4473544460821815,-0.4541180403142843,1.6348916798413717,-0.34554308930538374,8,20,8,0,19
1.0424769556128197,-0.025516968404687458,-0.4541180403142843,1.6348916798413717,-0.32184519112799603,9,20,8,0,0
1.070044270169099,-0.2619526756481219,0.23647367843586825,1.6348916798413717,-0.3336941402166983,10,20,8,0,23
1.2078808429504964,-0.2619526756481219,-0.22392080073090012,1.6348916798413717,-0.3692409874827883,11,20,8,0,19
1.0057205362044472,-1.0894776510001425,0.23647367843586825,-0.2824001958759379,-0.42848573292626596,12,20,8,0,19
0.9781532216481676,-1.0894776510001425,0.23647367843586825,-0.2824001958759379,-0.48773047836974365,13,20,8,0,19
0.8403166488667705,-1.4441312118652943,-0.4541180403142843,-0.2824001958759379,-0.5114283765471314,14,20,8,0,19
0.7300473906416528,-1.5623490654870116,0.00627643885248406,-0.2824001958759379,-0.5351262747245359,15,20,8,0,19
0.7208582857895597,-1.5623490654870116,-0.22392080073090012,-0.2824001958759379,-0.5825220710793113,16,20,8,0,0
0.7392364954937459,-1.4441312118652943,-0.22392080073090012,-0.2824001958759379,-0.5706731219906258,17,20,8,0,19
0.6841018663811871,-1.3259133582435771,0.23647367843586825,-0.2824001958759379,-0.48773047836974365,18,20,8,0,19
0.5922108178602556,-1.0894776510001425,-0.6843152798976685,-0.2824001958759379,-0.42848573292626596,19,20,8,0,19
0.6289672372686282,-0.6757151633241323,-0.6843152798976685,-0.2110959525641372,-0.357392038394086,20,20,8,0,0
0.674912761529094,-0.5574973097024151,-0.9145125194810526,-0.2110959525641372,-0.3336941402166983,21,20,8,0,19
0.6841018663811871,-0.5574973097024151,-0.9145125194810526,-0.2110959525641372,-0.32184519112799603,22,20,8,0,19
0.7576147051979323,0.09270088521702978,-1.0296111392727447,-0.2110959525641372,-0.2981472929506083,23,20,8,0,19
0.7208582857895597,-0.025516968404687458,-1.259808378856129,-0.2110959525641372,-0.27444939477322067,0,21,8,1,19
0.7576147051979323,0.5064633728930401,-1.259808378856129,-0.2110959525641372,-0.23890254750713066,1,21,8,1,19
0.7759929149021185,0.32913659246046423,-1.7202028580228972,-0.2110959525641372,-0.17965780206363616,2,21,8,1,23
0.803560229458398,0.3882455192713229,-1.7202028580228972,-0.2110959525641372,-0.15595990388624847,3,21,8,1,23
0.7759929149021185,0.2700276656496056,-1.0296111392727447,-0.2110959525641372,-0.1441109547975462,4,21,8,1,19
0.7116691809374666,0.32913659246046423,-1.7202028580228972,-0.2824001958759379,-0.07301726026538309,5,21,8,1,19
0.7668038100500254,0.6246812265147573,-0.9145125194810526,1.6348916798413717,-0.03747041299929313,6,21,8,1,19
0.9230185925356088,0.3882455192713229,-1.0296111392727447,1.6348916798413717,0.03362328153288681,7,21,8,1,19
0.8495057537188638,-0.3210616024589805,-0.9145125194810526,1.6348916798413717,0.08101907788767905,8,21,8,1,23
0.6013999227123488,-1.1485865778110012,-0.22392080073090012,1.6348916798413717,0.11656592515376903,9,21,8,1,23
0.7668038100500254,-1.030368724189284,-0.22392080073090012,1.6348916798413717,0.152112772419859,10,21,8,1,19
0.6473454469728145,-1.1485865778110012,-0.4541180403142843,1.6348916798413717,0.14026382333115672,11,21,8,1,19
0.7208582857895597,-1.4441312118652943,0.23647367843586825,1.6348916798413717,0.16396172150854443,12,21,8,1,19
0.7116691809374666,-1.3850222850544356,0.8119667773943287,1.6348916798413717,0.16396172150854443,13,21,8,1,23
0.7668038100500254,-1.1485865778110012,0.00627643885248406,1.6348916798413717,0.152112772419859,14,21,8,1,23
0.8127493343104911,-1.2076955046218598,0.4666709180192524,1.6348916798413717,0.11656592515376903,15,21,8,1,23
0.8586948585709568,-1.0894776510001425,0.23647367843586825,1.6348916798413717,0.10471697606506675,16,21,8,1,23
0.7668038100500254,-1.1485865778110012,0.4666709180192524,1.6348916798413717,0.14026382333115672,17,21,8,1,23
0.7576147051979323,-1.1485865778110012,-0.22392080073090012,1.6348916798413717,0.152112772419859,18,21,8,1,23
0.8403166488667705,-0.9121508705675667,-0.9145125194810526,1.6348916798413717,0.18765961968593212,19,21,8,1,23
0.748425600345839,-1.030368724189284,-1.0296111392727447,-0.2110959525641372,0.23505541604072436,20,21,8,1,19
0.9505859070918884,-0.025516968404687458,0.5817695378109445,-0.2824001958759379,0.36539385601638197,21,21,8,1,23
0.987342326500261,0.2700276656496056,-1.0296111392727447,-0.2110959525641372,0.329847008750292,22,21,8,1,23
1.0149096410565404,0.4473544460821815,-1.259808378856129,-0.2110959525641372,0.34169595783899426,23,21,8,1,23
1.1068006895774718,0.5064633728930401,-0.22392080073090012,-0.2110959525641372,0.34169595783899426,0,22,8,2,23
1.115989794429565,0.6246812265147573,0.00627643885248406,-0.2110959525641372,0.329847008750292,1,22,8,2,25
1.0332878507607266,0.32913659246046423,-0.4541180403142843,-0.2110959525641372,0.3535449069276797,2,22,8,2,23
0.86788396342305,-0.1437348220264047,-0.22392080073090012,-0.2110959525641372,0.3890917541937697,3,22,8,2,1
0.8770730682751431,-0.08462589521554607,-0.6843152798976685,-0.2110959525641372,0.40094070328247194,4,22,8,2,1
0.9046403828314227,0.1518098120278884,-0.9145125194810526,1.6348916798413717,0.42463860145985965,5,22,8,2,19
0.9230185925356088,0.2700276656496056,-1.0296111392727447,1.6348916798413717,0.4720343978146519,6,22,8,2,19
0.8770730682751431,-0.1437348220264047,0.00627643885248406,1.6348916798413717,0.4838833469033373,7,22,8,2,19
0.8403166488667705,-0.4983883828915564,0.00627643885248406,1.6348916798413717,0.5075812450807419,8,22,8,2,19
0.9505859070918884,-0.4983883828915564,0.00627643885248406,1.6348916798413717,0.5312791432581295,9,22,8,2,23
1.060855165317006,-0.3801705292698392,0.23647367843586825,1.6348916798413717,0.5312791432581295,10,22,8,2,19
1.0424769556128197,-0.6757151633241323,1.0421640169777129,1.6348916798413717,0.4838833469033373,11,22,8,2,19
0.9505859070918884,-1.0894776510001425,1.0421640169777129,1.6348916798413717,0.46018544872594963,12,22,8,2,19
0.9413968022397953,-1.3850222850544356,1.0421640169777129,1.6348916798413717,0.40094070328247194,13,22,8,2,19
0.8219384391625842,-1.503240138676153,0.4666709180192524,1.6348916798413717,0.3535449069276797,14,22,8,2,19
0.7668038100500254,-1.6805669191087287,0.5817695378109445,1.6348916798413717,0.329847008750292,15,22,8,2,0
0.7392364954937459,-1.6805669191087287,1.5025584961444813,1.6348916798413717,0.2706022633068143,16,22,8,2,19
0.7668038100500254,-1.6214579922978702,0.00627643885248406,1.6348916798413717,0.25875331421811204,17,22,8,2,19
0.7300473906416528,-1.6214579922978702,-0.4541180403142843,1.6348916798413717,0.2232064669520221,18,22,8,2,19
0.9322076973877019,-1.0894776510001425,-0.6843152798976685,1.6348916798413717,0.23505541604072436,19,22,8,2,19
1.1068006895774718,-0.5574973097024151,-0.22392080073090012,-0.2110959525641372,0.2706022633068143,20,22,8,2,19
1.070044270169099,-0.4983883828915564,0.00627643885248406,-0.2110959525641372,0.28245121239551657,21,22,8,2,0
1.0516660604649128,-0.3801705292698392,0.23647367843586825,-0.2110959525641372,0.25875331421811204,22,22,8,2,19
0.9322076973877019,-0.6166062365132736,0.4666709180192524,-0.2110959525641372,0.24690436512942662,23,22,8,2,19
0.86788396342305,-0.6166062365132736,-0.4541180403142843,-0.2824001958759379,0.28245121239551657,0,23,8,3,19
0.9505859070918884,-0.2619526756481219,-0.22392080073090012,-0.2110959525641372,0.28245121239551657,1,23,8,3,19
0.9597750119439814,-0.025516968404687458,-0.22392080073090012,-0.2110959525641372,0.3179980596615897,2,23,8,3,23
0.9413968022397953,0.03359195840617116,-0.22392080073090012,-0.2110959525641372,0.3061491105729043,3,23,8,3,19
1.0057205362044472,0.210918738838747,0.00627643885248406,-0.2110959525641372,0.3061491105729043,4,23,8,3,19
1.0792333750211924,0.5655722997038988,0.00627643885248406,-0.2110959525641372,0.329847008750292,5,23,8,3,19
1.1619353186900305,0.6246812265147573,1.0421640169777129,-0.2824001958759379,0.36539385601638197,6,23,8,3,19
1.2262590526546826,0.5064633728930401,0.4666709180192524,-0.2824001958759379,0.37724280510508423,7,23,8,3,0
1.2170699478025897,0.09270088521702978,0.8119667773943287,-0.2824001958759379,0.37724280510508423,8,23,8,3,19
1.3089609963235211,0.09270088521702978,1.0421640169777129,1.6348916798413717,0.40094070328247194,9,23,8,3,19
1.1527462138379374,-0.5574973097024151,0.8119667773943287,1.6348916798413717,0.40094070328247194,10,23,8,3,19
1.2354481575067757,-0.7939330169458495,1.0421640169777129,1.6348916798413717,0.37724280510508423,11,23,8,3,19
1.1895026332463101,-0.9712597973784254,1.5025584961444813,1.6348916798413717,0.36539385601638197,12,23,8,3,23
1.1986917380984032,-1.030368724189284,1.272361256561097,1.6348916798413717,0.37724280510508423,13,23,8,3,23
1.180313528394217,-0.7348240901349908,-0.22392080073090012,-0.2824001958759379,0.37724280510508423,14,23,8,3,25
1.253826367210962,-0.7348240901349908,0.4666709180192524,1.6348916798413717,0.3535449069276797,15,23,8,3,23
1.1895026332463101,-0.7939330169458495,0.8119667773943287,1.6348916798413717,0.34169595783899426,16,23,8,3,19
1.2078808429504964,-0.853041943756708,0.23647367843586825,1.6348916798413717,0.329847008750292,17,23,8,3,19
1.2354481575067757,-0.6166062365132736,-0.4541180403142843,1.6348916798413717,0.34169595783899426,18,23,8,3,19
1.2170699478025897,-0.1437348220264047,-0.6843152798976685,-0.2110959525641372,0.36539385601638197,19,23,8,3,19
1.244637262358869,0.1518098120278884,-0.9145125194810526,-0.2110959525641372,0.42463860145985965,20,23,8,3,0
1.290582786619335,0.03359195840617116,-0.9145125194810526,-0.2110959525641372,0.49573229599203955,21,23,8,3,19
1.2630154720630553,0.5655722997038988,-1.0296111392727447,-0.2110959525641372,0.5668259905242196,22,23,8,3,23
1.2997718914714278,0.32913659246046423,-1.0296111392727447,-0.2110959525641372,0.5905238887016072,23,23,8,3,19
1.253826367210962,0.9202258605690504,-1.259808378856129,-0.2110959525641372,0.6379196850563994,0,24,8,4,19
1.1986917380984032,0.7428990801364745,-0.22392080073090012,-0.2110959525641372,0.6734665323224894,1,24,8,4,19
0.9046403828314227,-0.4392794560806978,-0.6843152798976685,-0.2110959525641372,0.6853154814111748,2,24,8,4,23
0.9046403828314227,-0.2619526756481219,-0.22392080073090012,-0.2110959525641372,0.6971644304998771,3,24,8,4,19
0.9230185925356088,-0.08462589521554607,-0.22392080073090012,-0.2110959525641372,0.7090133795885794,4,24,8,4,19
1.0240987459086335,0.9793347873799091,-1.0296111392727447,1.6348916798413717,0.7919560232094448,5,24,8,4,19
0.9505859070918884,0.683790153325616,-0.4541180403142843,1.6348916798413717,0.839351819564237,6,24,8,4,19
0.9046403828314227,0.03359195840617116,-0.4541180403142843,-0.2824001958759379,0.8630497177416248,7,24,8,4,19
0.9597750119439814,-0.3801705292698392,-0.9145125194810526,-0.2824001958759379,0.8867476159190124,8,24,8,4,0
0.9689641167960745,-0.6166062365132736,-0.6843152798976685,1.6348916798413717,0.8985965650077147,9,24,8,4,19
0.987342326500261,-0.9712597973784254,-0.22392080073090012,1.6348916798413717,0.9341434122738046,10,24,8,4,19
0.9965314313523541,-1.2076955046218598,-1.7202028580228972,1.6348916798413717,0.9104455140964001,11,24,8,4,19
1.0424769556128197,-1.2668044314327185,-1.0296111392727447,1.6348916798413717,0.8867476159190124,12,24,8,4,19
1.070044270169099,-1.3259133582435771,-1.259808378856129,1.6348916798413717,0.8512007686529224,13,24,8,4,19
1.0057205362044472,-1.503240138676153,-0.4541180403142843,1.6348916798413717,0.7801070741207425,14,24,8,4,19
0.9138294876835157,-1.6805669191087287,-0.6843152798976685,1.6348916798413717,0.7564091759433548,15,24,8,4,19
0.987342326500261,-1.5623490654870116,-0.4541180403142843,1.6348916798413717,0.7445602268546694,16,24,8,4,19
1.0240987459086335,-1.4441312118652943,-1.0296111392727447,1.6348916798413717,0.768258125032057,17,24,8,4,19
1.070044270169099,-1.0894776510001425,-1.0296111392727447,-0.2824001958759379,0.7801070741207425,18,24,8,4,19
0.9965314313523541,-1.3259133582435771,-0.4541180403142843,-0.2110959525641372,0.8038049722981471,19,24,8,4,23
0.9689641167960745,-1.3259133582435771,-0.22392080073090012,-0.2110959525641372,0.839351819564237,20,24,8,4,23
0.987342326500261,-1.1485865778110012,-0.9145125194810526,-0.2110959525641372,0.8512007686529224,21,24,8,4,19
1.0792333750211924,-0.5574973097024151,-0.4541180403142843,-0.2110959525641372,0.8512007686529224,22,24,8,4,19
1.0332878507607266,-0.5574973097024151,-0.22392080073090012,-0.2110959525641372,0.874898666830327,23,24,8,4,19
1.0424769556128197,-0.4392794560806978,-0.6843152798976685,-0.2110959525641372,0.8867476159190124,0,25,8,5,23
1.0516660604649128,-0.3210616024589805,-0.4541180403142843,-0.2110959525641372,0.8512007686529224,1,25,8,5,19
1.0240987459086335,-0.2619526756481219,-1.0296111392727447,-0.2110959525641372,0.8867476159190124,2,25,8,5,19
1.0516660604649128,-0.1437348220264047,-1.0296111392727447,-0.2110959525641372,0.8867476159190124,3,25,8,5,19
1.0792333750211924,-0.08462589521554607,-0.4541180403142843,-0.2110959525641372,0.8985965650077147,4,25,8,5,19
1.1068006895774718,0.09270088521702978,-1.259808378856129,-0.2824001958759379,0.98153920862858,5,25,8,5,19
1.1527462138379374,0.2700276656496056,-1.0296111392727447,-0.2824001958759379,1.0407839540720745,6,25,8,5,19
1.2262590526546826,0.1518098120278884,-1.0296111392727447,-0.2824001958759379,1.0763308013381476,7,25,8,5,19
1.2722045769151482,0.210918738838747,-1.259808378856129,-0.2824001958759379,1.0763308013381476,8,25,8,5,19
1.2997718914714278,-0.3801705292698392,-1.0296111392727447,1.6348916798413717,1.08817975042685,9,25,8,5,19
1.290582786619335,-0.7348240901349908,-0.9145125194810526,1.6348916798413717,1.08817975042685,10,25,8,5,0
1.3273392060277072,-0.7939330169458495,-0.9145125194810526,1.6348916798413717,1.05263290316076,11,25,8,5,19
1.3549065205839868,-1.0894776510001425,-0.9145125194810526,1.6348916798413717,1.0289350049833723,12,25,8,5,19
1.2997718914714278,-1.3259133582435771,-0.4541180403142843,1.6348916798413717,0.9341434122738046,13,25,8,5,0
1.2078808429504964,-1.6214579922978702,-0.9145125194810526,1.6348916798413717,0.874898666830327,14,25,8,5,19
1.1619353186900305,-1.7396758459195873,-0.6843152798976685,1.6348916798413717,0.8275028704755347,15,25,8,5,19
1.290582786619335,-1.503240138676153,-0.22392080073090012,1.6348916798413717,0.8156539213868325,16,25,8,5,19
1.3365283108798005,-1.3259133582435771,-0.4541180403142843,1.6348916798413717,0.7919560232094448,17,25,8,5,19
1.2813936817672416,-1.2076955046218598,-0.22392080073090012,1.6348916798413717,0.8156539213868325,18,25,8,5,19
1.2630154720630553,-0.9121508705675667,-0.6843152798976685,-0.2110959525641372,0.839351819564237,19,25,8,5,19
1.290582786619335,-0.7348240901349908,-0.22392080073090012,-0.2110959525641372,0.8630497177416248,20,25,8,5,19
1.3365283108798005,-0.4392794560806978,-0.4541180403142843,-0.2110959525641372,0.839351819564237,21,25,8,5,0
1.3549065205839868,-0.025516968404687458,-0.6843152798976685,-0.2110959525641372,0.8867476159190124,22,25,8,5,0
1.4192302545486388,0.09270088521702978,-0.6843152798976685,-0.2110959525641372,0.9222944631851023,23,25,8,5,0
1.4192302545486388,0.6246812265147573,-0.4541180403142843,-0.2110959525641372,0.9459923613624901,0,26,8,6,0
1.455986673957011,0.6246812265147573,-1.0296111392727447,-0.2110959525641372,0.9933881577172823,1,26,8,6,0
1.318150101175614,-0.025516968404687458,-0.9145125194810526,-0.2110959525641372,1.0052371068059847,2,26,8,6,0
1.318150101175614,-0.08462589521554607,0.00627643885248406,-0.2110959525641372,1.01708605589467,3,26,8,6,0
1.318150101175614,0.03359195840617116,-0.9145125194810526,-0.2110959525641372,1.0644818522494623,4,26,8,6,0
1.318150101175614,0.5064633728930401,-1.0296111392727447,-0.2824001958759379,1.1474244958703277,5,26,8,6,0
1.3457174157318934,0.683790153325616,-1.7202028580228972,-0.2824001958759379,1.1948202922251199,6,26,8,6,0
1.3365283108798005,0.1518098120278884,-0.6843152798976685,-0.2824001958759379,1.2422160885798952,7,26,8,6,0
1.3549065205839868,-0.1437348220264047,0.00627643885248406,-0.2824001958759379,1.23036713949121,8,26,8,6,19
1.373284730288173,-0.2028437488372633,-0.4541180403142843,-0.2824001958759379,1.2185181904025075,9,26,8,6,19
1.3916629399923592,-0.4983883828915564,0.00627643885248406,1.6348916798413717,1.2066692413138054,10,26,8,6,19
1.3640956254360797,-0.853041943756708,0.5817695378109445,1.6348916798413717,1.1711223940477322,11,26,8,6,19
1.3365283108798005,-1.0894776510001425,0.23647367843586825,1.6348916798413717,1.1118776486042377,12,26,8,6,19
1.2997718914714278,-1.2668044314327185,-0.22392080073090012,1.6348916798413717,1.0289350049833723,13,26,8,6,19
1.1895026332463101,-1.5623490654870116,0.23647367843586825,1.6348916798413717,0.8985965650077147,14,26,8,6,19
1.2078808429504964,-1.503240138676153,-0.22392080073090012,1.6348916798413717,0.839351819564237,15,26,8,6,19
1.244637262358869,-1.503240138676153,-0.4541180403142843,1.6348916798413717,0.7445602268546694,16,26,8,6,19
1.3089609963235211,-1.2668044314327185,-1.259808378856129,1.6348916798413717,0.6734665323224894,17,26,8,6,19
1.1619353186900305,-1.3850222850544356,-0.4541180403142843,1.6348916798413717,0.6023728377903095,18,26,8,6,19
1.1343680041337512,-1.2076955046218598,0.00627643885248406,-0.2110959525641372,0.5905238887016072,19,26,8,6,19
1.2170699478025897,-0.7939330169458495,-0.4541180403142843,-0.2110959525641372,0.6023728377903095,20,26,8,6,19
1.244637262358869,-0.5574973097024151,-0.6843152798976685,-0.2110959525641372,0.5905238887016072,21,26,8,6,23
1.318150101175614,-0.1437348220264047,0.00627643885248406,-0.2110959525641372,0.5549770414355173,22,26,8,6,23
1.373284730288173,-0.08462589521554607,0.00627643885248406,-0.2110959525641372,0.5431280923468318,23,26,8,6,23
1.318150101175614,-0.2619526756481219,0.00627643885248406,-0.2110959525641372,0.5194301941694273,0,27,8,0,23
1.3273392060277072,0.03359195840617116,-0.4541180403142843,-0.2110959525641372,0.46018544872594963,1,27,8,0,19
1.253826367210962,0.03359195840617116,-0.4541180403142843,-0.2110959525641372,0.4483364996372642,2,27,8,0,23
1.2262590526546826,0.09270088521702978,-0.4541180403142843,-0.2110959525641372,0.4127896523711742,3,27,8,0,23
1.2170699478025897,-0.08462589521554607,-0.22392080073090012,-0.2110959525641372,0.37724280510508423,4,27,8,0,23
1.2078808429504964,0.1518098120278884,0.00627643885248406,-0.2824001958759379,0.36539385601638197,5,27,8,0,23
1.2722045769151482,0.210918738838747,-0.22392080073090012,-0.2824001958759379,0.3890917541937697,6,27,8,0,23
1.318150101175614,0.03359195840617116,-0.22392080073090012,-0.2824001958759379,0.36539385601638197,7,27,8,0,23
1.2997718914714278,-0.3801705292698392,0.23647367843586825,-0.2824001958759379,0.329847008750292,8,27,8,0,23
1.373284730288173,-0.3801705292698392,0.4666709180192524,1.6348916798413717,0.3061491105729043,9,27,8,0,23
1.4100411496965455,-0.3801705292698392,0.8119667773943287,1.6348916798413717,0.23505541604072436,10,27,8,0,23
1.4192302545486388,-0.3801705292698392,0.23647367843586825,-0.2824001958759379,0.16396172150854443,11,27,8,0,1
1.455986673957011,-0.4983883828915564,0.5817695378109445,-0.2824001958759379,0.06917012879897678,12,27,8,0,1
1.455986673957011,-0.4392794560806978,0.5817695378109445,-0.2824001958759379,-0.025621463910590857,13,27,8,0,1
1.4376084642528248,-0.3801705292698392,0.23647367843586825,-0.2824001958759379,-0.1204130566201585,14,27,8,0,1
1.4376084642528248,-0.3210616024589805,0.00627643885248406,-0.2824001958759379,-0.21520464932972613,15,27,8,0,25
1.621390561294688,0.8020080069473332,-0.22392080073090012,-0.2824001958759379,-0.2626004456845184,16,27,8,0,25
1.6489578758509675,1.274879421434202,-0.22392080073090012,-0.2824001958759379,-0.2507514965958161,17,27,8,0,25
1.6305796661467813,1.0975526410016263,-0.9145125194810526,-0.2110959525641372,-0.32184519112799603,18,27,8,0,1
1.6397687709988742,1.156661567812485,-0.9145125194810526,-0.2110959525641372,-0.40478783474887825,19,27,8,0,1
1.612201456442595,1.0384437141907676,-0.22392080073090012,-0.2110959525641372,-0.4403346820149514,20,27,8,0,23
1.6581469807030609,1.5113151286776365,-0.4541180403142843,-0.2110959525641372,-0.46403258019235594,21,27,8,0,23
1.621390561294688,1.2157704946233434,0.00627643885248406,-0.2110959525641372,-0.4995794274584459,22,27,8,0,23
1.5203104079216636,0.8020080069473332,0.8119667773943287,-0.2110959525641372,-0.5469752238132213,23,27,8,0,23
1.5203104079216636,1.0384437141907676,1.272361256561097,-0.2110959525641372,-0.6180689183454012,0,28,8,1,1
1.5294995127737565,1.156661567812485,0.00627643885248406,-0.2110959525641372,-0.6654647147001934,1,28,8,1,1
1.5386886176258499,1.2157704946233434,0.00627643885248406,-0.2110959525641372,-0.7010115619662834,2,28,8,1,1
1.5386886176258499,1.274879421434202,-0.22392080073090012,-0.2110959525641372,-0.7247094601436711,3,28,8,1,23
1.5386886176258499,1.3930972750559194,-0.4541180403142843,-0.2110959525641372,-0.7484073583210589,4,28,8,1,19
1.5111213030695703,1.5704240554884952,-0.22392080073090012,-0.9162156919808337,-0.6891626128775812,5,28,8,1,23
1.5386886176258499,1.5704240554884952,0.00627643885248406,-0.6626894935388755,-0.6536157656114912,6,28,8,1,23
1.557066827330036,1.274879421434202,0.00627643885248406,-0.6626894935388755,-0.6180689183454012,7,28,8,1,23
1.5019321982174771,1.0975526410016263,0.00627643885248406,-0.6626894935388755,-0.5706731219906258,8,28,8,1,1
1.2997718914714278,0.09270088521702978,1.0421640169777129,1.6348916798413717,-0.5469752238132213,9,28,8,1,19
1.1895026332463101,-0.4392794560806978,0.00627643885248406,1.6348916798413717,-0.5232773256358336,10,28,8,1,19
1.1527462138379374,-0.2619526756481219,-0.22392080073090012,1.6348916798413717,-0.5351262747245359,11,28,8,1,23
1.0424769556128197,-1.030368724189284,0.8119667773943287,1.6348916798413717,-0.5351262747245359,12,28,8,1,19
0.8770730682751431,-1.3850222850544356,1.7327557357278653,1.6348916798413717,-0.5232773256358336,13,28,8,1,19
0.6841018663811871,-1.5623490654870116,1.7327557357278653,1.6348916798413717,-0.5232773256358336,14,28,8,1,19
0.5738326081560694,-1.6214579922978702,1.5025584961444813,1.6348916798413717,-0.4758815292810413,15,28,8,1,19
0.5646435033039762,-1.503240138676153,1.0421640169777129,1.6348916798413717,-0.40478783474887825,16,28,8,1,19
0.47275245478304484,-1.5623490654870116,0.8119667773943287,1.6348916798413717,-0.34554308930538374,17,28,8,1,19
0.43599603537467224,-1.3850222850544356,0.5817695378109445,1.6348916798413717,-0.30999624203929377,18,28,8,1,19
0.44518514022676536,-1.2668044314327185,0.23647367843586825,-0.2110959525641372,-0.21520464932972613,19,28,8,1,23
0.39923961596629964,-0.9121508705675667,0.00627643885248406,-0.2110959525641372,-0.0967151584427708,20,28,8,1,19
0.41761782567048583,-0.4392794560806978,-0.9145125194810526,-0.2110959525641372,-0.04931936208797856,21,28,8,1,19
0.44518514022676536,-0.1437348220264047,-0.6843152798976685,-0.2110959525641372,-0.04931936208797856,22,28,8,1,19
0.5646435033039762,0.1518098120278884,-0.9145125194810526,-0.2110959525641372,-0.0019235657332031574,23,28,8,1,23
0.5186979790435104,0.6246812265147573,-0.9145125194810526,-0.2110959525641372,0.009925383355499112,0,29,8,2,0
0.5003197693393242,0.683790153325616,-0.6843152798976685,-0.2110959525641372,0.021774332444184544,1,29,8,2,23
0.555454398451883,0.32913659246046423,-0.4541180403142843,-0.2110959525641372,0.03362328153288681,2,29,8,2,23
0.47275245478304484,0.7428990801364745,-0.6843152798976685,-0.2110959525641372,0.009925383355499112,3,29,8,2,0
0.4635633499309516,0.8611169337581918,-0.9145125194810526,-0.2110959525641372,0.009925383355499112,4,29,8,2,0
0.4911306644872311,0.9793347873799091,-0.9145125194810526,1.6348916798413717,0.021774332444184544,5,29,8,2,0
0.5830217130081625,0.8020080069473332,-0.6843152798976685,1.6348916798413717,0.05732117971027451,6,29,8,2,0
0.5095088741914173,-0.4983883828915564,0.4666709180192524,1.6348916798413717,0.09286802697636448,7,29,8,2,0
0.44518514022676536,-1.030368724189284,0.5817695378109445,1.6348916798413717,0.09286802697636448,8,29,8,2,0
0.4911306644872311,-1.2076955046218598,0.8119667773943287,1.6348916798413717,0.06917012879897678,9,29,8,2,0
0.5095088741914173,-1.3850222850544356,0.5817695378109445,1.6348916798413717,0.04547223062158908,10,29,8,2,0
0.5462652935997899,-1.503240138676153,0.8119667773943287,1.6348916798413717,0.021774332444184544,11,29,8,2,0
0.5186979790435104,-1.6214579922978702,1.272361256561097,1.6348916798413717,-0.04931936208797856,12,29,8,2,19
0.4911306644872311,-1.798784772730446,1.9629529753112496,1.6348916798413717,-0.08486620935406852,13,29,8,2,0
0.5278870838956037,-1.9170026263521631,0.5817695378109445,1.6348916798413717,-0.15595990388624847,14,29,8,2,0
0.5003197693393242,-1.8578936995413047,1.9629529753112496,1.6348916798413717,-0.21520464932972613,15,29,8,2,19
0.5095088741914173,-1.8578936995413047,1.0421640169777129,1.6348916798413717,-0.2270535984184284,16,29,8,2,19
0.4635633499309516,-1.8578936995413047,1.272361256561097,1.6348916798413717,-0.2270535984184284,17,29,8,2,19
0.39923961596629964,-1.8578936995413047,0.4666709180192524,1.6348916798413717,-0.21520464932972613,18,29,8,2,0
0.3808614062621134,-1.7396758459195873,0.00627643885248406,1.6348916798413717,-0.19150675115233842,19,29,8,2,0
0.41761782567048583,-1.3850222850544356,-0.6843152798976685,-0.2110959525641372,-0.15595990388624847,20,29,8,2,0
0.43599603537467224,-1.3259133582435771,0.00627643885248406,-0.2110959525641372,-0.1441109547975462,21,29,8,2,0
0.5646435033039762,-1.030368724189284,0.8119667773943287,-0.2110959525641372,-0.1441109547975462,22,29,8,2,0
0.674912761529094,-0.5574973097024151,0.5817695378109445,-0.2110959525641372,-0.0967151584427708,23,29,8,2,0
0.7392364954937459,-0.2028437488372633,0.4666709180192524,-0.2110959525641372,-0.10856410753147307,0,30,8,3,0
0.8219384391625842,0.1518098120278884,-0.4541180403142843,-0.2110959525641372,-0.15595990388624847,1,30,8,3,0
0.8770730682751431,0.8020080069473332,-0.4541180403142843,-0.2110959525641372,-0.0967151584427708,2,30,8,3,23
0.8403166488667705,0.4473544460821815,0.23647367843586825,-0.2110959525641372,-0.1441109547975462,3,30,8,3,19
0.8495057537188638,0.8020080069473332,0.00627643885248406,-0.2110959525641372,-0.10856410753147307,4,30,8,3,0
0.8403166488667705,0.6246812265147573,0.5817695378109445,1.6348916798413717,-0.0967151584427708,5,30,8,3,19
0.8495057537188638,0.4473544460821815,1.272361256561097,1.6348916798413717,-0.1204130566201585,6,30,8,3,23
0.8495057537188638,0.2700276656496056,0.5817695378109445,-0.2824001958759379,-0.1204130566201585,7,30,8,3,19
0.9230185925356088,0.210918738838747,1.0421640169777129,-0.2824001958759379,-0.13226200570886076,8,30,8,3,19
0.9781532216481676,-0.025516968404687458,1.9629529753112496,1.6348916798413717,-0.1441109547975462,9,30,8,3,19
0.987342326500261,-0.5574973097024151,1.272361256561097,1.6348916798413717,-0.20335570024104072,10,30,8,3,19
1.0516660604649128,-0.6166062365132736,2.078051595102942,1.6348916798413717,-0.2507514965958161,11,30,8,3,19
1.180313528394217,-0.7348240901349908,1.9629529753112496,1.6348916798413717,-0.30999624203929377,12,30,8,3,19
1.290582786619335,-0.7939330169458495,2.53844607426971,1.6348916798413717,-0.3810899365714737,13,30,8,3,19
1.2813936817672416,-1.030368724189284,1.272361256561097,1.6348916798413717,-0.4758815292810413,14,30,8,3,19
1.3273392060277072,-1.030368724189284,2.3082488346863257,1.6348916798413717,-0.5232773256358336,15,30,8,3,19
1.253826367210962,-1.0894776510001425,2.078051595102942,1.6348916798413717,-0.606219969256699,16,30,8,3,23
1.2813936817672416,-0.9712597973784254,2.9988405534364784,1.6348916798413717,-0.6180689183454012,17,30,8,3,23
1.2630154720630553,-0.853041943756708,2.3082488346863257,1.6348916798413717,-0.6536157656114912,18,30,8,3,23
1.2630154720630553,-0.6166062365132736,3.2290377930198626,-0.2110959525641372,-0.6654647147001934,19,30,8,3,23
1.1619353186900305,-0.6757151633241323,2.768643313853094,-0.2110959525641372,-0.6417668165227889,20,30,8,3,23
1.1986917380984032,-0.5574973097024151,3.3441364128115545,-0.2110959525641372,-0.6180689183454012,21,30,8,3,19
1.1895026332463101,-0.5574973097024151,2.9988405534364784,-0.2110959525641372,-0.606219969256699,22,30,8,3,19
1.1986917380984032,-0.4392794560806978,2.53844607426971,-0.2110959525641372,-0.5706731219906258,23,30,8,3,19
1.0976115847253787,-0.6166062365132736,2.078051595102942,-0.2110959525641372,-0.5943710201680136,0,31,8,4,0
1.060855165317006,-0.6757151633241323,2.3082488346863257,-0.2110959525641372,-0.6417668165227889,1,31,8,4,19
1.0424769556128197,-0.6757151633241323,2.3082488346863257,-0.2110959525641372,-0.6536157656114912,2,31,8,4,19
0.8954512779793296,-0.9121508705675667,1.5025584961444813,-0.2110959525641372,-0.6299178674341035,3,31,8,4,23
0.9597750119439814,-0.7939330169458495,1.5025584961444813,-0.2110959525641372,-0.6891626128775812,4,31,8,4,23
1.1068006895774718,-0.3801705292698392,1.5025584961444813,-0.2824001958759379,-0.7128605110549688,5,31,8,4,23
1.244637262358869,-0.025516968404687458,1.7327557357278653,-0.2824001958759379,-0.6417668165227889,6,31,8,4,25
1.2722045769151482,0.03359195840617116,1.9629529753112496,-0.2824001958759379,-0.6773136637888789,7,31,8,4,25
1.2262590526546826,-0.1437348220264047,2.53844607426971,-0.2824001958759379,-0.6654647147001934,8,31,8,4,1
1.3365283108798005,0.4473544460821815,2.3082488346863257,-0.2824001958759379,-0.6536157656114912,9,31,8,4,25
1.4008520448444526,1.274879421434202,0.5817695378109445,-0.2824001958759379,-0.606219969256699,10,31,8,4,47
1.474364883661198,1.0975526410016263,1.272361256561097,-0.2824001958759379,-0.6299178674341035,11,31,8,4,1
1.474364883661198,0.5655722997038988,0.5817695378109445,-0.2824001958759379,-0.6654647147001934,12,31,8,4,25
1.4376084642528248,0.1518098120278884,0.8119667773943287,-0.2824001958759379,-0.7365584092323566,13,31,8,4,1
1.4376084642528248,0.1518098120278884,0.8119667773943287,-0.2824001958759379,-0.795803154675851,14,31,8,4,1
1.474364883661198,-0.1437348220264047,1.7327557357278653,-0.2824001958759379,-0.8313500019419411,15,31,8,4,23
1.4651757788091044,0.03359195840617116,0.5817695378109445,-0.2824001958759379,-0.795803154675851,16,31,8,4,23
1.455986673957011,-0.025516968404687458,0.23647367843586825,-0.2824001958759379,-0.7602563074097611,17,31,8,4,23
1.474364883661198,0.210918738838747,-0.22392080073090012,-0.2824001958759379,-0.6891626128775812,18,31,8,4,23
1.5019321982174771,0.5655722997038988,-0.6843152798976685,-0.2110959525641372,-0.6299178674341035,19,31,8,4,19
1.5203104079216636,0.8611169337581918,-0.4541180403142843,-0.2110959525641372,-0.5232773256358336,20,31,8,4,19
1.5111213030695703,1.0384437141907676,-0.4541180403142843,-0.2110959525641372,-0.4758815292810413,21,31,8,4,19
1.318150101175614,0.3882455192713229,0.5817695378109445,-0.2110959525641372,-0.32184519112799603,22,31,8,4,19
0.9505859070918884,-0.3801705292698392,-0.4541180403142843,-0.2110959525641372,-0.2507514965958161,23,31,8,4,0
0.9689641167960745,-0.08462589521554607,-0.4541180403142843,-0.2110959525641372,-0.13226200570886076,0,1,9,5,19
0.9138294876835157,-0.08462589521554607,-1.259808378856129,-0.2110959525641372,-0.061168311176680826,1,1,9,5,19
0.9230185925356088,-0.08462589521554607,-0.6843152798976685,-0.2110959525641372,-0.0019235657332031574,2,1,9,5,19
0.9413968022397953,0.32913659246046423,-0.4541180403142843,-0.2110959525641372,0.09286802697636448,3,1,9,5,19
0.9413968022397953,0.7428990801364745,-0.4541180403142843,-0.2110959525641372,0.18765961968593212,4,1,9,5,0
0.9505859070918884,0.8611169337581918,-0.22392080073090012,-0.2110959525641372,0.3061491105729043,5,1,9,5,19
0.9138294876835157,0.683790153325616,-0.22392080073090012,1.6348916798413717,0.42463860145985965,6,1,9,5,19
0.7392364954937459,-0.2619526756481219,1.0421640169777129,1.6348916798413717,0.5075812450807419,7,1,9,5,19
0.6381563421207214,-0.7348240901349908,0.5817695378109445,1.6348916798413717,0.5786749396129218,8,1,9,5,19
0.5738326081560694,-1.2076955046218598,0.00627643885248406,1.6348916798413717,0.6379196850563994,9,1,9,5,0
0.5462652935997899,-1.503240138676153,0.5817695378109445,1.6348916798413717,0.6497686341450849,10,1,9,5,0
0.3349158820016476,-1.9761115531630218,0.00627643885248406,1.6348916798413717,0.6497686341450849,11,1,9,5,19
0.40842872081839277,-1.9170026263521631,-0.22392080073090012,1.6348916798413717,0.6142217868789949,12,1,9,5,0
0.40842872081839277,-1.9761115531630218,-1.0296111392727447,1.6348916798413717,0.5786749396129218,13,1,9,5,0
0.3808614062621134,-1.9761115531630218,-0.9145125194810526,1.6348916798413717,0.49573229599203955,14,1,9,5,0
0.43599603537467224,-1.9761115531630218,-0.9145125194810526,1.6348916798413717,0.46018544872594963,15,1,9,5,0
0.40842872081839277,-2.0352204799738804,-1.259808378856129,1.6348916798413717,0.4483364996372642,16,1,9,5,0
0.3716723014100201,-2.0352204799738804,-0.9145125194810526,1.6348916798413717,0.40094070328247194,17,1,9,5,0
0.5370761887476968,-1.6214579922978702,-0.6843152798976685,1.6348916798413717,0.42463860145985965,18,1,9,5,0
0.5278870838956037,-1.3850222850544356,-1.0296111392727447,1.6348916798413717,0.4720343978146519,19,1,9,5,0
0.674912761529094,-0.6757151633241323,-0.4541180403142843,-0.2110959525641372,0.4838833469033373,20,1,9,5,0
0.4635633499309516,-1.0894776510001425,-0.9145125194810526,-0.2110959525641372,0.49573229599203955,21,1,9,5,0
0.6105890275644419,-0.5574973097024151,-1.0296111392727447,-0.2110959525641372,0.4838833469033373,22,1,9,5,0
0.6013999227123488,-0.4392794560806978,-0.9145125194810526,-0.2110959525641372,0.4720343978146519,23,1,9,5,19
0.5922108178602556,-0.2619526756481219,-1.259808378856129,-0.2110959525641372,0.49573229599203955,0,2,9,6,0
0.6197781324165351,0.32913659246046423,-1.259808378856129,-0.2110959525641372,0.49573229599203955,1,2,9,6,0
0.6381563421207214,0.5655722997038988,-1.259808378856129,-0.2110959525641372,0.49573229599203955,2,2,9,6,0
0.6381563421207214,0.683790153325616,-1.7202028580228972,-0.2110959525641372,0.4483364996372642,3,2,9,6,19
0.6565345518249076,0.683790153325616,-1.7202028580228972,-0.2110959525641372,0.42463860145985965,4,2,9,6,19
0.7024800760853733,0.5655722997038988,-1.0296111392727447,-0.2110959525641372,0.4483364996372642,5,2,9,6,19
0.7576147051979323,1.0975526410016263,-0.9145125194810526,-0.2824001958759379,0.5075812450807419,6,2,9,6,19
0.8311275440146774,0.6246812265147573,-1.259808378856129,1.6348916798413717,0.5194301941694273,7,2,9,6,19
0.8403166488667705,0.1518098120278884,-0.9145125194810526,1.6348916798413717,0.5431280923468318,8,2,9,6,23
0.8219384391625842,-0.3801705292698392,-1.259808378856129,1.6348916798413717,0.5549770414355173,9,2,9,6,23
0.8127493343104911,-0.7348240901349908,-1.0296111392727447,1.6348916798413717,0.5668259905242196,10,2,9,6,23
0.7116691809374666,-1.1485865778110012,-1.259808378856129,1.6348916798413717,0.5549770414355173,11,2,9,6,23
0.5738326081560694,-1.798784772730446,-1.259808378856129,1.6348916798413717,0.5194301941694273,12,2,9,6,19
0.40842872081839277,-2.1534383335955978,-0.6843152798976685,1.6348916798413717,0.49573229599203955,13,2,9,6,19
0.44518514022676536,-2.094329406784739,-0.6843152798976685,1.6348916798413717,0.4720343978146519,14,2,9,6,19
0.36248319655792705,-2.271656187217315,-0.9145125194810526,1.6348916798413717,0.42463860145985965,15,2,9,6,19
0.3165376722974613,-2.271656187217315,-0.4541180403142843,1.6348916798413717,0.4483364996372642,16,2,9,6,19
0.39923961596629964,-1.9761115531630218,-0.6843152798976685,1.6348916798413717,0.46018544872594963,17,2,9,6,19
0.3900505111142065,-2.0352204799738804,-0.4541180403142843,1.6348916798413717,0.49573229599203955,18,2,9,6,19
0.5370761887476968,-1.3259133582435771,-0.22392080073090012,1.6348916798413717,0.5431280923468318,19,2,9,6,19
0.5462652935997899,-1.3850222850544356,-0.6843152798976685,-0.2110959525641372,0.5549770414355173,20,2,9,6,0
0.6289672372686282,-0.9712597973784254,-0.9145125194810526,-0.2110959525641372,0.5668259905242196,21,2,9,6,19
0.6841018663811871,-0.7348240901349908,-1.259808378856129,-0.2110959525641372,0.6142217868789949,22,2,9,6,19
0.6657236566770008,-0.6757151633241323,-1.259808378856129,-0.2110959525641372,0.6142217868789949,23,2,9,6,0
0.7024800760853733,-0.3210616024589805,-0.9145125194810526,-0.2110959525641372,0.6497686341450849,0,3,9,0,0
0.6197781324165351,-0.08462589521554607,-1.7202028580228972,-0.2110959525641372,0.6616175832337872,1,3,9,0,19
0.5830217130081625,0.32913659246046423,-1.0296111392727447,-0.2110959525641372,0.6379196850563994,2,3,9,0,19
0.7208582857895597,0.683790153325616,-1.259808378856129,-0.2110959525641372,0.6616175832337872,3,3,9,0,19
0.7759929149021185,1.0384437141907676,-1.0296111392727447,-0.2110959525641372,0.6853154814111748,4,3,9,0,0
0.7116691809374666,0.5064633728930401,-1.0296111392727447,-0.2110959525641372,0.7445602268546694,5,3,9,0,19
0.748425600345839,0.9793347873799091,-1.0296111392727447,1.6348916798413717,0.7445602268546694,6,3,9,0,19
0.8862621731272362,0.5655722997038988,-0.9145125194810526,1.6348916798413717,0.7564091759433548,7,3,9,0,19
0.9597750119439814,0.1518098120278884,-0.4541180403142843,1.6348916798413717,0.7327112777659671,8,3,9,0,19
0.8495057537188638,-0.7348240901349908,-0.6843152798976685,1.6348916798413717,0.7090133795885794,9,3,9,0,19
0.8403166488667705,-1.2076955046218598,-0.6843152798976685,1.6348916798413717,0.6853154814111748,10,3,9,0,19
0.7668038100500254,-1.4441312118652943,-0.6843152798976685,1.6348916798413717,0.6379196850563994,11,3,9,0,19
0.7851820197542116,-1.6805669191087287,-0.22392080073090012,1.6348916798413717,0.5786749396129218,12,3,9,0,19
0.6841018663811871,-1.8578936995413047,-1.259808378856129,1.6348916798413717,0.5312791432581295,13,3,9,0,19
0.7208582857895597,-2.0352204799738804,-1.7202028580228972,1.6348916798413717,0.42463860145985965,14,3,9,0,19
0.7300473906416528,-1.9761115531630218,-0.22392080073090012,1.6348916798413717,0.329847008750292,15,3,9,0,19
0.8127493343104911,-1.8578936995413047,-1.259808378856129,1.6348916798413717,0.28245121239551657,16,3,9,0,23
0.9413968022397953,-1.503240138676153,-0.22392080073090012,1.6348916798413717,0.23505541604072436,17,3,9,0,23
0.9138294876835157,-1.3850222850544356,-0.22392080073090012,1.6348916798413717,0.1758106705972467,18,3,9,0,23
0.9046403828314227,-1.3259133582435771,-0.6843152798976685,-0.2110959525641372,0.16396172150854443,19,3,9,0,23
0.9230185925356088,-1.2668044314327185,-0.6843152798976685,-0.2110959525641372,0.18765961968593212,20,3,9,0,23
0.9413968022397953,-1.0894776510001425,0.00627643885248406,-0.2110959525641372,0.16396172150854443,21,3,9,0,19
1.115989794429565,-0.3801705292698392,-0.22392080073090012,-0.2110959525641372,0.16396172150854443,22,3,9,0,19
1.2170699478025897,0.2700276656496056,-0.4541180403142843,-0.2110959525641372,0.152112772419859,23,3,9,0,19
1.2262590526546826,0.3882455192713229,-0.6843152798976685,-0.2110959525641372,0.18765961968593212,0,4,9,1,19
1.2354481575067757,0.32913659246046423,-0.6843152798976685,-0.2110959525641372,0.1758106705972467,1,4,9,1,23
1.2170699478025897,0.32913659246046423,-0.22392080073090012,-0.2110959525641372,0.12841487424245446,2,4,9,1,23
1.1711244235421239,0.1518098120278884,-0.9145125194810526,-0.2110959525641372,0.10471697606506675,3,4,9,1,23
1.125178899281658,0.09270088521702978,-1.0296111392727447,-0.2110959525641372,0.09286802697636448,4,4,9,1,1
1.1068006895774718,0.03359195840617116,-0.6843152798976685,-0.2110959525641372,0.06917012879897678,5,4,9,1,23
1.1711244235421239,0.210918738838747,0.00627643885248406,-0.2110959525641372,0.11656592515376903,6,4,9,1,1
1.244637262358869,0.5064633728930401,0.23647367843586825,-0.2824001958759379,0.09286802697636448,7,4,9,1,1
1.2722045769151482,0.4473544460821815,0.00627643885248406,-0.2824001958759379,0.06917012879897678,8,4,9,1,23
1.318150101175614,0.32913659246046423,-0.4541180403142843,-0.2824001958759379,0.05732117971027451,9,4,9,1,23
1.3457174157318934,0.1518098120278884,-0.6843152798976685,-0.2824001958759379,0.03362328153288681,10,4,9,1,1
1.373284730288173,-0.2619526756481219,0.00627643885248406,-0.2824001958759379,-0.03747041299929313,11,4,9,1,23
1.4192302545486388,-0.2619526756481219,-1.0296111392727447,-0.2824001958759379,-0.13226200570886076,12,4,9,1,1
1.4008520448444526,-0.2028437488372633,-0.6843152798976685,-0.2824001958759379,-0.19150675115233842,13,4,9,1,1
1.4192302545486388,-0.08462589521554607,0.00627643885248406,-0.2824001958759379,-0.2626004456845184,14,4,9,1,1
1.4008520448444526,0.03359195840617116,0.4666709180192524,-0.2824001958759379,-0.28629834386190606,15,4,9,1,1
1.3916629399923592,0.1518098120278884,0.00627643885248406,-0.2824001958759379,-0.3336941402166983,16,4,9,1,1
1.4192302545486388,0.2700276656496056,0.00627643885248406,-0.2824001958759379,-0.3692409874827883,17,4,9,1,1
1.5294995127737565,1.0384437141907676,-0.6843152798976685,-0.6626894935388755,-0.3810899365714737,18,4,9,1,24
1.5754450370342223,1.5113151286776365,-0.9145125194810526,-1.1697418904227923,-0.4166367838375637,19,4,9,1,24
1.5938232467384086,1.6295329822993538,-0.6843152798976685,-1.1697418904227923,-0.4403346820149514,20,4,9,1,24
1.5754450370342223,1.452206201866778,-0.6843152798976685,-0.6626894935388755,-0.46403258019235594,21,4,9,1,24
1.5754450370342223,1.5704240554884952,0.00627643885248406,-0.6626894935388755,-0.5232773256358336,22,4,9,1,24
1.5294995127737565,1.5704240554884952,-0.6843152798976685,-0.6626894935388755,-0.6891626128775812,23,4,9,1,24
1.5203104079216636,1.5113151286776365,-0.22392080073090012,-0.6626894935388755,-0.7365584092323566,0,5,9,2,24
1.474364883661198,1.452206201866778,-0.22392080073090012,-0.9162156919808337,-0.8313500019419411,1,5,9,2,24
1.4376084642528248,1.6295329822993538,0.23647367843586825,-0.2110959525641372,-0.8313500019419411,2,5,9,2,24
1.3916629399923592,1.6295329822993538,0.00627643885248406,-0.2110959525641372,-0.7839542055871488,3,5,9,2,1
1.3824738351402663,1.5704240554884952,-0.4541180403142843,-0.2110959525641372,-0.7365584092323566,4,5,9,2,23
1.3365283108798005,1.7477508359210712,-0.9145125194810526,-0.2110959525641372,-0.7010115619662834,5,5,9,2,23
1.3640956254360797,1.6295329822993538,-0.9145125194810526,-0.2824001958759379,-0.6417668165227889,6,5,9,2,23
1.4467975691049182,1.5113151286776365,-0.4541180403142843,-0.2824001958759379,-0.5943710201680136,7,5,9,2,19
1.474364883661198,1.0384437141907676,-0.22392080073090012,1.6348916798413717,-0.6417668165227889,8,5,9,2,19
1.4651757788091044,0.683790153325616,0.00627643885248406,-0.2824001958759379,-0.606219969256699,9,5,9,2,23
1.5019321982174771,0.5064633728930401,-0.4541180403142843,-0.2824001958759379,-0.5469752238132213,10,5,9,2,23
1.4100411496965455,0.210918738838747,-0.9145125194810526,-0.2824001958759379,-0.5706731219906258,11,5,9,2,25
1.5294995127737565,0.03359195840617116,-0.4541180403142843,-0.2824001958759379,-0.606219969256699,12,5,9,2,19
1.4467975691049182,-0.2619526756481219,-0.4541180403142843,-0.2824001958759379,-0.6299178674341035,13,5,9,2,19
1.428419359400732,-0.4392794560806978,-0.22392080073090012,-0.2824001958759379,-0.6654647147001934,14,5,9,2,19
1.3824738351402663,-0.4983883828915564,-0.4541180403142843,-0.2824001958759379,-0.6891626128775812,15,5,9,2,19
1.3916629399923592,-0.6166062365132736,-0.6843152798976685,-0.2824001958759379,-0.7128605110549688,16,5,9,2,19
1.3457174157318934,-0.5574973097024151,-0.22392080073090012,-0.2824001958759379,-0.7247094601436711,17,5,9,2,19
1.3365283108798005,-0.4983883828915564,-0.6843152798976685,-0.2824001958759379,-0.6536157656114912,18,5,9,2,19
1.373284730288173,-0.3210616024589805,-1.0296111392727447,-0.2110959525641372,-0.5943710201680136,19,5,9,2,23
1.483553988513291,0.210918738838747,-0.9145125194810526,-0.2110959525641372,-0.5706731219906258,20,5,9,2,23
1.428419359400732,0.1518098120278884,-0.6843152798976685,-0.2110959525641372,-0.5588241729019235,21,5,9,2,25
1.4376084642528248,0.4473544460821815,-0.9145125194810526,-0.2110959525641372,-0.5943710201680136,22,5,9,2,23
1.428419359400732,0.6246812265147573,-1.0296111392727447,-0.2110959525641372,-0.6180689183454012,23,5,9,2,19
1.428419359400732,0.8611169337581918,-0.9145125194810526,-0.2110959525641372,-0.6180689183454012,0,6,9,3,19
1.455986673957011,1.0384437141907676,-0.9145125194810526,-0.2110959525641372,-0.5943710201680136,1,6,9,3,23
1.4651757788091044,0.9793347873799091,-0.9145125194810526,-0.2110959525641372,-0.5943710201680136,2,6,9,3,19
1.4651757788091044,1.0384437141907676,-1.0296111392727447,-0.2110959525641372,-0.5943710201680136,3,6,9,3,23
1.492743093365384,1.156661567812485,-0.9145125194810526,-0.2110959525641372,-0.606219969256699,4,6,9,3,19
1.428419359400732,0.9793347873799091,-1.0296111392727447,-0.2110959525641372,-0.5232773256358336,5,6,9,3,23
1.4008520448444526,1.3339883482450607,-0.6843152798976685,-0.2110959525641372,-0.5588241729019235,6,6,9,3,23
1.3916629399923592,1.156661567812485,-0.9145125194810526,-0.2110959525641372,-0.5114283765471314,7,6,9,3,1
1.428419359400732,0.9202258605690504,-0.9145125194810526,-0.2824001958759379,-0.5114283765471314,8,6,9,3,23
1.4467975691049182,0.3882455192713229,-1.0296111392727447,-0.2824001958759379,-0.5469752238132213,9,6,9,3,19
1.4008520448444526,-0.1437348220264047,-1.0296111392727447,-0.2824001958759379,-0.5943710201680136,10,6,9,3,19
1.428419359400732,-0.3801705292698392,-0.22392080073090012,-0.2824001958759379,-0.6536157656114912,11,6,9,3,19
1.3549065205839868,-0.6757151633241323,0.00627643885248406,-0.2824001958759379,-0.7128605110549688,12,6,9,3,19
1.373284730288173,-0.853041943756708,-0.4541180403142843,-0.2824001958759379,-0.7602563074097611,13,6,9,3,19
1.4008520448444526,-0.7939330169458495,-0.22392080073090012,-0.2824001958759379,-0.8431989510306265,14,6,9,3,23
1.455986673957011,-0.7348240901349908,-0.22392080073090012,-0.2824001958759379,-0.8905947473854188,15,6,9,3,19
1.4100411496965455,-0.6757151633241323,0.4666709180192524,-0.2824001958759379,-0.8787457982967164,16,6,9,3,19
1.3824738351402663,-0.6166062365132736,0.23647367843586825,-0.2824001958759379,-0.8195010528532388,17,6,9,3,19
1.2813936817672416,-0.4392794560806978,-0.6843152798976685,-0.2824001958759379,-0.795803154675851,18,6,9,3,19
1.2813936817672416,0.03359195840617116,-1.0296111392727447,-0.2110959525641372,-0.7484073583210589,19,6,9,3,19
1.3089609963235211,0.1518098120278884,-0.4541180403142843,-0.2110959525641372,-0.6891626128775812,20,6,9,3,0
1.1527462138379374,-0.025516968404687458,-0.9145125194810526,-0.2110959525641372,-0.6299178674341035,21,6,9,3,19
1.1435571089858443,0.4473544460821815,-0.6843152798976685,-0.2110959525641372,-0.5943710201680136,22,6,9,3,19
1.1068006895774718,0.1518098120278884,-1.7202028580228972,-0.2110959525641372,-0.5469752238132213,23,6,9,3,19
1.125178899281658,0.8020080069473332,-1.259808378856129,-0.2824001958759379,-0.5114283765471314,0,7,9,4,0
1.0976115847253787,0.5655722997038988,-1.259808378856129,-0.2110959525641372,-0.5114283765471314,1,7,9,4,0
1.1986917380984032,1.2157704946233434,-0.6843152798976685,-0.2110959525641372,-0.5114283765471314,2,7,9,4,19
1.0976115847253787,0.6246812265147573,-1.0296111392727447,-0.2110959525641372,-0.4403346820149514,3,7,9,4,0
1.070044270169099,0.5655722997038988,-1.0296111392727447,-0.2110959525641372,-0.4403346820149514,4,7,9,4,0
1.0792333750211924,1.3930972750559194,-0.9145125194810526,-0.2110959525641372,-0.392938885660176,5,7,9,4,19
1.1068006895774718,0.9202258605690504,-0.4541180403142843,1.6348916798413717,-0.3336941402166983,6,7,9,4,19
1.0884224798732856,0.5655722997038988,0.00627643885248406,1.6348916798413717,-0.28629834386190606,7,7,9,4,23
1.0424769556128197,0.03359195840617116,-0.6843152798976685,1.6348916798413717,-0.30999624203929377,8,7,9,4,23
1.0884224798732856,-0.1437348220264047,0.4666709180192524,1.6348916798413717,-0.2981472929506083,9,7,9,4,23
1.2170699478025897,-0.025516968404687458,0.4666709180192524,1.6348916798413717,-0.27444939477322067,10,7,9,4,23
1.180313528394217,-0.2028437488372633,0.4666709180192524,1.6348916798413717,-0.2507514965958161,11,7,9,4,23
1.0516660604649128,-0.6757151633241323,0.23647367843586825,1.6348916798413717,-0.27444939477322067,12,7,9,4,1
0.9322076973877019,-1.2076955046218598,0.23647367843586825,1.6348916798413717,-0.2981472929506083,13,7,9,4,23
0.9138294876835157,-1.3850222850544356,-0.6843152798976685,1.6348916798413717,-0.34554308930538374,14,7,9,4,23
0.7300473906416528,-1.6214579922978702,-0.22392080073090012,1.6348916798413717,-0.392938885660176,15,7,9,4,23
0.674912761529094,-1.7396758459195873,-1.0296111392727447,1.6348916798413717,-0.4166367838375637,16,7,9,4,23
0.7024800760853733,-1.6214579922978702,-1.7202028580228972,1.6348916798413717,-0.48773047836974365,17,7,9,4,1
0.8495057537188638,-1.1485865778110012,-1.7202028580228972,-0.2824001958759379,-0.5351262747245359,18,7,9,4,1
0.86788396342305,-0.7939330169458495,-1.0296111392727447,-0.2110959525641372,-0.5232773256358336,19,7,9,4,23
0.8586948585709568,-1.0894776510001425,-1.259808378856129,-0.2110959525641372,-0.5588241729019235,20,7,9,4,23
0.9965314313523541,-0.7348240901349908,-1.0296111392727447,-0.2110959525641372,-0.6536157656114912,21,7,9,4,1
1.125178899281658,-0.1437348220264047,-0.6843152798976685,-0.2110959525641372,-0.7128605110549688,22,7,9,4,1
1.1711244235421239,0.03359195840617116,0.23647367843586825,-0.2824001958759379,-0.9024436964741042,23,7,9,4,1
1.244637262358869,0.32913659246046423,-0.22392080073090012,-0.2110959525641372,-0.9972352891836886,0,8,9,5,1
1.290582786619335,0.6246812265147573,-1.0296111392727447,-0.2110959525641372,-0.9972352891836886,1,8,9,5,1
1.2354481575067757,0.32913659246046423,-0.9145125194810526,-0.2110959525641372,-1.1038758309819416,2,8,9,5,1
1.253826367210962,0.3882455192713229,-0.6843152798976685,-0.2110959525641372,-1.2697611182236892,3,8,9,5,1
1.2170699478025897,0.03359195840617116,0.23647367843586825,-0.2110959525641372,-1.4237974563767515,4,8,9,5,47
1.2997718914714278,1.274879421434202,-0.4541180403142843,-0.2110959525641372,-1.3290058636671669,5,8,9,5,1
1.290582786619335,1.2157704946233434,0.23647367843586825,-0.2824001958759379,-1.4593443036428413,6,8,9,5,1
1.4008520448444526,0.8611169337581918,0.5817695378109445,-0.6626894935388755,-1.518589049086319,7,8,9,5,1
1.3916629399923592,0.8611169337581918,-0.6843152798976685,-0.6626894935388755,-1.6489274890619767,8,8,9,5,1
1.5111213030695703,0.5655722997038988,-0.22392080073090012,-0.6626894935388755,-1.7911148781263198,9,8,9,5,1
1.557066827330036,0.03359195840617116,1.5025584961444813,-0.6626894935388755,-2.0162449108115617,10,8,9,5,1
1.5019321982174771,-0.2619526756481219,2.3082488346863257,-0.6626894935388755,-2.1110365035211296,11,8,9,5,1
1.4100411496965455,-0.3801705292698392,2.768643313853094,-0.6626894935388755,-2.182130198053309,12,8,9,5,1
1.3640956254360797,-0.3801705292698392,1.0421640169777129,-0.2824001958759379,-2.336166536206355,13,8,9,5,1
1.455986673957011,-0.2619526756481219,2.078051595102942,-0.2824001958759379,-2.5020518234481024,14,8,9,5,25
1.621390561294688,0.5655722997038988,1.7327557357278653,-0.9162156919808337,-2.56129656889158,15,8,9,5,25
1.4376084642528248,1.156661567812485,2.768643313853094,-0.2824001958759379,-2.3243175871176525,16,8,9,5,25
1.253826367210962,0.5064633728930401,2.078051595102942,1.6348916798413717,-2.229525994408085,17,8,9,5,1
1.2354481575067757,0.4473544460821815,2.768643313853094,-0.2824001958759379,-2.0399428089889495,18,8,9,5,1
1.1068006895774718,0.2700276656496056,2.53844607426971,-0.2110959525641372,-1.9096043690132918,19,8,9,5,23
0.9781532216481676,0.03359195840617116,3.2290377930198626,-0.2110959525641372,-1.8266617253924098,20,8,9,5,19
0.9322076973877019,0.7428990801364745,3.3441364128115545,-0.2110959525641372,-1.6370785399732743,21,8,9,5,23
0.7576147051979323,0.7428990801364745,1.7327557357278653,-0.2110959525641372,-1.400099558199347,22,8,9,5,23
0.7024800760853733,0.4473544460821815,1.5025584961444813,-0.2110959525641372,-1.1749695255141217,23,8,9,5,1
0.6289672372686282,0.2700276656496056,1.7327557357278653,-0.2110959525641372,-1.0327821364497618,0,9,9,6,1
0.6473454469728145,0.4473544460821815,1.5025584961444813,-0.2110959525641372,-0.9379905437401941,1,9,9,6,1
0.6473454469728145,0.5064633728930401,1.0421640169777129,-0.2110959525641372,-0.8905947473854188,2,9,9,6,23
0.6289672372686282,0.8020080069473332,0.23647367843586825,-0.2110959525641372,-0.9142926455628064,3,9,9,6,19
0.6381563421207214,0.9793347873799091,0.5817695378109445,-0.2110959525641372,-0.7839542055871488,4,9,9,6,19
0.6381563421207214,1.2157704946233434,-0.4541180403142843,-0.2110959525641372,-0.7247094601436711,5,9,9,6,0
0.6473454469728145,1.3930972750559194,-1.0296111392727447,-0.2824001958759379,-0.6536157656114912,6,9,9,6,19
0.6657236566770008,1.0975526410016263,-0.9145125194810526,-0.2824001958759379,-0.5706731219906258,7,9,9,6,19
0.674912761529094,0.6246812265147573,0.23647367843586825,-0.2824001958759379,-0.5351262747245359,8,9,9,6,19
0.5738326081560694,-0.025516968404687458,0.23647367843586825,1.6348916798413717,-0.4758815292810413,9,9,9,6,19
0.5922108178602556,-0.2028437488372633,0.23647367843586825,1.6348916798413717,-0.42848573292626596,10,9,9,6,23
0.5922108178602556,-0.4392794560806978,0.4666709180192524,1.6348916798413717,-0.46403258019235594,11,9,9,6,19
0.5830217130081625,-0.5574973097024151,0.8119667773943287,1.6348916798413717,-0.4758815292810413,12,9,9,6,19
0.555454398451883,-0.6166062365132736,-0.4541180403142843,1.6348916798413717,-0.4403346820149514,13,9,9,6,19
0.5370761887476968,-0.853041943756708,0.4666709180192524,1.6348916798413717,-0.45218363110365367,14,9,9,6,23
0.5830217130081625,-0.6166062365132736,0.23647367843586825,1.6348916798413717,-0.45218363110365367,15,9,9,6,23
0.5370761887476968,-0.7939330169458495,0.8119667773943287,1.6348916798413717,-0.40478783474887825,16,9,9,6,19
0.5370761887476968,-0.3210616024589805,0.00627643885248406,1.6348916798413717,-0.34554308930538374,17,9,9,6,19
0.555454398451883,-0.2619526756481219,-0.4541180403142843,1.6348916798413717,-0.2981472929506083,18,9,9,6,23
0.555454398451883,-0.1437348220264047,-0.4541180403142843,-0.2110959525641372,-0.2626004456845184,19,9,9,6,23
0.555454398451883,0.09270088521702978,-0.6843152798976685,-0.2110959525641372,-0.21520464932972613,20,9,9,6,23
0.5922108178602556,0.32913659246046423,-0.6843152798976685,-0.2110959525641372,-0.19150675115233842,21,9,9,6,23
0.5922108178602556,0.210918738838747,-0.6843152798976685,-0.2110959525641372,-0.17965780206363616,22,9,9,6,23
0.6657236566770008,0.5064633728930401,0.00627643885248406,-0.2110959525641372,-0.1441109547975462,23,9,9,6,1
0.7024800760853733,0.8020080069473332,-0.6843152798976685,-0.2110959525641372,-0.13226200570886076,0,10,9,0,23
0.7116691809374666,0.9793347873799091,-0.6843152798976685,-0.2110959525641372,-0.1204130566201585,1,10,9,0,23
0.674912761529094,0.9202258605690504,-0.4541180403142843,-0.2110959525641372,-0.10856410753147307,2,10,9,0,23
0.6381563421207214,0.8611169337581918,-0.4541180403142843,-0.2110959525641372,-0.08486620935406852,3,10,9,0,23
0.5646435033039762,0.9793347873799091,-0.22392080073090012,-0.2110959525641372,-0.061168311176680826,4,10,9,0,19
0.5462652935997899,1.2157704946233434,0.23647367843586825,-0.2110959525641372,-0.0019235657332031574,5,10,9,0,19
0.5095088741914173,1.156661567812485,0.23647367843586825,-0.2824001958759379,0.11656592515376903,6,10,9,0,19
0.4635633499309516,0.5655722997038988,0.00627643885248406,-0.2824001958759379,0.21135751786333665,7,10,9,0,19
0.41761782567048583,0.03359195840617116,0.4666709180192524,-0.2824001958759379,0.28245121239551657,8,10,9,0,23
0.43599603537467224,-0.025516968404687458,0.00627643885248406,-0.2824001958759379,0.329847008750292,9,10,9,0,19
0.36248319655792705,-0.4983883828915564,0.00627643885248406,-0.2824001958759379,0.3179980596615897,10,10,9,0,23
0.34410498685374075,-0.6757151633241323,0.4666709180192524,1.6348916798413717,0.3061491105729043,11,10,9,0,23
0.32572677714955445,-0.9121508705675667,0.5817695378109445,1.6348916798413717,0.3061491105729043,12,10,9,0,23
0.3165376722974613,-1.030368724189284,-0.22392080073090012,1.6348916798413717,0.3179980596615897,13,10,9,0,23
0.32572677714955445,-1.2076955046218598,0.5817695378109445,1.6348916798413717,0.294300161484202,14,10,9,0,23
0.3073485674453682,-1.2668044314327185,1.0421640169777129,-0.2824001958759379,0.25875331421811204,15,10,9,0,23
0.23383572862862298,-1.2668044314327185,0.5817695378109445,1.6348916798413717,0.3061491105729043,16,10,9,0,23
0.21545751892443676,-1.2076955046218598,0.5817695378109445,1.6348916798413717,0.40094070328247194,17,10,9,0,23
0.21545751892443676,-0.9121508705675667,0.23647367843586825,-0.2824001958759379,0.4483364996372642,18,10,9,0,23
0.21545751892443676,-0.6757151633241323,-0.6843152798976685,-0.2110959525641372,0.49573229599203955,19,10,9,0,19
0.2889703577411819,0.1518098120278884,-0.9145125194810526,-0.2110959525641372,0.5786749396129218,20,10,9,0,0
0.3165376722974613,0.5655722997038988,-1.0296111392727447,-0.2110959525641372,0.5905238887016072,21,10,9,0,0
0.3073485674453682,0.5655722997038988,-0.9145125194810526,-0.2110959525641372,0.6023728377903095,22,10,9,0,0
0.3532940917058339,0.8611169337581918,-0.9145125194810526,-0.2110959525641372,0.6023728377903095,23,10,9,0,0
0.3349158820016476,1.0975526410016263,-0.6843152798976685,-0.2110959525641372,0.6142217868789949,0,11,9,1,0
0.34410498685374075,1.156661567812485,-0.6843152798976685,-0.2110959525641372,0.6260707359676971,1,11,9,1,0
0.39923961596629964,1.3339883482450607,-0.6843152798976685,-0.2110959525641372,0.6497686341450849,2,11,9,1,0
0.43599603537467224,1.2157704946233434,-0.9145125194810526,-0.2110959525641372,0.6971644304998771,3,11,9,1,0
0.3900505111142065,1.0384437141907676,-1.259808378856129,-0.2110959525641372,0.768258125032057,4,11,9,1,0
0.2797812528890887,1.3930972750559194,-1.7202028580228972,-0.2110959525641372,0.8275028704755347,5,11,9,1,0
0.34410498685374075,1.3930972750559194,-1.0296111392727447,-0.2824001958759379,0.9222944631851023,6,11,9,1,19
0.5370761887476968,0.9793347873799091,-0.6843152798976685,1.6348916798413717,0.9933881577172823,7,11,9,1,23
0.5830217130081625,0.4473544460821815,-0.6843152798976685,1.6348916798413717,1.0289350049833723,8,11,9,1,23
0.555454398451883,-0.1437348220264047,-0.22392080073090012,1.6348916798413717,1.0644818522494623,9,11,9,1,23
0.5830217130081625,-0.4392794560806978,0.23647367843586825,1.6348916798413717,1.0407839540720745,10,11,9,1,23
0.5370761887476968,-0.9121508705675667,0.4666709180192524,1.6348916798413717,0.9933881577172823,11,11,9,1,19
0.6013999227123488,-0.853041943756708,0.4666709180192524,1.6348916798413717,0.9696902595398946,12,11,9,1,19
0.6565345518249076,-1.030368724189284,0.5817695378109445,1.6348916798413717,0.8985965650077147,13,11,9,1,19
0.5830217130081625,-1.2668044314327185,0.5817695378109445,1.6348916798413717,0.8275028704755347,14,11,9,1,19
0.5370761887476968,-1.3850222850544356,0.4666709180192524,1.6348916798413717,0.7564091759433548,15,11,9,1,19
0.5830217130081625,-1.3850222850544356,0.5817695378109445,1.6348916798413717,0.7327112777659671,16,11,9,1,19
0.6289672372686282,-1.2668044314327185,0.5817695378109445,1.6348916798413717,0.7327112777659671,17,11,9,1,19
0.7116691809374666,-0.9712597973784254,0.23647367843586825,1.6348916798413717,0.7208623286772649,18,11,9,1,19
0.7851820197542116,-0.6166062365132736,-0.6843152798976685,-0.2110959525641372,0.7445602268546694,19,11,9,1,19
0.8311275440146774,-0.4983883828915564,0.00627643885248406,-0.2110959525641372,0.8038049722981471,20,11,9,1,19
0.9505859070918884,-0.025516968404687458,0.00627643885248406,-0.2110959525641372,0.839351819564237,21,11,9,1,0
0.86788396342305,-0.08462589521554607,0.23647367843586825,-0.2110959525641372,0.8630497177416248,22,11,9,1,0
0.8586948585709568,0.03359195840617116,0.00627643885248406,-0.2110959525641372,0.8867476159190124,23,11,9,1,0
0.7392364954937459,-0.2028437488372633,0.23647367843586825,-0.2110959525641372,0.9104455140964001,0,12,9,2,0
0.674912761529094,-0.3210616024589805,-0.4541180403142843,-0.2110959525641372,0.9459923613624901,1,12,9,2,0
0.6473454469728145,0.2700276656496056,-1.0296111392727447,-0.2110959525641372,0.9578413104511924,2,12,9,2,0
0.674912761529094,0.7428990801364745,-1.259808378856129,-0.2110959525641372,1.0052371068059847,3,12,9,2,0
0.6841018663811871,0.6246812265147573,-1.7202028580228972,-0.2110959525641372,1.01708605589467,4,12,9,2,0
0.748425600345839,1.0384437141907676,-1.0296111392727447,-0.2110959525641372,1.0763308013381476,5,12,9,2,0
0.7943711246063048,1.0975526410016263,-1.7202028580228972,1.6348916798413717,1.1474244958703277,6,12,9,2,0
0.8495057537188638,0.5655722997038988,-0.6843152798976685,1.6348916798413717,1.1474244958703277,7,12,9,2,0
0.7851820197542116,-0.08462589521554607,-0.9145125194810526,1.6348916798413717,1.1711223940477322,8,12,9,2,0
0.8586948585709568,-0.3801705292698392,-0.9145125194810526,1.6348916798413717,1.1829713431364175,9,12,9,2,0
0.9781532216481676,-0.5574973097024151,-0.4541180403142843,1.6348916798413717,1.1474244958703277,10,12,9,2,19
0.987342326500261,-0.9712597973784254,0.5817695378109445,1.6348916798413717,1.1000286995155522,11,12,9,2,0
0.9965314313523541,-1.1485865778110012,0.4666709180192524,1.6348916798413717,1.0644818522494623,12,12,9,2,19
1.0516660604649128,-1.2076955046218598,-0.22392080073090012,1.6348916798413717,0.9696902595398946,13,12,9,2,19
1.0057205362044472,-1.3850222850544356,0.23647367843586825,1.6348916798413717,0.9341434122738046,14,12,9,2,19
0.9965314313523541,-1.503240138676153,0.23647367843586825,1.6348916798413717,0.8867476159190124,15,12,9,2,19
0.8862621731272362,-1.6805669191087287,0.4666709180192524,1.6348916798413717,0.8512007686529224,16,12,9,2,19
0.8311275440146774,-1.6805669191087287,0.23647367843586825,1.6348916798413717,0.8512007686529224,17,12,9,2,19
0.9505859070918884,-1.2076955046218598,-0.4541180403142843,1.6348916798413717,0.8630497177416248,18,12,9,2,19
1.1435571089858443,-0.2028437488372633,-0.4541180403142843,-0.2110959525641372,0.9222944631851023,19,12,9,2,19
1.0516660604649128,-0.4983883828915564,-0.4541180403142843,-0.2110959525641372,0.98153920862858,20,12,9,2,19
0.9781532216481676,-0.6166062365132736,-0.4541180403142843,-0.2110959525641372,1.01708605589467,21,12,9,2,0
1.0884224798732856,-0.08462589521554607,-0.22392080073090012,-0.2110959525641372,1.0644818522494623,22,12,9,2,19
1.1068006895774718,0.1518098120278884,-0.4541180403142843,-0.2110959525641372,1.0763308013381476,23,12,9,2,19
1.0149096410565404,-0.025516968404687458,-0.6843152798976685,-0.2110959525641372,1.0763308013381476,0,13,9,3,19
0.9965314313523541,0.03359195840617116,-0.9145125194810526,-0.2110959525641372,1.08817975042685,1,13,9,3,19
0.9505859070918884,0.7428990801364745,-0.4541180403142843,-0.2110959525641372,1.1000286995155522,2,13,9,3,19
0.9689641167960745,1.0384437141907676,-0.6843152798976685,-0.2110959525641372,1.0763308013381476,3,13,9,3,0
0.9413968022397953,0.9793347873799091,-0.4541180403142843,-0.2110959525641372,1.0763308013381476,4,13,9,3,0
0.8495057537188638,0.8611169337581918,-1.259808378856129,-0.2110959525641372,1.1237265976929398,5,13,9,3,0
0.9046403828314227,0.8020080069473332,-1.0296111392727447,1.6348916798413717,1.1474244958703277,6,13,9,3,19
1.0332878507607266,0.5064633728930401,-1.0296111392727447,1.6348916798413717,1.1592734449590298,7,13,9,3,19
0.9413968022397953,-0.2028437488372633,-0.6843152798976685,1.6348916798413717,1.1711223940477322,8,13,9,3,19
1.0240987459086335,-0.3801705292698392,-0.22392080073090012,1.6348916798413717,1.1829713431364175,9,13,9,3,19
1.070044270169099,-0.4983883828915564,0.23647367843586825,1.6348916798413717,1.1829713431364175,10,13,9,3,19
1.125178899281658,-0.7939330169458495,0.00627643885248406,1.6348916798413717,1.1474244958703277,11,13,9,3,19
1.1343680041337512,-1.030368724189284,0.23647367843586825,1.6348916798413717,1.08817975042685,12,13,9,3,19
1.070044270169099,-1.3259133582435771,0.4666709180192524,1.6348916798413717,0.9933881577172823,13,13,9,3,19
1.0240987459086335,-1.503240138676153,1.0421640169777129,1.6348916798413717,0.9104455140964001,14,13,9,3,19
1.0424769556128197,-1.503240138676153,0.8119667773943287,1.6348916798413717,0.8512007686529224,15,13,9,3,19
1.0516660604649128,-1.5623490654870116,0.4666709180192524,1.6348916798413717,0.8038049722981471,16,13,9,3,19
0.9689641167960745,-1.6214579922978702,0.5817695378109445,1.6348916798413717,0.8038049722981471,17,13,9,3,19
1.115989794429565,-1.030368724189284,-0.6843152798976685,1.6348916798413717,0.7801070741207425,18,13,9,3,19
1.2170699478025897,-0.4983883828915564,-0.4541180403142843,-0.2110959525641372,0.7919560232094448,19,13,9,3,19
1.2078808429504964,-0.2619526756481219,-0.4541180403142843,-0.2110959525641372,0.8156539213868325,20,13,9,3,0
1.2354481575067757,0.03359195840617116,-0.22392080073090012,-0.2110959525641372,0.7801070741207425,21,13,9,3,19
1.1619353186900305,-0.08462589521554607,0.00627643885248406,-0.2110959525641372,0.768258125032057,22,13,9,3,19
1.1711244235421239,0.210918738838747,-0.22392080073090012,-0.2110959525641372,0.7919560232094448,23,13,9,3,0
1.1895026332463101,0.6246812265147573,-0.6843152798976685,-0.2110959525641372,0.7919560232094448,0,14,9,4,0
1.1343680041337512,1.3339883482450607,-1.7202028580228972,-0.2110959525641372,0.7801070741207425,1,14,9,4,0
1.125178899281658,0.8020080069473332,-1.259808378856129,-0.2110959525641372,0.7564091759433548,2,14,9,4,0
1.070044270169099,1.156661567812485,-1.0296111392727447,-0.2110959525641372,0.7327112777659671,3,14,9,4,0
1.0240987459086335,1.156661567812485,-0.6843152798976685,-0.2110959525641372,0.7208623286772649,4,14,9,4,0
1.060855165317006,1.0975526410016263,-1.259808378856129,-0.2110959525641372,0.7090133795885794,5,14,9,4,23
1.0976115847253787,1.156661567812485,-1.0296111392727447,-0.2824001958759379,0.7090133795885794,6,14,9,4,1
1.1527462138379374,0.9793347873799091,-0.6843152798976685,-0.2824001958759379,0.6971644304998771,7,14,9,4,1
1.1527462138379374,0.5064633728930401,-0.6843152798976685,-0.2824001958759379,0.6853154814111748,8,14,9,4,23
1.1895026332463101,-0.08462589521554607,-0.6843152798976685,-0.2824001958759379,0.6616175832337872,9,14,9,4,1
1.180313528394217,-0.2028437488372633,-0.22392080073090012,-0.2824001958759379,0.6023728377903095,10,14,9,4,23
1.253826367210962,-0.3801705292698392,-0.22392080073090012,-0.2824001958759379,0.5431280923468318,11,14,9,4,1
1.2813936817672416,-0.6166062365132736,-0.6843152798976685,1.6348916798413717,0.46018544872594963,12,14,9,4,1
1.3089609963235211,-0.7348240901349908,-0.6843152798976685,1.6348916798413717,0.34169595783899426,13,14,9,4,1
1.2722045769151482,-0.9712597973784254,-0.6843152798976685,1.6348916798413717,0.25875331421811204,14,14,9,4,23
1.2722045769151482,-0.7939330169458495,-0.6843152798976685,-0.2824001958759379,0.1758106705972467,15,14,9,4,1
1.4008520448444526,-0.3210616024589805,-1.259808378856129,-0.2824001958759379,0.09286802697636448,16,14,9,4,1
1.3457174157318934,-0.4392794560806978,-0.9145125194810526,-0.2824001958759379,-0.013772514821888588,17,14,9,4,1
1.3824738351402663,-0.1437348220264047,-1.0296111392727447,-0.2824001958759379,-0.10856410753147307,18,14,9,4,25
1.5019321982174771,1.2157704946233434,0.23647367843586825,-0.2110959525641372,-0.13226200570886076,19,14,9,4,1
1.2170699478025897,1.6886419091102125,0.8119667773943287,-0.9162156919808337,0.009925383355499112,20,14,9,4,47
1.0792333750211924,1.5704240554884952,-0.22392080073090012,-1.2965049896437713,0.3061491105729043,21,14,9,4,25
1.070044270169099,1.452206201866778,-1.7202028580228972,-0.6626894935388755,0.18765961968593212,22,14,9,4,25
1.180313528394217,1.7477508359210712,-0.22392080073090012,-0.9162156919808337,0.09286802697636448,23,14,9,4,25
1.125178899281658,1.3930972750559194,0.5817695378109445,-0.6626894935388755,0.14026382333115672,0,15,9,5,1
1.070044270169099,1.3930972750559194,0.8119667773943287,-0.2110959525641372,0.10471697606506675,1,15,9,5,1
1.0149096410565404,1.3930972750559194,1.0421640169777129,-0.2110959525641372,0.04547223062158908,2,15,9,5,1
0.9505859070918884,1.274879421434202,1.7327557357278653,-0.2110959525641372,0.03362328153288681,3,15,9,5,1
0.8862621731272362,1.2157704946233434,1.7327557357278653,-0.2110959525641372,0.08101907788767905,4,15,9,5,23
0.9322076973877019,1.5704240554884952,1.5025584961444813,-1.4232680888647506,0.10471697606506675,5,15,9,5,3
0.7851820197542116,1.0975526410016263,0.8119667773943287,-0.2824001958759379,0.23505541604072436,6,15,9,5,23
0.7300473906416528,0.7428990801364745,0.5817695378109445,-0.2824001958759379,0.36539385601638197,7,15,9,5,23
0.7300473906416528,0.5064633728930401,0.4666709180192524,-0.2824001958759379,0.46018544872594963,8,15,9,5,19
0.6565345518249076,0.210918738838747,0.4666709180192524,-0.2824001958759379,0.5312791432581295,9,15,9,5,23
0.6473454469728145,-0.08462589521554607,0.8119667773943287,-0.2824001958759379,0.5431280923468318,10,15,9,5,23
0.48194155963513796,-0.5574973097024151,0.8119667773943287,1.6348916798413717,0.5194301941694273,11,15,9,5,23
0.43599603537467224,-0.7939330169458495,0.23647367843586825,1.6348916798413717,0.5194301941694273,12,15,9,5,23
0.4911306644872311,-0.6757151633241323,0.5817695378109445,1.6348916798413717,0.46018544872594963,13,15,9,5,23
0.4543742450788585,-0.6757151633241323,0.8119667773943287,-0.2824001958759379,0.40094070328247194,14,15,9,5,25
0.8127493343104911,0.9202258605690504,-0.22392080073090012,-0.2824001958759379,0.42463860145985965,15,15,9,5,23
0.6105890275644419,-0.3210616024589805,0.23647367843586825,-0.2824001958759379,0.36539385601638197,16,15,9,5,19
0.5646435033039762,0.09270088521702978,0.8119667773943287,-0.2824001958759379,0.40094070328247194,17,15,9,5,25
0.555454398451883,0.32913659246046423,-0.9145125194810526,-0.2824001958759379,0.4127896523711742,18,15,9,5,23
0.41761782567048583,0.09270088521702978,-0.22392080073090012,-0.2110959525641372,0.4364875505485619,19,15,9,5,19
0.34410498685374075,0.1518098120278884,-0.4541180403142843,-0.2110959525641372,0.4838833469033373,20,15,9,5,19
0.32572677714955445,0.5655722997038988,-0.22392080073090012,-0.2110959525641372,0.5075812450807419,21,15,9,5,19
0.2889703577411819,0.9202258605690504,-0.9145125194810526,-0.2110959525641372,0.5431280923468318,22,15,9,5,0
0.2797812528890887,1.0384437141907676,-0.6843152798976685,-0.2110959525641372,0.5312791432581295,23,15,9,5,0
0.22464662377652989,1.3339883482450607,-0.9145125194810526,-0.2110959525641372,0.5549770414355173,0,16,9,6,0
0.24302483348071618,1.5704240554884952,-0.6843152798976685,-0.2110959525641372,0.5194301941694273,1,16,9,6,0
0.2797812528890887,1.5704240554884952,-1.0296111392727447,-0.2110959525641372,0.4838833469033373,2,16,9,6,0
0.2797812528890887,1.5113151286776365,-0.9145125194810526,-0.2110959525641372,0.46018544872594963,3,16,9,6,0
0.3349158820016476,1.5113151286776365,-0.6843152798976685,-0.2110959525641372,0.4483364996372642,4,16,9,6,0
0.18789020436815726,1.8068597627319296,-0.6843152798976685,-0.2110959525641372,0.4720343978146519,5,16,9,6,0
0.21545751892443676,1.5704240554884952,-0.6843152798976685,1.6348916798413717,0.5668259905242196,6,16,9,6,0
0.36248319655792705,1.0975526410016263,-0.6843152798976685,1.6348916798413717,0.5905238887016072,7,16,9,6,0
0.17870109951606414,-0.3801705292698392,-0.6843152798976685,1.6348916798413717,0.6260707359676971,8,16,9,6,0
0.04086452673466697,-1.030368724189284,0.4666709180192524,1.6348916798413717,0.6142217868789949,9,16,9,6,19
0.16032288981187784,-0.9121508705675667,0.5817695378109445,1.6348916798413717,0.5668259905242196,10,16,9,6,19
0.12356647040350527,-1.1485865778110012,0.5817695378109445,1.6348916798413717,0.5194301941694273,11,16,9,6,19
0.05924273643885328,-1.3850222850544356,0.4666709180192524,1.6348916798413717,0.46018544872594963,12,16,9,6,19
0.031675421882573815,-1.503240138676153,1.0421640169777129,1.6348916798413717,0.3535449069276797,13,16,9,6,19
0.11437736555141212,-1.503240138676153,1.0421640169777129,1.6348916798413717,0.294300161484202,14,16,9,6,19
0.09599915584722585,-1.503240138676153,0.4666709180192524,1.6348916798413717,0.23505541604072436,15,16,9,6,0
0.04086452673466697,-1.6214579922978702,0.00627643885248406,1.6348916798413717,0.1758106705972467,16,16,9,6,0
0.09599915584722585,-1.503240138676153,0.5817695378109445,1.6348916798413717,0.14026382333115672,17,16,9,6,0
0.05924273643885328,-1.3850222850544356,-0.4541180403142843,1.6348916798413717,0.12841487424245446,18,16,9,6,0
0.12356647040350527,-1.030368724189284,-1.0296111392727447,-0.2110959525641372,0.152112772419859,19,16,9,6,19
0.18789020436815726,-0.4983883828915564,-1.0296111392727447,-0.2110959525641372,0.152112772419859,20,16,9,6,0
0.2614030431849025,-0.3801705292698392,-1.0296111392727447,-0.2110959525641372,0.152112772419859,21,16,9,6,0
0.2614030431849025,-0.4392794560806978,-1.0296111392727447,-0.2110959525641372,0.1758106705972467,22,16,9,6,0
0.2797812528890887,-0.2028437488372633,-1.0296111392727447,-0.2110959525641372,0.18765961968593212,23,16,9,6,0
0.555454398451883,0.8611169337581918,-1.259808378856129,-0.2110959525641372,0.1758106705972467,0,17,9,0,0
0.5370761887476968,1.274879421434202,-1.259808378856129,-0.2110959525641372,0.18765961968593212,1,17,9,0,0
0.48194155963513796,1.0975526410016263,-1.0296111392727447,-0.2110959525641372,0.152112772419859,2,17,9,0,0
0.5370761887476968,1.274879421434202,-0.9145125194810526,-0.2110959525641372,0.12841487424245446,3,17,9,0,23
0.5278870838956037,0.9202258605690504,-0.9145125194810526,-0.2110959525641372,0.08101907788767905,4,17,9,0,1
0.4911306644872311,0.4473544460821815,-0.9145125194810526,-0.2110959525641372,0.08101907788767905,5,17,9,0,1
0.5922108178602556,0.683790153325616,-1.259808378856129,1.6348916798413717,0.09286802697636448,6,17,9,0,1
0.6565345518249076,0.5655722997038988,-0.9145125194810526,-0.2824001958759379,0.09286802697636448,7,17,9,0,1
0.7576147051979323,0.5655722997038988,-0.6843152798976685,-0.2824001958759379,0.09286802697636448,8,17,9,0,1
0.9689641167960745,0.683790153325616,-0.22392080073090012,-0.2824001958759379,0.09286802697636448,9,17,9,0,19
1.0149096410565404,0.4473544460821815,0.23647367843586825,-0.2824001958759379,0.06917012879897678,10,17,9,0,19
1.1343680041337512,0.32913659246046423,0.00627643885248406,-0.2824001958759379,0.04547223062158908,11,17,9,0,19
1.070044270169099,-0.3210616024589805,0.23647367843586825,-0.2824001958759379,0.009925383355499112,12,17,9,0,19
1.060855165317006,-0.6757151633241323,0.23647367843586825,-0.2824001958759379,-0.04931936208797856,13,17,9,0,19
0.9230185925356088,-1.2076955046218598,0.00627643885248406,-0.2824001958759379,-0.1204130566201585,14,17,9,0,0
0.7576147051979323,-1.6214579922978702,0.00627643885248406,-0.2824001958759379,-0.17965780206363616,15,17,9,0,0
0.9138294876835157,-1.2668044314327185,-0.22392080073090012,-0.2824001958759379,-0.21520464932972613,16,17,9,0,19
0.8862621731272362,-1.2668044314327185,-0.22392080073090012,-0.2824001958759379,-0.21520464932972613,17,17,9,0,0
1.125178899281658,-0.2619526756481219,0.00627643885248406,-0.2824001958759379,-0.20335570024104072,18,17,9,0,19
1.1527462138379374,0.210918738838747,0.00627643885248406,-0.2110959525641372,-0.17965780206363616,19,17,9,0,19
1.180313528394217,0.4473544460821815,-0.22392080073090012,-0.2110959525641372,-0.20335570024104072,20,17,9,0,19
1.1711244235421239,0.6246812265147573,-1.7202028580228972,-0.2110959525641372,-0.20335570024104072,21,17,9,0,19
1.1527462138379374,0.683790153325616,-1.0296111392727447,-0.2110959525641372,-0.2626004456845184,22,17,9,0,19
1.1435571089858443,1.2157704946233434,-0.9145125194810526,-0.2110959525641372,-0.2507514965958161,23,17,9,0,19
1.070044270169099,1.2157704946233434,-1.0296111392727447,-0.2110959525641372,-0.2507514965958161,0,18,9,1,19
0.9138294876835157,0.4473544460821815,-1.7202028580228972,-0.2110959525641372,-0.28629834386190606,1,18,9,1,19
0.8770730682751431,0.4473544460821815,-0.6843152798976685,-0.2110959525641372,-0.357392038394086,2,18,9,1,0
0.9597750119439814,0.8611169337581918,0.4666709180192524,-0.2110959525641372,-0.45218363110365367,3,18,9,1,23
0.9505859070918884,0.8020080069473332,0.23647367843586825,-0.2110959525641372,-0.5469752238132213,4,18,9,1,23
0.9413968022397953,0.8020080069473332,1.0421640169777129,-0.2110959525641372,-0.6299178674341035,5,18,9,1,23
0.9505859070918884,0.7428990801364745,0.8119667773943287,-0.2824001958759379,-0.6654647147001934,6,18,9,1,19
0.9689641167960745,0.6246812265147573,0.5817695378109445,-0.2824001958759379,-0.7247094601436711,7,18,9,1,23
0.9965314313523541,0.2700276656496056,1.272361256561097,-0.2824001958759379,-0.7721052564984465,8,18,9,1,1
1.0332878507607266,0.32913659246046423,0.4666709180192524,-0.2824001958759379,-0.8787457982967164,9,18,9,1,1
1.2354481575067757,1.5704240554884952,0.4666709180192524,-1.4232680888647506,-0.9379905437401941,10,18,9,1,24
1.2722045769151482,1.5704240554884952,0.5817695378109445,-1.4232680888647506,-1.0920268818932564,11,18,9,1,24
1.2630154720630553,1.8068597627319296,0.5817695378109445,-1.6847169810080203,-1.3408548127558693,12,18,9,1,24
1.2722045769151482,1.6886419091102125,2.3082488346863257,-1.4232680888647506,-1.6489274890619767,13,18,9,1,24
1.290582786619335,1.6886419091102125,1.9629529753112496,-0.2824001958759379,-1.8503596235698143,14,18,9,1,24
1.3273392060277072,1.5113151286776365,1.9629529753112496,-0.2824001958759379,-2.099187554432427,15,18,9,1,24
1.3640956254360797,1.2157704946233434,2.078051595102942,-0.2824001958759379,-2.2650728416741748,16,18,9,1,24
1.4100411496965455,1.0975526410016263,2.3082488346863257,-0.2824001958759379,-2.41910917982722,17,18,9,1,24
1.5019321982174771,1.5113151286776365,1.5025584961444813,-1.6847169810080203,-2.205828096230697,18,18,9,1,24
1.4651757788091044,1.6295329822993538,0.8119667773943287,-0.2110959525641372,-2.099187554432427,19,18,9,1,24
1.4100411496965455,1.452206201866778,1.0421640169777129,-0.2110959525641372,-2.0399428089889495,20,18,9,1,24
1.3824738351402663,1.3930972750559194,0.5817695378109445,-0.2110959525641372,-1.9688491144567695,21,18,9,1,1
1.3824738351402663,1.5113151286776365,1.7327557357278653,-1.4232680888647506,-1.9096043690132918,22,18,9,1,24
1.244637262358869,1.3339883482450607,2.078051595102942,-1.1697418904227923,-1.8148127763037243,23,18,9,1,24
0.7943711246063048,1.3339883482450607,2.53844607426971,-0.2110959525641372,-1.5067400999976168,0,19,9,2,1
0.6013999227123488,1.2157704946233434,1.5025584961444813,-0.2110959525641372,-1.3053079654897792,1,19,9,2,23
0.4635633499309516,1.156661567812485,2.3082488346863257,-0.2110959525641372,-1.1275737291593462,2,19,9,2,1
0.32572677714955445,0.9793347873799091,2.3082488346863257,-0.2110959525641372,-0.8787457982967164,3,19,9,2,1
0.21545751892443676,0.683790153325616,1.5025584961444813,-0.2110959525641372,-0.6654647147001934,4,19,9,2,1
0.20626841407234356,0.683790153325616,1.7327557357278653,-0.2110959525641372,-0.4995794274584459,5,19,9,2,23
0.15113378495978472,0.5655722997038988,1.272361256561097,-0.2824001958759379,-0.30999624203929377,6,19,9,2,1
0.14194468010769154,0.4473544460821815,2.078051595102942,-0.2824001958759379,-0.15595990388624847,7,19,9,2,23
0.14194468010769154,0.32913659246046423,1.272361256561097,-0.2824001958759379,-0.013772514821888588,8,19,9,2,23
0.14194468010769154,0.1518098120278884,1.9629529753112496,-0.2824001958759379,0.09286802697636448,9,19,9,2,23
0.09599915584722585,-0.4392794560806978,1.9629529753112496,1.6348916798413717,0.16396172150854443,10,19,9,2,23
0.12356647040350527,-0.5574973097024151,1.0421640169777129,1.6348916798413717,0.28245121239551657,11,19,9,2,23
0.13275557525559842,-0.7939330169458495,0.8119667773943287,1.6348916798413717,0.37724280510508423,12,19,9,2,23
0.013297212178387549,-1.1485865778110012,1.0421640169777129,1.6348916798413717,0.42463860145985965,13,19,9,2,23
0.04086452673466697,-1.2668044314327185,1.0421640169777129,1.6348916798413717,0.4720343978146519,14,19,9,2,19
-0.15210667515928908,-1.6214579922978702,0.00627643885248406,1.6348916798413717,0.5194301941694273,15,19,9,2,19
-0.032648312082078176,-1.3850222850544356,0.4666709180192524,1.6348916798413717,0.6497686341450849,16,19,9,2,19
-0.023459207229985065,-1.0894776510001425,-0.4541180403142843,1.6348916798413717,0.7208623286772649,17,19,9,2,19
-0.04183741693417133,-0.6757151633241323,-0.4541180403142843,1.6348916798413717,0.7445602268546694,18,19,9,2,0
-0.005080997525798757,-0.4392794560806978,-1.259808378856129,-0.2110959525641372,0.8275028704755347,19,19,9,2,0
0.05924273643885328,0.03359195840617116,-1.259808378856129,-0.2110959525641372,0.8985965650077147,20,19,9,2,0
0.013297212178387549,-0.3210616024589805,-1.7202028580228972,-0.2110959525641372,0.9222944631851023,21,19,9,2,0
0.013297212178387549,-0.025516968404687458,-1.7202028580228972,-0.2110959525641372,0.9459923613624901,22,19,9,2,0
0.05005363158676012,-0.2619526756481219,-1.259808378856129,-0.2110959525641372,0.98153920862858,23,19,9,2,0
0.17870109951606414,0.9202258605690504,-0.9145125194810526,-0.2110959525641372,0.98153920862858,0,20,9,3,0
0.13275557525559842,0.3882455192713229,-1.0296111392727447,-0.2110959525641372,1.0289350049833723,1,20,9,3,0
0.13275557525559842,0.210918738838747,-0.9145125194810526,-0.2110959525641372,0.9933881577172823,2,20,9,3,0
0.20626841407234356,0.7428990801364745,-1.259808378856129,-0.2110959525641372,1.01708605589467,3,20,9,3,0
0.2889703577411819,0.9793347873799091,-0.6843152798976685,-0.2110959525641372,1.01708605589467,4,20,9,3,0
0.36248319655792705,1.452206201866778,-1.0296111392727447,-0.2110959525641372,1.0644818522494623,5,20,9,3,0
0.36248319655792705,1.452206201866778,-1.0296111392727447,1.6348916798413717,1.08817975042685,6,20,9,3,0
0.39923961596629964,0.9202258605690504,-0.6843152798976685,1.6348916798413717,1.0644818522494623,7,20,9,3,0
0.4635633499309516,0.5064633728930401,-0.9145125194810526,1.6348916798413717,1.05263290316076,8,20,9,3,0
0.4635633499309516,0.210918738838747,0.00627643885248406,1.6348916798413717,0.9459923613624901,9,20,9,3,0
0.44518514022676536,-0.4392794560806978,0.5817695378109445,1.6348916798413717,0.839351819564237,10,20,9,3,0
0.39923961596629964,-0.7939330169458495,0.4666709180192524,1.6348916798413717,0.7090133795885794,11,20,9,3,0
0.43599603537467224,-0.9712597973784254,0.00627643885248406,1.6348916798413717,0.6023728377903095,12,20,9,3,0
0.3808614062621134,-1.2076955046218598,0.8119667773943287,1.6348916798413717,0.5075812450807419,13,20,9,3,19
0.39923961596629964,-1.3850222850544356,0.00627643885248406,1.6348916798413717,0.4483364996372642,14,20,9,3,19
0.4543742450788585,-1.2076955046218598,0.5817695378109445,1.6348916798413717,0.40094070328247194,15,20,9,3,0
0.47275245478304484,-1.0894776510001425,1.0421640169777129,1.6348916798413717,0.3061491105729043,16,20,9,3,0
0.4911306644872311,-0.9121508705675667,1.272361256561097,1.6348916798413717,0.3061491105729043,17,20,9,3,0
0.4911306644872311,-0.6757151633241323,0.4666709180192524,1.6348916798413717,0.24690436512942662,18,20,9,3,0
0.4911306644872311,-0.5574973097024151,1.0421640169777129,-0.2110959525641372,0.25875331421811204,19,20,9,3,0
0.4911306644872311,-0.4392794560806978,0.5817695378109445,-0.2110959525641372,0.2232064669520221,20,20,9,3,19
0.4911306644872311,-0.3801705292698392,0.5817695378109445,-0.2110959525641372,0.23505541604072436,21,20,9,3,0
0.5462652935997899,0.2700276656496056,0.00627643885248406,-0.2110959525641372,0.23505541604072436,22,20,9,3,0
0.5830217130081625,0.210918738838747,0.4666709180192524,-0.2110959525641372,0.2232064669520221,23,20,9,3,19
0.6473454469728145,0.5064633728930401,0.4666709180192524,-0.2110959525641372,0.21135751786333665,0,21,9,4,19
0.674912761529094,0.8020080069473332,0.5817695378109445,-0.2110959525641372,0.21135751786333665,1,21,9,4,19
0.7300473906416528,0.8611169337581918,0.4666709180192524,-0.2110959525641372,0.152112772419859,2,21,9,4,23
0.7759929149021185,0.9202258605690504,0.00627643885248406,-0.2110959525641372,0.10471697606506675,3,21,9,4,23
0.8127493343104911,0.9202258605690504,0.4666709180192524,-0.2110959525641372,0.10471697606506675,4,21,9,4,1
0.7943711246063048,0.8020080069473332,0.4666709180192524,-0.2110959525641372,0.14026382333115672,5,21,9,4,23
0.8127493343104911,0.8611169337581918,0.4666709180192524,1.6348916798413717,0.16396172150854443,6,21,9,4,23
0.8127493343104911,0.8020080069473332,0.23647367843586825,1.6348916798413717,0.152112772419859,7,21,9,4,1
0.8495057537188638,0.7428990801364745,0.00627643885248406,1.6348916798413717,0.21135751786333665,8,21,9,4,1
0.9046403828314227,0.683790153325616,0.00627643885248406,1.6348916798413717,0.18765961968593212,9,21,9,4,1
0.9505859070918884,0.6246812265147573,-0.22392080073090012,1.6348916798413717,0.14026382333115672,10,21,9,4,1
0.9413968022397953,0.5064633728930401,0.00627643885248406,1.6348916798413717,0.09286802697636448,11,21,9,4,1
0.987342326500261,0.4473544460821815,0.23647367843586825,1.6348916798413717,0.03362328153288681,12,21,9,4,1
1.0149096410565404,0.4473544460821815,0.00627643885248406,1.6348916798413717,-0.061168311176680826,13,21,9,4,1
1.0424769556128197,0.210918738838747,0.23647367843586825,1.6348916798413717,-0.1204130566201585,14,21,9,4,1
1.0424769556128197,0.210918738838747,-0.22392080073090012,-0.2824001958759379,-0.1441109547975462,15,21,9,4,23
1.060855165317006,0.32913659246046423,-1.0296111392727447,-0.2824001958759379,-0.19150675115233842,16,21,9,4,1
1.1895026332463101,1.274879421434202,-1.259808378856129,-0.2824001958759379,-0.20335570024104072,17,21,9,4,1
1.1619353186900305,1.6886419091102125,0.4666709180192524,-0.6626894935388755,-0.1204130566201585,18,21,9,4,1
1.1527462138379374,1.8659686895427883,-0.9145125194810526,-0.2110959525641372,-0.04931936208797856,19,21,9,4,24
1.1619353186900305,1.7477508359210712,-1.259808378856129,-0.2110959525641372,-0.04931936208797856,20,21,9,4,1
1.1711244235421239,1.8659686895427883,-1.7202028580228972,-1.4232680888647506,-0.013772514821888588,21,21,9,4,28
1.180313528394217,1.8068597627319296,-0.22392080073090012,-1.5579538817870409,-0.07301726026538309,22,21,9,4,28
1.1986917380984032,1.8659686895427883,-0.22392080073090012,-1.6847169810080203,-0.1441109547975462,23,21,9,4,7
1.180313528394217,1.8068597627319296,-0.9145125194810526,-1.5579538817870409,-0.21520464932972613,0,22,9,5,7
1.180313528394217,1.7477508359210712,-0.9145125194810526,-1.2965049896437713,-0.23890254750713066,1,22,9,5,1
1.115989794429565,1.5113151286776365,-0.4541180403142843,-0.6626894935388755,-0.34554308930538374,2,22,9,5,1
1.0884224798732856,1.3930972750559194,1.0421640169777129,-0.6626894935388755,-0.4403346820149514,3,22,9,5,25
1.060855165317006,1.452206201866778,0.5817695378109445,-0.6626894935388755,-0.6536157656114912,4,22,9,5,25
0.987342326500261,1.156661567812485,1.0421640169777129,-0.2110959525641372,-0.7010115619662834,5,22,9,5,1
0.9413968022397953,0.9202258605690504,1.272361256561097,-0.2824001958759379,-0.7365584092323566,6,22,9,5,23
0.9413968022397953,0.7428990801364745,2.078051595102942,-0.2824001958759379,-0.8195010528532388,7,22,9,5,23
0.9689641167960745,0.8020080069473332,1.9629529753112496,1.6348916798413717,-0.9498394928288963,8,22,9,5,23
0.9689641167960745,0.5064633728930401,2.768643313853094,-0.2824001958759379,-1.0209331873610763,9,22,9,5,1
1.0332878507607266,0.3882455192713229,2.078051595102942,-0.2824001958759379,-1.080177932804554,10,22,9,5,23
1.060855165317006,0.5064633728930401,1.9629529753112496,-0.2824001958759379,-1.1394226782480317,11,22,9,5,1
1.1986917380984032,1.452206201866778,0.8119667773943287,-0.9162156919808337,-0.9735373910062841,12,22,9,5,25
1.1986917380984032,1.5704240554884952,0.00627643885248406,-0.6626894935388755,-0.9853863400949864,13,22,9,5,25
1.2078808429504964,1.6886419091102125,0.8119667773943287,-1.6847169810080203,-0.9024436964741042,14,22,9,5,28
1.1435571089858443,1.5113151286776365,-0.6843152798976685,-0.2824001958759379,-0.866896849208031,15,22,9,5,24
1.1619353186900305,1.3339883482450607,0.00627643885248406,-0.2824001958759379,-0.9142926455628064,16,22,9,5,23
1.1343680041337512,1.3930972750559194,-0.22392080073090012,-0.2824001958759379,-0.866896849208031,17,22,9,5,23
1.1986917380984032,1.7477508359210712,-0.22392080073090012,-0.2110959525641372,-0.8550479001193287,18,22,9,5,25
1.1711244235421239,1.6886419091102125,-0.6843152798976685,-0.2110959525641372,-0.8195010528532388,19,22,9,5,25
1.0516660604649128,1.0975526410016263,0.5817695378109445,-0.2110959525641372,-0.7839542055871488,20,22,9,5,1
0.9965314313523541,1.0975526410016263,1.272361256561097,-0.2110959525641372,-0.8076521037645366,21,22,9,5,1
0.9322076973877019,0.9793347873799091,0.8119667773943287,-0.2110959525641372,-0.7602563074097611,22,22,9,5,1
0.86788396342305,0.8611169337581918,0.8119667773943287,-0.2110959525641372,-0.7484073583210589,23,22,9,5,1
0.7208582857895597,0.6246812265147573,1.272361256561097,-0.2110959525641372,-0.7602563074097611,0,23,9,6,23
0.6473454469728145,0.8020080069473332,0.23647367843586825,-0.2110959525641372,-0.7010115619662834,1,23,9,6,23
0.5278870838956037,0.5655722997038988,1.272361256561097,-0.2110959525641372,-0.5825220710793113,2,23,9,6,23
0.5003197693393242,0.683790153325616,1.0421640169777129,-0.2110959525641372,-0.5588241729019235,3,23,9,6,1
0.44518514022676536,0.6246812265147573,1.0421640169777129,-0.2110959525641372,-0.4995794274584459,4,23,9,6,23
0.43599603537467224,0.8611169337581918,0.5817695378109445,-0.2110959525641372,-0.4166367838375637,5,23,9,6,19
0.44518514022676536,0.9793347873799091,0.4666709180192524,-0.2824001958759379,-0.3336941402166983,6,23,9,6,19
0.48194155963513796,0.9202258605690504,0.5817695378109445,-0.2824001958759379,-0.27444939477322067,7,23,9,6,19
0.4635633499309516,0.6246812265147573,1.5025584961444813,1.6348916798413717,-0.19150675115233842,8,23,9,6,19
0.3900505111142065,0.1518098120278884,1.0421640169777129,1.6348916798413717,-0.17965780206363616,9,23,9,6,19
0.2797812528890887,-0.4392794560806978,2.078051595102942,1.6348916798413717,-0.0967151584427708,10,23,9,6,19
0.13275557525559842,-0.853041943756708,1.5025584961444813,1.6348916798413717,-0.061168311176680826,11,23,9,6,19
0.17870109951606414,-1.1485865778110012,1.272361256561097,1.6348916798413717,-0.061168311176680826,12,23,9,6,19
0.15113378495978472,-1.030368724189284,1.7327557357278653,1.6348916798413717,-0.04931936208797856,13,23,9,6,19
0.14194468010769154,-1.3259133582435771,1.5025584961444813,1.6348916798413717,-0.03747041299929313,14,23,9,6,19
0.18789020436815726,-1.0894776510001425,1.0421640169777129,1.6348916798413717,-0.013772514821888588,15,23,9,6,19
0.2889703577411819,-0.853041943756708,0.00627643885248406,1.6348916798413717,0.021774332444184544,16,23,9,6,19
0.07762094614303955,-1.1485865778110012,0.5817695378109445,1.6348916798413717,0.06917012879897678,17,23,9,6,19
0.16032288981187784,-0.2028437488372633,-0.6843152798976685,-0.2110959525641372,0.14026382333115672,18,23,9,6,19
0.2522139383328093,0.3882455192713229,-1.259808378856129,-0.2110959525641372,0.21135751786333665,19,23,9,6,19
0.19707930922025046,-0.2619526756481219,-0.6843152798976685,-0.2110959525641372,0.3061491105729043,20,23,9,6,19
0.24302483348071618,0.683790153325616,-0.9145125194810526,-0.2110959525641372,0.3890917541937697,21,23,9,6,19
0.21545751892443676,1.0384437141907676,-0.9145125194810526,-0.2110959525641372,0.42463860145985965,22,23,9,6,19
0.24302483348071618,0.5064633728930401,-0.9145125194810526,-0.2110959525641372,0.4483364996372642,23,23,9,6,23
0.23383572862862298,0.9793347873799091,-1.7202028580228972,-0.2110959525641372,0.4364875505485619,0,24,9,0,19
0.16032288981187784,1.3930972750559194,-1.0296111392727447,-0.2110959525641372,0.42463860145985965,1,24,9,0,19
0.23383572862862298,1.2157704946233434,-1.7202028580228972,-0.2110959525641372,0.37724280510508423,2,24,9,0,0
0.19707930922025046,1.5113151286776365,-1.7202028580228972,-0.2110959525641372,0.3890917541937697,3,24,9,0,0
0.22464662377652989,1.0975526410016263,-1.259808378856129,-0.2110959525641372,0.4364875505485619,4,24,9,0,19
0.48194155963513796,1.8659686895427883,-1.7202028580228972,-0.2110959525641372,0.46018544872594963,5,24,9,0,23
0.3900505111142065,1.8659686895427883,-0.6843152798976685,1.6348916798413717,0.49573229599203955,6,24,9,0,23
0.4543742450788585,1.7477508359210712,-1.0296111392727447,1.6348916798413717,0.5075812450807419,7,24,9,0,23
0.4543742450788585,1.0384437141907676,-0.22392080073090012,1.6348916798413717,0.5431280923468318,8,24,9,0,19
0.4911306644872311,0.8020080069473332,-0.22392080073090012,1.6348916798413717,0.5194301941694273,9,24,9,0,19
0.4543742450788585,0.1518098120278884,0.8119667773943287,1.6348916798413717,0.4838833469033373,10,24,9,0,19
0.2705921480369956,-0.6757151633241323,1.5025584961444813,1.6348916798413717,0.46018544872594963,11,24,9,0,19
0.2889703577411819,-0.7939330169458495,0.5817695378109445,1.6348916798413717,0.37724280510508423,12,24,9,0,19
0.05924273643885328,-1.4441312118652943,1.5025584961444813,1.6348916798413717,0.2706022633068143,13,24,9,0,19
0.105188260699319,-1.503240138676153,1.9629529753112496,1.6348916798413717,0.21135751786333665,14,24,9,0,19
0.09599915584722585,-1.4441312118652943,1.0421640169777129,1.6348916798413717,0.09286802697636448,15,24,9,0,19
0.17870109951606414,-1.3259133582435771,1.272361256561097,1.6348916798413717,0.04547223062158908,16,24,9,0,19
0.24302483348071618,-0.9712597973784254,1.5025584961444813,1.6348916798413717,0.009925383355499112,17,24,9,0,19
0.298159462593275,-0.6757151633241323,0.8119667773943287,-0.2110959525641372,-0.025621463910590857,18,24,9,0,19
0.2797812528890887,-0.5574973097024151,2.078051595102942,-0.2110959525641372,-0.0019235657332031574,19,24,9,0,19
0.34410498685374075,0.03359195840617116,0.00627643885248406,-0.2110959525641372,0.009925383355499112,20,24,9,0,19
0.3349158820016476,0.09270088521702978,0.23647367843586825,-0.2110959525641372,0.009925383355499112,21,24,9,0,23
0.2797812528890887,-0.3210616024589805,0.23647367843586825,-0.2110959525641372,0.03362328153288681,22,24,9,0,23
0.2797812528890887,-0.2028437488372633,0.5817695378109445,-0.2110959525641372,-0.013772514821888588,23,24,9,0,19
0.3165376722974613,-0.025516968404687458,0.23647367843586825,-0.2110959525641372,-0.03747041299929313,0,25,9,1,23
0.3532940917058339,0.03359195840617116,0.4666709180192524,-0.2110959525641372,-0.15595990388624847,1,25,9,1,23
0.2522139383328093,-0.1437348220264047,0.5817695378109445,-0.2110959525641372,-0.20335570024104072,2,25,9,1,23
0.2705921480369956,0.03359195840617116,0.5817695378109445,-0.2110959525641372,-0.23890254750713066,3,25,9,1,23
0.2522139383328093,-0.1437348220264047,1.0421640169777129,-0.2110959525641372,-0.23890254750713066,4,25,9,1,23
0.3165376722974613,0.1518098120278884,0.23647367843586825,-0.2110959525641372,-0.23890254750713066,5,25,9,1,1
0.32572677714955445,-0.1437348220264047,0.4666709180192524,1.6348916798413717,-0.19150675115233842,6,25,9,1,23
0.39923961596629964,-0.08462589521554607,1.5025584961444813,1.6348916798413717,-0.19150675115233842,7,25,9,1,19
0.4268069305225791,-0.2619526756481219,1.0421640169777129,1.6348916798413717,-0.15595990388624847,8,25,9,1,19
0.555454398451883,-0.4392794560806978,1.9629529753112496,1.6348916798413717,-0.1441109547975462,9,25,9,1,19
0.5922108178602556,-0.5574973097024151,2.3082488346863257,1.6348916798413717,-0.15595990388624847,10,25,9,1,19
0.6105890275644419,-0.6757151633241323,1.5025584961444813,1.6348916798413717,-0.13226200570886076,11,25,9,1,19
0.6473454469728145,-0.5574973097024151,1.7327557357278653,1.6348916798413717,-0.07301726026538309,12,25,9,1,23
0.674912761529094,-0.6757151633241323,2.078051595102942,1.6348916798413717,-0.07301726026538309,13,25,9,1,23
0.7208582857895597,-0.6166062365132736,1.9629529753112496,1.6348916798413717,-0.0967151584427708,14,25,9,1,23
0.7024800760853733,-0.6166062365132736,1.5025584961444813,1.6348916798413717,-0.08486620935406852,15,25,9,1,23
0.6381563421207214,-0.853041943756708,0.4666709180192524,1.6348916798413717,-0.08486620935406852,16,25,9,1,23
0.7300473906416528,-0.4983883828915564,-0.6843152798976685,1.6348916798413717,-0.08486620935406852,17,25,9,1,19
0.7668038100500254,-0.2028437488372633,-0.22392080073090012,-0.2824001958759379,-0.07301726026538309,18,25,9,1,19
0.7300473906416528,-0.025516968404687458,-0.4541180403142843,-0.2110959525641372,-0.03747041299929313,19,25,9,1,0
0.7392364954937459,0.2700276656496056,-0.9145125194810526,-0.2110959525641372,-0.025621463910590857,20,25,9,1,19
0.7300473906416528,0.6246812265147573,-0.22392080073090012,-0.2110959525641372,0.009925383355499112,21,25,9,1,23
0.6381563421207214,0.683790153325616,-0.9145125194810526,-0.2110959525641372,-0.0019235657332031574,22,25,9,1,19
0.6105890275644419,0.32913659246046423,0.23647367843586825,-0.2110959525641372,-0.025621463910590857,23,25,9,1,1
0.674912761529094,0.4473544460821815,0.00627643885248406,-0.2110959525641372,-0.03747041299929313,0,26,9,2,23
0.6565345518249076,0.4473544460821815,0.23647367843586825,-0.2110959525641372,-0.10856410753147307,1,26,9,2,23
0.6197781324165351,0.32913659246046423,0.23647367843586825,-0.2110959525641372,-0.19150675115233842,2,26,9,2,23
0.5646435033039762,-0.025516968404687458,0.23647367843586825,-0.2110959525641372,-0.21520464932972613,3,26,9,2,23
0.5922108178602556,0.09270088521702978,0.23647367843586825,-0.2110959525641372,-0.20335570024104072,4,26,9,2,23
0.6105890275644419,0.03359195840617116,0.23647367843586825,-0.2110959525641372,-0.2507514965958161,5,26,9,2,23
0.6013999227123488,0.03359195840617116,0.23647367843586825,-0.2824001958759379,-0.2270535984184284,6,26,9,2,1
0.7208582857895597,0.3882455192713229,0.4666709180192524,-0.2824001958759379,-0.21520464932972613,7,26,9,2,1
0.7759929149021185,0.5655722997038988,0.4666709180192524,-0.2824001958759379,-0.19150675115233842,8,26,9,2,1
0.86788396342305,0.7428990801364745,0.5817695378109445,-0.2824001958759379,-0.20335570024104072,9,26,9,2,1
0.9230185925356088,0.5655722997038988,0.4666709180192524,-0.2824001958759379,-0.19150675115233842,10,26,9,2,1
1.0057205362044472,0.3882455192713229,0.5817695378109445,-0.2824001958759379,-0.2507514965958161,11,26,9,2,1
1.0424769556128197,0.5064633728930401,0.00627643885248406,-0.2824001958759379,-0.27444939477322067,12,26,9,2,1
1.1068006895774718,0.5655722997038988,0.5817695378109445,-0.2824001958759379,-0.2981472929506083,13,26,9,2,1
1.125178899281658,0.2700276656496056,1.0421640169777129,-0.2824001958759379,-0.3810899365714737,14,26,9,2,1
1.1986917380984032,1.2157704946233434,-0.4541180403142843,-0.2824001958759379,-0.357392038394086,15,26,9,2,23
1.1619353186900305,0.7428990801364745,-0.9145125194810526,-0.2824001958759379,-0.3692409874827883,16,26,9,2,25
0.9230185925356088,0.7428990801364745,0.4666709180192524,-0.2824001958759379,-0.2270535984184284,17,26,9,2,23
0.7024800760853733,0.4473544460821815,0.23647367843586825,-0.2824001958759379,-0.061168311176680826,18,26,9,2,23
0.6381563421207214,0.5064633728930401,-0.9145125194810526,-0.2110959525641372,0.04547223062158908,19,26,9,2,23
0.48194155963513796,-0.025516968404687458,0.00627643885248406,-0.2110959525641372,0.19950856877463438,20,26,9,2,1
0.40842872081839277,-0.2028437488372633,-1.0296111392727447,-0.2110959525641372,0.329847008750292,21,26,9,2,1
0.4543742450788585,0.210918738838747,-0.9145125194810526,-0.2110959525641372,0.40094070328247194,22,26,9,2,23
0.3349158820016476,0.03359195840617116,-0.9145125194810526,-0.2110959525641372,0.4838833469033373,23,26,9,2,23
0.3165376722974613,0.5064633728930401,-0.9145125194810526,-0.2110959525641372,0.5431280923468318,0,27,9,3,19
0.34410498685374075,1.156661567812485,-0.6843152798976685,-0.2110959525641372,0.5786749396129218,1,27,9,3,19
0.3073485674453682,1.3339883482450607,-0.6843152798976685,-0.2110959525641372,0.6023728377903095,2,27,9,3,19
0.21545751892443676,1.3930972750559194,-0.6843152798976685,-0.2110959525641372,0.6853154814111748,3,27,9,3,0
0.14194468010769154,1.5113151286776365,-0.4541180403142843,-0.2110959525641372,0.7564091759433548,4,27,9,3,0
0.18789020436815726,1.3930972750559194,-0.9145125194810526,-0.2110959525641372,0.839351819564237,5,27,9,3,0
0.16032288981187784,1.0975526410016263,-1.7202028580228972,1.6348916798413717,0.9578413104511924,6,27,9,3,0
0.2522139383328093,1.0975526410016263,-1.7202028580228972,1.6348916798413717,1.01708605589467,7,27,9,3,0
0.2797812528890887,0.683790153325616,-0.4541180403142843,1.6348916798413717,1.1118776486042377,8,27,9,3,0
0.23383572862862298,-0.025516968404687458,-0.6843152798976685,1.6348916798413717,1.1592734449590298,9,27,9,3,19
0.16951199466397104,-0.6166062365132736,-1.259808378856129,1.6348916798413717,1.1948202922251199,10,27,9,3,19
0.0868100509951327,-0.853041943756708,-1.0296111392727447,1.6348916798413717,1.1711223940477322,11,27,9,3,19
0.11437736555141212,-0.7939330169458495,-1.259808378856129,1.6348916798413717,1.1711223940477322,12,27,9,3,19
0.17870109951606414,-0.7939330169458495,-0.4541180403142843,1.6348916798413717,1.1118776486042377,13,27,9,3,23
0.16951199466397104,-1.0894776510001425,-1.259808378856129,1.6348916798413717,1.0644818522494623,14,27,9,3,19
0.19707930922025046,-1.030368724189284,-0.6843152798976685,1.6348916798413717,1.0407839540720745,15,27,9,3,19
0.105188260699319,-1.2668044314327185,-0.4541180403142843,1.6348916798413717,1.0407839540720745,16,27,9,3,19
0.09599915584722585,-1.1485865778110012,-0.9145125194810526,1.6348916798413717,1.05263290316076,17,27,9,3,19
0.11437736555141212,-0.853041943756708,-0.9145125194810526,1.6348916798413717,1.08817975042685,18,27,9,3,19
0.16951199466397104,-0.1437348220264047,-1.7202028580228972,-0.2110959525641372,1.1237265976929398,19,27,9,3,0
0.21545751892443676,-0.2028437488372633,-1.259808378856129,-0.2110959525641372,1.1355755467816422,20,27,9,3,19
0.2705921480369956,0.5655722997038988,-0.9145125194810526,-0.2110959525641372,1.1355755467816422,21,27,9,3,0
0.20626841407234356,0.32913659246046423,-1.259808378856129,-0.2110959525641372,1.1118776486042377,22,27,9,3,0
0.18789020436815726,0.32913659246046423,-1.259808378856129,-0.2110959525641372,1.1000286995155522,23,27,9,3,0
0.13275557525559842,0.1518098120278884,-1.0296111392727447,-0.2110959525641372,1.0763308013381476,0,28,9,4,0
0.19707930922025046,0.7428990801364745,-0.9145125194810526,-0.2110959525641372,1.1000286995155522,1,28,9,4,19
0.24302483348071618,0.6246812265147573,-1.0296111392727447,-0.2110959525641372,1.05263290316076,2,28,9,4,19
0.21545751892443676,1.0384437141907676,-0.6843152798976685,-0.2110959525641372,1.0289350049833723,3,28,9,4,0
0.2522139383328093,1.6295329822993538,-0.6843152798976685,-0.2110959525641372,1.01708605589467,4,28,9,4,0
0.18789020436815726,1.7477508359210712,-0.9145125194810526,-0.2110959525641372,0.9696902595398946,5,28,9,4,19
0.14194468010769154,1.452206201866778,-0.6843152798976685,1.6348916798413717,0.9222944631851023,6,28,9,4,19
0.19707930922025046,0.8611169337581918,-0.4541180403142843,1.6348916798413717,0.8867476159190124,7,28,9,4,19
0.298159462593275,0.683790153325616,-0.6843152798976685,1.6348916798413717,0.8985965650077147,8,28,9,4,19
0.2522139383328093,0.09270088521702978,-0.22392080073090012,1.6348916798413717,0.839351819564237,9,28,9,4,23
0.3165376722974613,-0.3801705292698392,-0.22392080073090012,1.6348916798413717,0.7327112777659671,10,28,9,4,23
0.24302483348071618,-0.853041943756708,-0.22392080073090012,1.6348916798413717,0.6734665323224894,11,28,9,4,23
0.41761782567048583,-0.6757151633241323,-0.9145125194810526,1.6348916798413717,0.5905238887016072,12,28,9,4,23
0.39923961596629964,-0.853041943756708,-0.6843152798976685,1.6348916798413717,0.4364875505485619,13,28,9,4,19
0.5646435033039762,-0.4983883828915564,0.23647367843586825,-0.2824001958759379,0.37724280510508423,14,28,9,4,23
0.6473454469728145,-0.025516968404687458,0.4666709180192524,-0.2824001958759379,0.3535449069276797,15,28,9,4,23
0.6841018663811871,0.5064633728930401,0.23647367843586825,-0.2824001958759379,0.329847008750292,16,28,9,4,23
0.6932909712332802,0.8020080069473332,0.23647367843586825,-0.2824001958759379,0.34169595783899426,17,28,9,4,23
0.6841018663811871,0.9202258605690504,0.00627643885248406,-0.2824001958759379,0.329847008750292,18,28,9,4,23
0.6841018663811871,0.8611169337581918,0.00627643885248406,-0.2110959525641372,0.3535449069276797,19,28,9,4,23
0.6932909712332802,0.8611169337581918,-1.259808378856129,-0.2110959525641372,0.34169595783899426,20,28,9,4,23
0.6657236566770008,0.7428990801364745,-0.9145125194810526,-0.2110959525641372,0.3179980596615897,21,28,9,4,23
0.6657236566770008,0.7428990801364745,-0.6843152798976685,-0.2110959525641372,0.294300161484202,22,28,9,4,23
0.6105890275644419,0.5655722997038988,-0.4541180403142843,-0.6626894935388755,0.28245121239551657,23,28,9,4,1
0.6197781324165351,0.6246812265147573,-0.9145125194810526,-0.6626894935388755,0.25875331421811204,0,29,9,5,1
0.6197781324165351,0.6246812265147573,-0.6843152798976685,-0.2110959525641372,0.2232064669520221,1,29,9,5,1
0.6197781324165351,0.6246812265147573,-0.4541180403142843,-0.2110959525641372,0.1758106705972467,2,29,9,5,1
0.674912761529094,1.274879421434202,-0.4541180403142843,-0.2110959525641372,0.16396172150854443,3,29,9,5,1
0.6473454469728145,1.274879421434202,0.00627643885248406,-0.2110959525641372,0.16396172150854443,4,29,9,5,1
0.5830217130081625,1.3930972750559194,0.4666709180192524,-0.2110959525641372,0.21135751786333665,5,29,9,5,1
0.5738326081560694,1.3930972750559194,-0.4541180403142843,-0.2110959525641372,0.25875331421811204,6,29,9,5,1
0.555454398451883,1.452206201866778,0.23647367843586825,-0.2110959525641372,0.28245121239551657,7,29,9,5,1
0.5922108178602556,1.2157704946233434,0.4666709180192524,-0.2824001958759379,0.2706022633068143,8,29,9,5,1
0.6473454469728145,0.9202258605690504,0.8119667773943287,-0.2824001958759379,0.25875331421811204,9,29,9,5,23
0.6841018663811871,0.8611169337581918,0.5817695378109445,-0.2824001958759379,0.21135751786333665,10,29,9,5,1
0.6657236566770008,0.9202258605690504,1.0421640169777129,-0.2824001958759379,0.16396172150854443,11,29,9,5,1
0.674912761529094,0.9793347873799091,0.8119667773943287,-0.2824001958759379,0.152112772419859,12,29,9,5,2
0.6657236566770008,0.9793347873799091,0.4666709180192524,-0.2824001958759379,0.11656592515376903,13,29,9,5,2
0.6657236566770008,0.9202258605690504,0.4666709180192524,-0.2824001958759379,0.08101907788767905,14,29,9,5,1
0.6932909712332802,1.3930972750559194,0.5817695378109445,-0.6626894935388755,0.06917012879897678,15,29,9,5,2
0.6657236566770008,1.2157704946233434,1.272361256561097,-0.2824001958759379,0.06917012879897678,16,29,9,5,1
0.7208582857895597,1.6295329822993538,0.8119667773943287,-1.4232680888647506,0.08101907788767905,17,29,9,5,2
0.6657236566770008,1.5704240554884952,0.5817695378109445,-0.9162156919808337,0.08101907788767905,18,29,9,5,2
0.7024800760853733,1.8068597627319296,0.4666709180192524,-1.6847169810080203,0.11656592515376903,19,29,9,5,3
0.674912761529094,1.6886419091102125,1.0421640169777129,-1.5579538817870409,0.09286802697636448,20,29,9,5,3
0.6657236566770008,1.5704240554884952,0.8119667773943287,-1.4232680888647506,0.06917012879897678,21,29,9,5,3
0.674912761529094,1.6295329822993538,0.5817695378109445,-1.4232680888647506,0.03362328153288681,22,29,9,5,3
0.6565345518249076,1.5113151286776365,0.23647367843586825,-1.1697418904227923,0.009925383355499112,23,29,9,5,2
0.6289672372686282,1.3930972750559194,-0.22392080073090012,-1.5579538817870409,-0.025621463910590857,0,30,9,6,3
0.6473454469728145,1.5113151286776365,0.00627643885248406,-1.5579538817870409,-0.03747041299929313,1,30,9,6,3
0.6657236566770008,1.7477508359210712,0.5817695378109445,-1.6847169810080203,-0.0967151584427708,2,30,9,6,3
0.6473454469728145,1.6295329822993538,0.23647367843586825,-1.1697418904227923,-0.15595990388624847,3,30,9,6,2
0.6381563421207214,1.452206201866778,0.23647367843586825,-1.1697418904227923,-0.10856410753147307,4,30,9,6,1
0.6473454469728145,1.452206201866778,0.00627643885248406,-0.9162156919808337,-0.15595990388624847,5,30,9,6,1
0.6473454469728145,1.3930972750559194,-0.22392080073090012,-0.6626894935388755,-0.17965780206363616,6,30,9,6,1
0.674912761529094,1.452206201866778,0.00627643885248406,-0.6626894935388755,-0.20335570024104072,7,30,9,6,1
0.674912761529094,1.3339883482450607,0.4666709180192524,-0.6626894935388755,-0.17965780206363616,8,30,9,6,1
0.674912761529094,1.274879421434202,0.5817695378109445,-0.6626894935388755,-0.2507514965958161,9,30,9,6,1
0.6932909712332802,1.274879421434202,0.23647367843586825,-0.6626894935388755,-0.30999624203929377,10,30,9,6,1
0.7024800760853733,1.2157704946233434,0.4666709180192524,-1.1697418904227923,-0.392938885660176,11,30,9,6,1
0.7851820197542116,1.6295329822993538,0.23647367843586825,-1.4232680888647506,-0.4758815292810413,12,30,9,6,3
0.7759929149021185,1.7477508359210712,-0.22392080073090012,-1.6847169810080203,-0.606219969256699,13,30,9,6,3
0.7851820197542116,1.7477508359210712,0.4666709180192524,-1.5579538817870409,-0.7010115619662834,14,30,9,6,28
0.7668038100500254,1.6295329822993538,0.5817695378109445,-1.6847169810080203,-0.8195010528532388,15,30,9,6,28
0.7943711246063048,1.7477508359210712,-0.22392080073090012,-1.5579538817870409,-0.9142926455628064,16,30,9,6,28
0.7943711246063048,1.7477508359210712,-0.4541180403142843,-1.5579538817870409,-0.9972352891836886,17,30,9,6,28
0.8219384391625842,1.8659686895427883,-1.259808378856129,-1.4232680888647506,-1.0683289837158518,18,30,9,6,28
0.8127493343104911,1.8659686895427883,-0.6843152798976685,-1.4232680888647506,-1.1394226782480317,19,30,9,6,28
0.8311275440146774,1.925077616353647,-0.6843152798976685,-1.5579538817870409,-1.2460632200463015,20,30,9,6,28
0.8219384391625842,1.8659686895427883,-0.4541180403142843,-1.4232680888647506,-1.364552710933257,21,30,9,6,28
0.7943711246063048,1.7477508359210712,-0.22392080073090012,-0.9162156919808337,-1.4948911509089144,22,30,9,6,24
0.7943711246063048,1.8068597627319296,0.00627643885248406,-1.6847169810080203,-1.5778337945297967,23,30,9,6,28
0.7851820197542116,1.7477508359210712,0.00627643885248406,-0.6626894935388755,-1.696323285416752,0,1,10,0,24
0.7851820197542116,1.8068597627319296,0.23647367843586825,-1.6847169810080203,-1.767416979948932,1,1,10,0,28
0.7943711246063048,1.8659686895427883,0.00627643885248406,-1.6847169810080203,-1.838510674481112,2,1,10,0,28
0.7759929149021185,1.8659686895427883,0.23647367843586825,-1.5579538817870409,-1.9096043690132918,3,1,10,0,28
0.7851820197542116,1.8659686895427883,0.00627643885248406,-1.6847169810080203,-1.9096043690132918,4,1,10,0,28
0.7851820197542116,1.8659686895427883,0.00627643885248406,-1.5579538817870409,-1.874057521747202,5,1,10,0,28
0.7759929149021185,1.6295329822993538,0.00627643885248406,-0.6626894935388755,-1.8266617253924098,6,1,10,0,1
0.7943711246063048,1.5704240554884952,0.23647367843586825,-0.6626894935388755,-1.7200211835941566,7,1,10,0,24
0.8495057537188638,1.6295329822993538,0.23647367843586825,-0.2824001958759379,-1.6015316927071845,8,1,10,0,1
0.8954512779793296,1.274879421434202,0.4666709180192524,-0.2824001958759379,-1.4830422018202292,9,1,10,0,23
0.86788396342305,0.9202258605690504,0.5817695378109445,-0.2824001958759379,-1.3882506091106614,10,1,10,0,1
0.8586948585709568,0.9202258605690504,1.272361256561097,-0.2824001958759379,-1.2934590164010937,11,1,10,0,1
0.803560229458398,0.7428990801364745,0.23647367843586825,-0.2824001958759379,-1.1749695255141217,12,1,10,0,1
0.8219384391625842,0.7428990801364745,0.4666709180192524,-0.2824001958759379,-1.080177932804554,13,1,10,0,1
0.8127493343104911,0.6246812265147573,1.0421640169777129,-0.2824001958759379,-1.0090842382723741,14,1,10,0,1
0.8219384391625842,0.683790153325616,1.272361256561097,-0.2824001958759379,-0.9261415946515087,15,1,10,0,1
0.8219384391625842,0.7428990801364745,0.4666709180192524,-0.2824001958759379,-0.8313500019419411,16,1,10,0,1
0.8127493343104911,0.7428990801364745,0.23647367843586825,1.6348916798413717,-0.7128605110549688,17,1,10,0,23
0.8311275440146774,0.8611169337581918,-1.0296111392727447,-0.2110959525641372,-0.6417668165227889,18,1,10,0,1
0.8403166488667705,0.9202258605690504,-0.6843152798976685,-0.2110959525641372,-0.5706731219906258,19,1,10,0,23
0.8403166488667705,1.156661567812485,-0.6843152798976685,-0.2110959525641372,-0.5232773256358336,20,1,10,0,23
0.86788396342305,1.274879421434202,-1.0296111392727447,-0.2110959525641372,-0.4758815292810413,21,1,10,0,23
0.9322076973877019,1.7477508359210712,-1.0296111392727447,-0.2110959525641372,-0.46403258019235594,22,1,10,0,23
0.9505859070918884,1.452206201866778,0.8119667773943287,-0.2110959525641372,-0.357392038394086,23,1,10,0,23
0.9322076973877019,1.6295329822993538,-0.6843152798976685,-0.2110959525641372,-0.3692409874827883,0,2,10,1,23
0.9230185925356088,1.8659686895427883,-0.6843152798976685,-0.2110959525641372,-0.34554308930538374,1,2,10,1,23
0.8954512779793296,1.8659686895427883,-0.9145125194810526,-0.6626894935388755,-0.3336941402166983,2,2,10,1,23
0.8495057537188638,1.8068597627319296,-0.9145125194810526,-0.6626894935388755,-0.27444939477322067,3,2,10,1,19
0.8586948585709568,1.8659686895427883,-1.0296111392727447,-0.6626894935388755,-0.23890254750713066,4,2,10,1,0
0.7759929149021185,1.8659686895427883,-1.0296111392727447,-0.9162156919808337,-0.15595990388624847,5,2,10,1,19
0.7943711246063048,1.925077616353647,-1.7202028580228972,1.6348916798413717,-0.10856410753147307,6,2,10,1,23
0.8495057537188638,1.8659686895427883,-1.259808378856129,-0.2824001958759379,-0.013772514821888588,7,2,10,1,23
0.9046403828314227,1.6886419091102125,-0.6843152798976685,-0.2824001958759379,0.03362328153288681,8,2,10,1,23
0.9689641167960745,1.452206201866778,-1.0296111392727447,-0.2824001958759379,0.03362328153288681,9,2,10,1,1
0.987342326500261,1.2157704946233434,-0.6843152798976685,-0.2824001958759379,0.04547223062158908,10,2,10,1,1
1.0424769556128197,0.9793347873799091,-0.9145125194810526,-0.2824001958759379,0.03362328153288681,11,2,10,1,23
1.0149096410565404,0.4473544460821815,-0.22392080073090012,-0.2824001958759379,0.05732117971027451,12,2,10,1,23
0.9505859070918884,0.210918738838747,-0.6843152798976685,-0.2824001958759379,-0.025621463910590857,13,2,10,1,1
0.9046403828314227,-0.025516968404687458,-0.4541180403142843,-0.2824001958759379,-0.025621463910590857,14,2,10,1,23
0.8219384391625842,-0.2619526756481219,-0.6843152798976685,-0.2824001958759379,0.03362328153288681,15,2,10,1,23
0.9230185925356088,0.03359195840617116,-1.0296111392727447,-0.2824001958759379,0.009925383355499112,16,2,10,1,23
1.0424769556128197,0.5655722997038988,-0.6843152798976685,-0.2824001958759379,0.05732117971027451,17,2,10,1,23
0.987342326500261,0.8020080069473332,-0.6843152798976685,-0.2824001958759379,0.12841487424245446,18,2,10,1,19
0.987342326500261,1.3339883482450607,-0.4541180403142843,-0.2110959525641372,0.152112772419859,19,2,10,1,19
0.9597750119439814,1.3339883482450607,-0.6843152798976685,-0.2110959525641372,0.19950856877463438,20,2,10,1,19
0.9413968022397953,1.452206201866778,-1.0296111392727447,-0.2110959525641372,0.25875331421811204,21,2,10,1,19
0.9505859070918884,1.452206201866778,-1.259808378856129,-0.2110959525641372,0.2706022633068143,22,2,10,1,0
0.7668038100500254,1.7477508359210712,-1.259808378856129,-0.2110959525641372,0.3061491105729043,23,2,10,1,0
0.8403166488667705,1.8659686895427883,-1.259808378856129,-0.2110959525641372,0.294300161484202,0,3,10,2,0
0.7759929149021185,1.8068597627319296,-1.259808378856129,-0.2110959525641372,0.329847008750292,1,3,10,2,0
0.7943711246063048,1.8659686895427883,-0.9145125194810526,-0.2110959525641372,0.3179980596615897,2,3,10,2,0
0.8127493343104911,1.8659686895427883,-0.9145125194810526,-0.2110959525641372,0.329847008750292,3,3,10,2,0
0.7943711246063048,1.8068597627319296,-0.9145125194810526,-0.2110959525641372,0.37724280510508423,4,3,10,2,0
0.7759929149021185,1.925077616353647,-0.4541180403142843,-1.9382431794499786,0.3890917541937697,5,3,10,2,7
0.8219384391625842,1.925077616353647,-0.4541180403142843,-2.1442332156840695,0.4364875505485619,6,3,10,2,7
0.8403166488667705,1.925077616353647,-0.22392080073090012,-2.1442332156840695,0.5194301941694273,7,3,10,2,7
0.8127493343104911,1.925077616353647,0.00627643885248406,-2.0650062786709578,0.5786749396129218,8,3,10,2,7
0.9230185925356088,1.8659686895427883,0.4666709180192524,-1.8114800802289992,0.5668259905242196,9,3,10,2,7
1.0057205362044472,1.452206201866778,0.4666709180192524,-1.4232680888647506,0.5312791432581295,10,3,10,2,7
1.0240987459086335,1.156661567812485,0.4666709180192524,-1.1697418904227923,0.5075812450807419,11,3,10,2,1
0.9781532216481676,0.683790153325616,0.4666709180192524,-0.2824001958759379,0.4364875505485619,12,3,10,2,23
1.0057205362044472,0.5655722997038988,-0.22392080073090012,-0.6626894935388755,0.4127896523711742,13,3,10,2,23
1.0149096410565404,0.2700276656496056,-0.22392080073090012,-0.6626894935388755,0.4127896523711742,14,3,10,2,1
1.0424769556128197,0.210918738838747,-0.22392080073090012,-0.2824001958759379,0.4127896523711742,15,3,10,2,1
1.070044270169099,0.32913659246046423,-0.4541180403142843,-0.2824001958759379,0.4364875505485619,16,3,10,2,1
1.0424769556128197,0.210918738838747,-0.4541180403142843,-0.2824001958759379,0.4720343978146519,17,3,10,2,1
1.0424769556128197,0.32913659246046423,-0.4541180403142843,-0.2110959525641372,0.49573229599203955,18,3,10,2,1
1.0424769556128197,0.2700276656496056,-0.9145125194810526,-0.2110959525641372,0.5431280923468318,19,3,10,2,1
1.0792333750211924,0.5064633728930401,-0.6843152798976685,-0.2110959525641372,0.5431280923468318,20,3,10,2,1
1.0884224798732856,0.5655722997038988,-0.4541180403142843,-0.2110959525641372,0.5668259905242196,21,3,10,2,1
1.115989794429565,0.7428990801364745,-0.9145125194810526,-0.2110959525641372,0.6023728377903095,22,3,10,2,1
1.1343680041337512,0.8611169337581918,-0.9145125194810526,-0.2110959525641372,0.6142217868789949,23,3,10,2,1
1.1527462138379374,1.274879421434202,-0.4541180403142843,-0.9162156919808337,0.5905238887016072,0,4,10,3,1
1.115989794429565,1.3930972750559194,-0.4541180403142843,-0.9162156919808337,0.5905238887016072,1,4,10,3,1
1.060855165317006,1.6886419091102125,-0.4541180403142843,-1.6847169810080203,0.6023728377903095,2,4,10,3,2
0.8495057537188638,1.6295329822993538,-0.22392080073090012,-1.4232680888647506,0.5905238887016072,3,4,10,3,3
0.8219384391625842,1.8659686895427883,0.00627643885248406,-0.6626894935388755,0.5905238887016072,4,4,10,3,1
0.7759929149021185,1.7477508359210712,-0.6843152798976685,-0.9162156919808337,0.6379196850563994,5,4,10,3,1
0.7576147051979323,1.7477508359210712,-0.6843152798976685,-1.6847169810080203,0.6260707359676971,6,4,10,3,7
0.7851820197542116,1.8068597627319296,-0.22392080073090012,-1.874861629839489,0.6260707359676971,7,4,10,3,3
0.8495057537188638,1.8659686895427883,-0.9145125194810526,-1.874861629839489,0.6142217868789949,8,4,10,3,7
0.86788396342305,1.8659686895427883,-0.4541180403142843,-1.9699339542552232,0.5786749396129218,9,4,10,3,3
0.9138294876835157,1.8659686895427883,-0.6843152798976685,-1.8114800802289992,0.49573229599203955,10,4,10,3,3
0.9413968022397953,1.7477508359210712,-1.0296111392727447,-1.6847169810080203,0.49573229599203955,11,4,10,3,7
0.9597750119439814,1.6886419091102125,-1.7202028580228972,-1.6847169810080203,0.4364875505485619,12,4,10,3,3
0.9781532216481676,1.452206201866778,-1.7202028580228972,-1.6847169810080203,0.3890917541937697,13,4,10,3,3
1.0792333750211924,1.452206201866778,-1.259808378856129,-1.5579538817870409,0.294300161484202,14,4,10,3,28
1.115989794429565,1.5113151286776365,-1.259808378856129,-1.4232680888647506,0.2232064669520221,15,4,10,3,7
1.1895026332463101,1.7477508359210712,-1.259808378856129,-1.4232680888647506,0.152112772419859,16,4,10,3,7
1.1711244235421239,1.7477508359210712,-1.259808378856129,-1.4232680888647506,0.09286802697636448,17,4,10,3,7
1.0976115847253787,1.8659686895427883,-1.7202028580228972,-1.4232680888647506,0.08101907788767905,18,4,10,3,7
1.1068006895774718,1.8659686895427883,-1.0296111392727447,-1.4232680888647506,0.05732117971027451,19,4,10,3,7
1.060855165317006,1.925077616353647,-1.259808378856129,-1.4232680888647506,0.05732117971027451,20,4,10,3,7
1.0240987459086335,1.6886419091102125,-1.0296111392727447,-1.4232680888647506,0.021774332444184544,21,4,10,3,7
1.0332878507607266,1.3930972750559194,-0.22392080073090012,-1.1697418904227923,-0.04931936208797856,22,4,10,3,19
1.0240987459086335,0.9202258605690504,-0.22392080073090012,-1.4232680888647506,-0.0967151584427708,23,4,10,3,28
0.9322076973877019,0.8611169337581918,-0.4541180403142843,-1.1697418904227923,-0.13226200570886076,0,5,10,4,19
0.9230185925356088,0.9793347873799091,0.00627643885248406,-1.1697418904227923,-0.13226200570886076,1,5,10,4,19
0.9322076973877019,0.8611169337581918,0.23647367843586825,-0.9162156919808337,-0.15595990388624847,2,5,10,4,0
0.9230185925356088,1.156661567812485,0.23647367843586825,-0.6626894935388755,-0.13226200570886076,3,5,10,4,0
0.9230185925356088,1.274879421434202,-0.22392080073090012,-0.6626894935388755,-0.10856410753147307,4,5,10,4,0
0.9230185925356088,1.452206201866778,0.23647367843586825,-0.6626894935388755,-0.10856410753147307,5,5,10,4,0
0.9505859070918884,1.6295329822993538,-1.259808378856129,-0.9162156919808337,-0.1441109547975462,6,5,10,4,19
1.0516660604649128,1.452206201866778,-1.0296111392727447,-0.2824001958759379,-0.15595990388624847,7,5,10,4,19
1.0792333750211924,1.0384437141907676,-0.6843152798976685,-0.2824001958759379,-0.15595990388624847,8,5,10,4,23
1.0149096410565404,0.683790153325616,-0.22392080073090012,-0.2824001958759379,-0.2507514965958161,9,5,10,4,23
1.0884224798732856,0.4473544460821815,-0.4541180403142843,-0.2824001958759379,-0.21520464932972613,10,5,10,4,25
1.0792333750211924,0.8020080069473332,0.8119667773943287,-0.2824001958759379,-0.23890254750713066,11,5,10,4,1
1.1711244235421239,0.8611169337581918,0.4666709180192524,-0.2824001958759379,-0.3692409874827883,12,5,10,4,1
1.1343680041337512,0.5064633728930401,0.5817695378109445,-0.2824001958759379,-0.42848573292626596,13,5,10,4,1
1.1986917380984032,0.4473544460821815,0.4666709180192524,-0.2824001958759379,-0.5351262747245359,14,5,10,4,23
1.180313528394217,0.2700276656496056,1.272361256561097,-0.2824001958759379,-0.5706731219906258,15,5,10,4,1
1.180313528394217,0.32913659246046423,1.5025584961444813,-0.2824001958759379,-0.5943710201680136,16,5,10,4,1
1.125178899281658,0.32913659246046423,1.272361256561097,-0.2824001958759379,-0.5943710201680136,17,5,10,4,1
1.125178899281658,0.5655722997038988,1.0421640169777129,-0.2110959525641372,-0.6180689183454012,18,5,10,4,1
1.070044270169099,0.4473544460821815,1.9629529753112496,-0.2110959525641372,-0.6180689183454012,19,5,10,4,1
1.0516660604649128,0.5655722997038988,1.0421640169777129,-0.2110959525641372,-0.5943710201680136,20,5,10,4,1
1.0332878507607266,0.5655722997038988,0.8119667773943287,-0.2110959525641372,-0.5825220710793113,21,5,10,4,1
0.8770730682751431,0.210918738838747,0.4666709180192524,-0.2110959525641372,-0.606219969256699,22,5,10,4,1
0.7668038100500254,-0.025516968404687458,0.23647367843586825,-0.2110959525641372,-0.6180689183454012,23,5,10,4,1
0.7943711246063048,0.1518098120278884,-0.22392080073090012,-0.2110959525641372,-0.6417668165227889,0,6,10,5,1
0.7668038100500254,0.210918738838747,0.23647367843586825,-0.2110959525641372,-0.6536157656114912,1,6,10,5,1
0.6473454469728145,0.03359195840617116,-0.4541180403142843,-0.2110959525641372,-0.7247094601436711,2,6,10,5,25
0.6932909712332802,0.3882455192713229,-0.4541180403142843,-0.2110959525641372,-0.7839542055871488,3,6,10,5,25
0.6565345518249076,1.452206201866778,-0.22392080073090012,-0.9162156919808337,-0.8313500019419411,4,6,10,5,24
0.5738326081560694,1.6886419091102125,0.00627643885248406,-0.9162156919808337,-0.866896849208031,5,6,10,5,24
0.5646435033039762,1.7477508359210712,-1.0296111392727447,-0.9162156919808337,-0.8313500019419411,6,6,10,5,24
0.5370761887476968,1.8659686895427883,-0.4541180403142843,-1.5579538817870409,-0.8313500019419411,7,6,10,5,28
0.5370761887476968,1.7477508359210712,-0.9145125194810526,-0.6626894935388755,-0.8195010528532388,8,6,10,5,24
0.555454398451883,1.5704240554884952,-0.9145125194810526,-0.2824001958759379,-0.8550479001193287,9,6,10,5,24
0.5646435033039762,1.5113151286776365,-0.22392080073090012,-0.2824001958759379,-0.866896849208031,10,6,10,5,24
0.5370761887476968,1.452206201866778,-0.22392080073090012,-0.2824001958759379,-0.8313500019419411,11,6,10,5,24
0.6197781324165351,1.3339883482450607,0.23647367843586825,-0.2824001958759379,-0.866896849208031,12,6,10,5,23
0.5922108178602556,0.9202258605690504,0.5817695378109445,-0.2824001958759379,-0.8905947473854188,13,6,10,5,1
0.5830217130081625,0.2700276656496056,0.23647367843586825,-0.2824001958759379,-0.9142926455628064,14,6,10,5,23
0.5738326081560694,0.09270088521702978,1.5025584961444813,1.6348916798413717,-0.9498394928288963,15,6,10,5,19
0.47275245478304484,-0.2619526756481219,1.5025584961444813,1.6348916798413717,-0.9379905437401941,16,6,10,5,19
0.4911306644872311,0.5064633728930401,-0.6843152798976685,1.6348916798413717,-0.866896849208031,17,6,10,5,23
0.4268069305225791,0.9793347873799091,0.4666709180192524,-0.2110959525641372,-0.7365584092323566,18,6,10,5,23
0.3073485674453682,0.4473544460821815,1.272361256561097,-0.2110959525641372,-0.6299178674341035,19,6,10,5,23
0.2705921480369956,0.4473544460821815,0.23647367843586825,-0.2110959525641372,-0.5588241729019235,20,6,10,5,19
0.24302483348071618,0.3882455192713229,0.4666709180192524,-0.2110959525641372,-0.46403258019235594,21,6,10,5,19
0.16951199466397104,0.2700276656496056,1.272361256561097,-0.2110959525641372,-0.357392038394086,22,6,10,5,19
0.13275557525559842,0.2700276656496056,0.8119667773943287,-0.2110959525641372,-0.30999624203929377,23,6,10,5,19
0.15113378495978472,0.32913659246046423,1.5025584961444813,-0.2110959525641372,-0.27444939477322067,0,7,10,6,23
0.16951199466397104,0.5064633728930401,0.23647367843586825,-0.2110959525641372,-0.17965780206363616,1,7,10,6,19
0.15113378495978472,0.8611169337581918,0.00627643885248406,-0.2110959525641372,-0.1441109547975462,2,7,10,6,19
0.12356647040350527,0.9202258605690504,-0.4541180403142843,-0.2110959525641372,-0.04931936208797856,3,7,10,6,19
0.105188260699319,1.274879421434202,-0.22392080073090012,-0.2110959525641372,0.04547223062158908,4,7,10,6,0
0.11437736555141212,1.2157704946233434,-0.9145125194810526,-0.2110959525641372,0.16396172150854443,5,7,10,6,23
0.105188260699319,1.0975526410016263,-0.4541180403142843,-0.2824001958759379,0.23505541604072436,6,7,10,6,23
0.105188260699319,1.0384437141907676,-0.22392080073090012,-0.2824001958759379,0.3061491105729043,7,7,10,6,23
0.06843184129094639,0.9202258605690504,-0.6843152798976685,-0.2824001958759379,0.28245121239551657,8,7,10,6,19
-0.005080997525798757,0.3882455192713229,-0.6843152798976685,1.6348916798413717,0.294300161484202,9,7,10,6,23
0.05005363158676012,0.09270088521702978,0.8119667773943287,1.6348916798413717,0.294300161484202,10,7,10,6,23
-0.09697204604673021,-0.4983883828915564,0.00627643885248406,1.6348916798413717,0.329847008750292,11,7,10,6,19
-0.1796739897155685,-0.7348240901349908,0.8119667773943287,1.6348916798413717,0.36539385601638197,12,7,10,6,23
-0.2807541430885931,-1.030368724189284,0.5817695378109445,1.6348916798413717,0.3179980596615897,13,7,10,6,23
-0.28994324794068627,-1.2076955046218598,0.23647367843586825,1.6348916798413717,0.23505541604072436,14,7,10,6,19
-0.20724130427184798,-1.0894776510001425,-0.4541180403142843,1.6348916798413717,0.2232064669520221,15,7,10,6,19
-0.2531868285323137,-0.9121508705675667,-0.4541180403142843,1.6348916798413717,0.21135751786333665,16,7,10,6,1
-0.3450778770532451,-1.030368724189284,-0.22392080073090012,1.6348916798413717,0.24690436512942662,17,7,10,6,1
-0.24399772368022055,-0.4983883828915564,-0.6843152798976685,-0.2110959525641372,0.25875331421811204,18,7,10,6,1
-0.15210667515928908,-0.2028437488372633,-1.0296111392727447,-0.2110959525641372,0.294300161484202,19,7,10,6,1
-0.19805219941975483,-0.3801705292698392,-1.0296111392727447,-0.2110959525641372,0.329847008750292,20,7,10,6,1
-0.1796739897155685,-0.3210616024589805,-0.9145125194810526,-0.2110959525641372,0.34169595783899426,21,7,10,6,1
-0.19805219941975483,-0.3801705292698392,-1.7202028580228972,-0.2110959525641372,0.3890917541937697,22,7,10,6,1
-0.10616115089882336,0.1518098120278884,0.00627643885248406,-0.2110959525641372,0.46018544872594963,23,7,10,6,25
0.031675421882573815,0.6246812265147573,-0.6843152798976685,-0.2110959525641372,0.5194301941694273,0,8,10,0,25
0.031675421882573815,0.683790153325616,-0.9145125194810526,-0.2110959525641372,0.5549770414355173,1,8,10,0,25
0.04086452673466697,0.9793347873799091,-1.0296111392727447,-0.2110959525641372,0.5312791432581295,2,8,10,0,23
0.031675421882573815,1.0975526410016263,-1.7202028580228972,-0.2110959525641372,0.5549770414355173,3,8,10,0,0
-0.01427010237789191,1.452206201866778,-1.0296111392727447,-0.2110959525641372,0.6260707359676971,4,8,10,0,0
0.004108107326294396,1.8659686895427883,-1.7202028580228972,-0.2110959525641372,0.6734665323224894,5,8,10,0,0
-0.06021562663835764,1.6886419091102125,-0.6843152798976685,-0.2824001958759379,0.8038049722981471,6,8,10,0,19
-0.1153502557509165,1.452206201866778,-1.0296111392727447,1.6348916798413717,0.9222944631851023,7,8,10,0,19
-0.13372846545510278,0.3882455192713229,-0.9145125194810526,1.6348916798413717,1.0289350049833723,8,8,10,0,19
-0.18886309456766168,-0.1437348220264047,-1.259808378856129,1.6348916798413717,1.05263290316076,9,8,10,0,0
-0.39102340131371083,-1.1485865778110012,-0.9145125194810526,1.6348916798413717,1.08817975042685,10,8,10,0,19
-0.32669966734905886,-1.2668044314327185,-0.6843152798976685,1.6348916798413717,1.0644818522494623,11,8,10,0,19
-0.41859071586999036,-1.5623490654870116,-0.22392080073090012,1.6348916798413717,1.0644818522494623,12,8,10,0,19
-0.3542669819053383,-1.503240138676153,-0.22392080073090012,1.6348916798413717,1.0407839540720745,13,8,10,0,19
-0.3726451916095246,-1.6214579922978702,0.4666709180192524,1.6348916798413717,1.01708605589467,14,8,10,0,19
-0.20724130427184798,-1.3259133582435771,-0.6843152798976685,1.6348916798413717,0.9933881577172823,15,8,10,0,23
-0.24399772368022055,-1.4441312118652943,-0.22392080073090012,1.6348916798413717,1.0052371068059847,16,8,10,0,23
-0.32669966734905886,-1.503240138676153,-0.6843152798976685,1.6348916798413717,1.05263290316076,17,8,10,0,1
-0.2991323527927794,-1.3259133582435771,-0.9145125194810526,-0.2110959525641372,1.1000286995155522,18,8,10,0,23
-0.09697204604673021,-0.6166062365132736,0.00627643885248406,-0.2110959525641372,1.1592734449590298,19,8,10,0,19
-0.032648312082078176,-0.08462589521554607,-0.9145125194810526,-0.2110959525641372,1.1829713431364175,20,8,10,0,19
0.013297212178387549,0.32913659246046423,-0.6843152798976685,-0.2110959525641372,1.2185181904025075,21,8,10,0,19
-0.05102652178626448,-0.08462589521554607,-1.259808378856129,-0.2110959525641372,1.2185181904025075,22,8,10,0,0
-0.06021562663835764,0.03359195840617116,-0.9145125194810526,-0.2110959525641372,1.1948202922251199,23,8,10,0,0
0.004108107326294396,0.7428990801364745,-1.0296111392727447,-0.2110959525641372,1.1948202922251199,0,9,10,1,0
0.06843184129094639,0.9793347873799091,-1.259808378856129,-0.2110959525641372,1.2185181904025075,1,9,10,1,0
0.07762094614303955,0.9793347873799091,-1.0296111392727447,-0.2110959525641372,1.1948202922251199,2,9,10,1,0
0.05924273643885328,0.9202258605690504,-1.259808378856129,-0.2110959525641372,1.1474244958703277,3,9,10,1,0
0.013297212178387549,1.274879421434202,-0.9145125194810526,-0.2110959525641372,1.1711223940477322,4,9,10,1,0
0.05924273643885328,1.2157704946233434,-1.259808378856129,-0.2110959525641372,1.2185181904025075,5,9,10,1,19
0.105188260699319,1.274879421434202,-0.9145125194810526,1.6348916798413717,1.23036713949121,6,9,10,1,19
0.2522139383328093,1.3930972750559194,-0.6843152798976685,1.6348916798413717,1.23036713949121,7,9,10,1,19
0.3165376722974613,1.0384437141907676,0.00627643885248406,1.6348916798413717,1.2185181904025075,8,9,10,1,0
0.3532940917058339,0.5655722997038988,0.00627643885248406,1.6348916798413717,1.1948202922251199,9,9,10,1,0
0.3165376722974613,-0.1437348220264047,0.23647367843586825,1.6348916798413717,1.1237265976929398,10,9,10,1,0
0.19707930922025046,-0.7348240901349908,-1.0296111392727447,1.6348916798413717,1.0407839540720745,11,9,10,1,19
0.16951199466397104,-0.9712597973784254,-0.9145125194810526,1.6348916798413717,0.9341434122738046,12,9,10,1,19
0.16951199466397104,-1.0894776510001425,-0.9145125194810526,1.6348916798413717,0.7801070741207425,13,9,10,1,23
0.05924273643885328,-1.3259133582435771,-0.4541180403142843,1.6348916798413717,0.7208623286772649,14,9,10,1,23
0.18789020436815726,-1.030368724189284,-0.22392080073090012,1.6348916798413717,0.6379196850563994,15,9,10,1,23
0.13275557525559842,-1.0894776510001425,-0.22392080073090012,1.6348916798413717,0.6142217868789949,16,9,10,1,23
0.20626841407234356,-0.7348240901349908,0.8119667773943287,1.6348916798413717,0.5312791432581295,17,9,10,1,23
0.20626841407234356,-0.6166062365132736,0.5817695378109445,-0.2110959525641372,0.46018544872594963,18,9,10,1,23
0.17870109951606414,-0.6166062365132736,0.4666709180192524,-0.2110959525641372,0.4720343978146519,19,9,10,1,23
0.18789020436815726,-0.3801705292698392,0.4666709180192524,-0.2110959525641372,0.4127896523711742,20,9,10,1,19
0.17870109951606414,-0.3210616024589805,0.4666709180192524,-0.2110959525641372,0.36539385601638197,21,9,10,1,19
0.44518514022676536,0.8020080069473332,0.23647367843586825,-0.2110959525641372,0.3179980596615897,22,9,10,1,19
0.44518514022676536,0.8611169337581918,0.4666709180192524,-0.2110959525641372,0.24690436512942662,23,9,10,1,19
0.44518514022676536,0.9793347873799091,0.00627643885248406,-0.2110959525641372,0.19950856877463438,0,10,10,2,19
0.48194155963513796,0.9793347873799091,-0.4541180403142843,-0.2110959525641372,0.152112772419859,1,10,10,2,23
0.48194155963513796,0.8020080069473332,0.00627643885248406,-0.2110959525641372,0.04547223062158908,2,10,10,2,23
0.4911306644872311,0.7428990801364745,-0.22392080073090012,-0.2110959525641372,-0.04931936208797856,3,10,10,2,23
0.5095088741914173,0.8020080069473332,1.7327557357278653,-0.2110959525641372,-0.13226200570886076,4,10,10,2,23
0.5278870838956037,0.8611169337581918,0.5817695378109445,-0.2110959525641372,-0.17965780206363616,5,10,10,2,23
0.5370761887476968,0.8020080069473332,2.53844607426971,-0.2824001958759379,-0.23890254750713066,6,10,10,2,23
0.5738326081560694,0.9202258605690504,2.768643313853094,-0.2824001958759379,-0.2981472929506083,7,10,10,2,1
0.5738326081560694,0.8020080069473332,1.9629529753112496,-0.2824001958759379,-0.3810899365714737,8,10,10,2,1
0.5830217130081625,0.683790153325616,1.9629529753112496,-0.2824001958759379,-0.48773047836974365,9,10,10,2,1
0.5922108178602556,0.3882455192713229,2.078051595102942,-0.2824001958759379,-0.6180689183454012,10,10,10,2,1
0.7392364954937459,1.3339883482450607,-0.22392080073090012,-1.1697418904227923,-0.7365584092323566,11,10,10,2,24
0.674912761529094,0.7428990801364745,0.5817695378109445,-0.6626894935388755,-0.8550479001193287,12,10,10,2,1
0.7576147051979323,1.274879421434202,0.4666709180192524,-1.874861629839489,-0.9616884419175986,13,10,10,2,24
0.8495057537188638,1.5704240554884952,0.4666709180192524,1.6348916798413717,-1.1631205764254362,14,10,10,2,1
0.7943711246063048,1.2157704946233434,0.00627643885248406,1.6348916798413717,-1.2342142709575994,15,10,10,2,1
0.7208582857895597,0.7428990801364745,1.272361256561097,-0.9162156919808337,-1.222365321868914,16,10,10,2,24
0.47275245478304484,0.5655722997038988,2.078051595102942,-0.2824001958759379,-1.0920268818932564,17,10,10,2,24
0.41761782567048583,1.2157704946233434,0.4666709180192524,-0.2110959525641372,-0.9498394928288963,18,10,10,2,23
0.32572677714955445,1.274879421434202,0.23647367843586825,-0.2110959525641372,-0.8787457982967164,19,10,10,2,23
0.3073485674453682,1.3339883482450607,0.00627643885248406,-0.2110959525641372,-0.8431989510306265,20,10,10,2,23
0.3073485674453682,1.156661567812485,0.4666709180192524,-0.2110959525641372,-0.8076521037645366,21,10,10,2,23
0.2889703577411819,1.156661567812485,-0.4541180403142843,-0.2110959525641372,-0.7721052564984465,22,10,10,2,23
0.21545751892443676,1.2157704946233434,-0.6843152798976685,-0.2110959525641372,-0.8076521037645366,23,10,10,2,19
0.16951199466397104,0.8611169337581918,0.23647367843586825,-0.2110959525641372,-0.7721052564984465,0,11,10,3,23
0.11437736555141212,0.8611169337581918,0.5817695378109445,-0.2110959525641372,-0.7484073583210589,1,11,10,3,23
0.11437736555141212,0.8611169337581918,1.9629529753112496,-0.2110959525641372,-0.7128605110549688,2,11,10,3,23
0.12356647040350527,0.9202258605690504,1.0421640169777129,-0.2110959525641372,-0.6417668165227889,3,11,10,3,23
0.05924273643885328,0.8611169337581918,1.272361256561097,-0.2110959525641372,-0.4403346820149514,4,11,10,3,23
-0.005080997525798757,0.8020080069473332,1.5025584961444813,-0.2110959525641372,-0.2507514965958161,5,11,10,3,19
-0.01427010237789191,0.9202258605690504,0.8119667773943287,-0.2824001958759379,-0.1204130566201585,6,11,10,3,19
-0.023459207229985065,0.9202258605690504,1.272361256561097,-0.2824001958759379,-0.0019235657332031574,7,11,10,3,19
-0.023459207229985065,0.5655722997038988,0.5817695378109445,-0.2824001958759379,0.10471697606506675,8,11,10,3,19
-0.12453936060300964,-0.025516968404687458,1.0421640169777129,-0.2824001958759379,0.1758106705972467,9,11,10,3,19
-0.21643040912394107,-0.4983883828915564,1.9629529753112496,1.6348916798413717,0.16396172150854443,10,11,10,3,23
-0.12453936060300964,-0.4983883828915564,1.0421640169777129,1.6348916798413717,0.1758106705972467,11,11,10,3,23
-0.28994324794068627,-0.7348240901349908,1.7327557357278653,1.6348916798413717,0.19950856877463438,12,11,10,3,23
-0.400212506165804,-1.2668044314327185,1.7327557357278653,1.6348916798413717,0.19950856877463438,13,11,10,3,23
-0.39102340131371083,-1.3259133582435771,1.272361256561097,1.6348916798413717,0.1758106705972467,14,11,10,3,23
-0.5012926595388286,-1.5623490654870116,1.7327557357278653,1.6348916798413717,0.18765961968593212,15,11,10,3,23
-0.48291444983464227,-1.5623490654870116,1.5025584961444813,1.6348916798413717,0.152112772419859,16,11,10,3,23
-0.43696892557417655,-1.3259133582435771,0.4666709180192524,-0.2824001958759379,0.11656592515376903,17,11,10,3,1
-0.15210667515928908,-0.6757151633241323,1.7327557357278653,-0.2110959525641372,0.16396172150854443,18,11,10,3,24
-0.032648312082078176,-0.1437348220264047,2.53844607426971,-0.2110959525641372,0.09286802697636448,19,11,10,3,24
0.09599915584722585,0.683790153325616,1.9629529753112496,-0.2110959525641372,0.021774332444184544,20,11,10,3,24
0.15113378495978472,1.0384437141907676,0.8119667773943287,-0.2110959525641372,-0.1441109547975462,21,11,10,3,24
0.12356647040350527,0.8020080069473332,0.8119667773943287,-0.2110959525641372,-0.3336941402166983,22,11,10,3,24
0.15113378495978472,0.5064633728930401,0.4666709180192524,-0.2110959525641372,-0.42848573292626596,23,11,10,3,24
0.2522139383328093,1.0384437141907676,0.8119667773943287,-0.2110959525641372,-0.3692409874827883,0,12,10,4,24
0.2614030431849025,0.9202258605690504,1.0421640169777129,-0.2110959525641372,-0.357392038394086,1,12,10,4,24
0.16951199466397104,0.683790153325616,1.7327557357278653,-0.2110959525641372,-0.34554308930538374,2,12,10,4,1
-0.13372846545510278,-0.1437348220264047,2.078051595102942,-0.2110959525641372,-0.2626004456845184,3,12,10,4,1
-0.1796739897155685,0.210918738838747,1.272361256561097,-0.2110959525641372,-0.061168311176680826,4,12,10,4,1
-0.24399772368022055,0.32913659246046423,1.0421640169777129,-0.2110959525641372,0.10471697606506675,5,12,10,4,23
-0.27156503823649997,0.4473544460821815,1.0421640169777129,-0.2824001958759379,0.294300161484202,6,12,10,4,19
-0.27156503823649997,0.4473544460821815,0.23647367843586825,-0.2824001958759379,0.4720343978146519,7,12,10,4,19
-0.2991323527927794,0.03359195840617116,0.23647367843586825,-0.2824001958759379,0.6142217868789949,8,12,10,4,19
-0.39102340131371083,-0.4392794560806978,0.4666709180192524,-0.2824001958759379,0.7445602268546694,9,12,10,4,23
-0.45534713527836285,-0.6166062365132736,0.5817695378109445,-0.2824001958759379,0.8156539213868325,10,12,10,4,23
-0.5472381837992943,-1.030368724189284,0.8119667773943287,-0.2824001958759379,0.839351819564237,11,12,10,4,23
-0.7034529662848779,-1.2668044314327185,1.7327557357278653,-0.2824001958759379,0.9222944631851023,12,12,10,4,23
-0.7402093856932505,-1.4441312118652943,1.272361256561097,-0.2824001958759379,0.9696902595398946,13,12,10,4,23
-0.7034529662848779,-1.3850222850544356,0.8119667773943287,-0.2824001958759379,1.0407839540720745,14,12,10,4,23
-0.7310202808411573,-1.4441312118652943,0.5817695378109445,-0.2824001958759379,1.1000286995155522,15,12,10,4,23
-0.721831175989064,-1.2076955046218598,0.4666709180192524,-0.2824001958759379,1.2066692413138054,16,12,10,4,23
-0.7034529662848779,-1.0894776510001425,0.8119667773943287,-0.2824001958759379,1.2777629358459852,17,12,10,4,19
-0.648318337172319,-0.7939330169458495,0.00627643885248406,-0.2110959525641372,1.372554528555553,18,12,10,4,0
-0.5931837080597601,-0.2619526756481219,-0.22392080073090012,-0.2110959525641372,1.4554971721764351,19,12,10,4,0
-0.5656163935034806,0.1518098120278884,-0.6843152798976685,-0.2110959525641372,1.5384398157973005,20,12,10,4,0
-0.6023728129118533,0.210918738838747,-0.9145125194810526,-0.2110959525641372,1.6095335103294803,21,12,10,4,0
-0.6666965468765051,0.210918738838747,-0.6843152798976685,-0.2110959525641372,1.6806272048616604,22,12,10,4,0
-0.6850747565806916,0.210918738838747,-0.6843152798976685,-0.2110959525641372,1.6924761539503625,23,12,10,4,19
-0.5839946032076668,-0.08462589521554607,-0.6843152798976685,-0.2110959525641372,1.704325103039048,0,13,10,5,23
-0.5839946032076668,0.8020080069473332,-0.9145125194810526,-0.2110959525641372,1.7280230012164526,1,13,10,5,23
-0.5656163935034806,0.5064633728930401,-1.259808378856129,-0.2110959525641372,1.6806272048616604,2,13,10,5,23
-0.5656163935034806,1.0975526410016263,-1.259808378856129,-0.2110959525641372,1.704325103039048,3,13,10,5,23
-0.5839946032076668,1.156661567812485,-1.259808378856129,-0.2110959525641372,1.739871950305138,4,13,10,5,19
-0.5931837080597601,1.0975526410016263,-1.7202028580228972,-0.2110959525641372,1.7517208993938402,5,13,10,5,0
-0.5380490789472011,0.9793347873799091,-1.7202028580228972,1.6348916798413717,1.7635698484825426,6,13,10,5,23
-0.43696892557417655,0.683790153325616,-1.0296111392727447,1.6348916798413717,1.7872677466599303,7,13,10,5,23
-0.3542669819053383,0.210918738838747,-0.4541180403142843,1.6348916798413717,1.7991166957486158,8,13,10,5,19
-0.12453936060300964,0.683790153325616,0.23647367843586825,1.6348916798413717,1.775418797571228,9,13,10,5,19
-0.335888772201152,-0.4392794560806978,0.4666709180192524,1.6348916798413717,1.739871950305138,10,13,10,5,19
-0.5748054983555737,-1.3850222850544356,1.5025584961444813,1.6348916798413717,1.668778255772958,11,13,10,5,23
-0.4094016110178971,-1.3850222850544356,0.8119667773943287,1.6348916798413717,1.562137713974705,12,13,10,5,23
-0.4921035546867354,-1.3259133582435771,0.5817695378109445,1.6348916798413717,1.4081013758216427,13,13,10,5,19
-0.5196708692430149,-1.6214579922978702,0.4666709180192524,1.6348916798413717,1.3607055794668674,14,13,10,5,23
-0.4277798207220834,-1.3850222850544356,0.4666709180192524,1.6348916798413717,1.3370076812894798,15,13,10,5,23
-0.48291444983464227,-1.503240138676153,0.23647367843586825,1.6348916798413717,1.2896118849346876,16,13,10,5,23
-0.48291444983464227,-1.4441312118652943,-0.22392080073090012,-0.2110959525641372,1.2185181904025075,17,13,10,5,23
-0.45534713527836285,-1.3259133582435771,-0.9145125194810526,-0.2110959525641372,1.1355755467816422,18,13,10,5,1
-0.335888772201152,-0.9121508705675667,0.00627643885248406,-0.2110959525641372,1.0289350049833723,19,13,10,5,1
-0.3634560867574314,-0.9121508705675667,0.00627643885248406,-0.2110959525641372,0.9459923613624901,20,13,10,5,1
-0.4094016110178971,-1.0894776510001425,-0.6843152798976685,-0.2110959525641372,0.8038049722981471,21,13,10,5,1
-0.3175105624969657,-0.853041943756708,1.0421640169777129,-0.2110959525641372,0.8275028704755347,22,13,10,5,25
0.04086452673466697,0.9202258605690504,0.4666709180192524,-1.4232680888647506,0.8512007686529224,23,13,10,5,28
0.05005363158676012,1.0384437141907676,-0.9145125194810526,-1.5579538817870409,0.7445602268546694,0,14,10,6,28
0.07762094614303955,1.452206201866778,0.5817695378109445,-1.4232680888647506,0.5431280923468318,1,14,10,6,28
0.05924273643885328,1.452206201866778,0.23647367843586825,-1.2965049896437713,0.3535449069276797,2,14,10,6,24
0.11437736555141212,1.6295329822993538,0.23647367843586825,-1.4232680888647506,0.2232064669520221,3,14,10,6,28
0.16032288981187784,1.6886419091102125,0.23647367843586825,-1.5579538817870409,0.12841487424245446,4,14,10,6,28
0.17870109951606414,1.5704240554884952,-0.6843152798976685,-1.4232680888647506,0.152112772419859,5,14,10,6,28
0.17870109951606414,1.5113151286776365,-0.4541180403142843,-1.1697418904227923,0.06917012879897678,6,14,10,6,24
0.20626841407234356,1.5113151286776365,-1.0296111392727447,-1.4232680888647506,0.12841487424245446,7,14,10,6,7
0.2614030431849025,1.6295329822993538,-0.9145125194810526,-1.8114800802289992,0.09286802697636448,8,14,10,6,7
0.2614030431849025,1.3930972750559194,-0.9145125194810526,-0.9162156919808337,0.09286802697636448,9,14,10,6,1
0.2889703577411819,1.3339883482450607,-1.0296111392727447,-0.9162156919808337,0.10471697606506675,10,14,10,6,2
0.3532940917058339,1.8068597627319296,-0.4541180403142843,-1.9382431794499786,0.06917012879897678,11,14,10,6,3
0.34410498685374075,1.7477508359210712,-0.22392080073090012,-2.001624729060468,-0.061168311176680826,12,14,10,6,3
0.34410498685374075,1.8068597627319296,-0.22392080073090012,-2.0650062786709578,-0.13226200570886076,13,14,10,6,3
0.34410498685374075,1.8068597627319296,0.4666709180192524,-2.0333155038657127,-0.2507514965958161,14,14,10,6,28
0.3716723014100201,1.7477508359210712,0.00627643885248406,-1.5579538817870409,-0.3336941402166983,15,14,10,6,28
0.41761782567048583,1.7477508359210712,0.00627643885248406,-1.9382431794499786,-0.4403346820149514,16,14,10,6,28
0.43599603537467224,1.7477508359210712,0.4666709180192524,-1.6847169810080203,-0.45218363110365367,17,14,10,6,28
0.6289672372686282,1.7477508359210712,-0.4541180403142843,-2.0333155038657127,-0.5825220710793113,18,14,10,6,28
0.6013999227123488,1.7477508359210712,0.00627643885248406,-1.4232680888647506,-0.6773136637888789,19,14,10,6,3
0.6197781324165351,1.6295329822993538,0.00627643885248406,-1.4232680888647506,-0.8787457982967164,20,14,10,6,7
0.6197781324165351,1.7477508359210712,-0.4541180403142843,-1.4232680888647506,-0.9261415946515087,21,14,10,6,7
0.6013999227123488,1.8068597627319296,-0.9145125194810526,-1.4232680888647506,-1.044631085538464,22,14,10,6,7
0.555454398451883,1.8068597627319296,0.00627643885248406,-1.6847169810080203,-1.0920268818932564,23,14,10,6,28
0.5370761887476968,1.7477508359210712,-0.22392080073090012,-1.4232680888647506,-1.1868184746028239,0,15,10,0,28
0.5186979790435104,1.8068597627319296,-0.6843152798976685,-1.4232680888647506,-1.222365321868914,1,15,10,0,28
0.5370761887476968,1.8068597627319296,-0.4541180403142843,-1.4232680888647506,-1.3882506091106614,2,15,10,0,28
0.5370761887476968,1.7477508359210712,-0.6843152798976685,-1.4232680888647506,-1.5067400999976168,3,15,10,0,28
0.748425600345839,1.452206201866778,-1.259808378856129,-1.1697418904227923,-1.6489274890619767,4,15,10,0,23
0.8311275440146774,1.2157704946233434,-0.4541180403142843,-0.9162156919808337,-1.696323285416752,5,15,10,0,23
0.8219384391625842,1.156661567812485,0.4666709180192524,-0.2824001958759379,-1.767416979948932,6,15,10,0,1
0.7851820197542116,0.9793347873799091,0.4666709180192524,-0.2824001958759379,-1.802963827215022,7,15,10,0,23
0.803560229458398,0.8611169337581918,0.5817695378109445,-0.2824001958759379,-1.802963827215022,8,15,10,0,1
0.8770730682751431,0.5064633728930401,1.0421640169777129,-0.2824001958759379,-1.8266617253924098,9,15,10,0,23
0.9322076973877019,0.6246812265147573,0.5817695378109445,-0.2824001958759379,-1.838510674481112,10,15,10,0,1
0.9046403828314227,0.5064633728930401,0.23647367843586825,-0.2824001958759379,-1.7081722345054544,11,15,10,0,25
0.7392364954937459,0.09270088521702978,0.8119667773943287,-0.2824001958759379,-1.6844743363280665,12,15,10,0,23
0.748425600345839,0.09270088521702978,1.5025584961444813,-0.2824001958759379,-1.6726253872393644,13,15,10,0,23
0.6197781324165351,-0.6166062365132736,1.7327557357278653,1.6348916798413717,-1.660776438150662,14,15,10,0,23
0.5922108178602556,-0.3210616024589805,1.5025584961444813,-0.2824001958759379,-1.6015316927071845,15,15,10,0,23
0.5830217130081625,-0.1437348220264047,1.7327557357278653,-0.2824001958759379,-1.6015316927071845,16,15,10,0,23
0.5186979790435104,-0.1437348220264047,2.078051595102942,-0.2824001958759379,-1.6133806417958867,17,15,10,0,23
0.5646435033039762,0.2700276656496056,1.9629529753112496,-0.2110959525641372,-1.6015316927071845,18,15,10,0,23
0.5278870838956037,0.3882455192713229,1.7327557357278653,-0.2110959525641372,-1.5778337945297967,19,15,10,0,23
0.4911306644872311,0.32913659246046423,1.7327557357278653,-0.2110959525641372,-1.5304379981750045,20,15,10,0,19
0.3900505111142065,0.1518098120278884,1.272361256561097,-0.2110959525641372,-1.554135896352409,21,15,10,0,19
0.23383572862862298,-0.3210616024589805,1.9629529753112496,-0.2110959525641372,-1.5659848454410945,22,15,10,0,23
0.0868100509951327,-0.6166062365132736,1.5025584961444813,-0.2110959525641372,-1.5422869472637069,23,15,10,0,23
0.11437736555141212,-0.08462589521554607,1.5025584961444813,-0.2110959525641372,-1.4711932527315268,0,16,10,1,19
0.12356647040350527,0.09270088521702978,1.0421640169777129,-0.2110959525641372,-1.376401660021959,1,16,10,1,23
-0.06940473149045077,-0.025516968404687458,1.7327557357278653,-0.2110959525641372,-1.3882506091106614,2,16,10,1,19
0.004108107326294396,0.4473544460821815,0.4666709180192524,-0.2110959525641372,-1.3882506091106614,3,16,10,1,23
0.04086452673466697,0.6246812265147573,0.8119667773943287,-0.2110959525641372,-1.3171569145784816,4,16,10,1,1
0.031675421882573815,0.8020080069473332,0.4666709180192524,-0.2110959525641372,-1.257912169135004,5,16,10,1,1
-0.14291757030719593,0.3882455192713229,1.5025584961444813,-0.2824001958759379,-1.1868184746028239,6,16,10,1,23
-0.16129578001138223,0.4473544460821815,0.00627643885248406,-0.2824001958759379,-1.0327821364497618,7,16,10,1,23
-0.17048488486347538,0.210918738838747,0.8119667773943287,-0.2824001958759379,-0.9616884419175986,8,16,10,1,19
-0.1153502557509165,0.2700276656496056,0.4666709180192524,-0.2824001958759379,-0.9261415946515087,9,16,10,1,23
-0.08778294119463706,-0.08462589521554607,1.272361256561097,-0.2824001958759379,-0.8905947473854188,10,16,10,1,23
-0.10616115089882336,-0.2028437488372633,0.8119667773943287,-0.2824001958759379,-0.8431989510306265,11,16,10,1,23
-0.08778294119463706,-0.1437348220264047,1.5025584961444813,-0.2824001958759379,-0.8313500019419411,12,16,10,1,1
-0.12453936060300964,-0.3801705292698392,1.0421640169777129,-0.2824001958759379,-0.795803154675851,13,16,10,1,23
-0.17048488486347538,-0.5574973097024151,1.7327557357278653,-0.2824001958759379,-0.8076521037645366,14,16,10,1,23
-0.17048488486347538,-0.5574973097024151,1.9629529753112496,-0.2824001958759379,-0.7839542055871488,15,16,10,1,23
-0.2348086188281274,-0.7348240901349908,1.5025584961444813,-0.2824001958759379,-0.7365584092323566,16,16,10,1,23
-0.2807541430885931,-0.5574973097024151,0.5817695378109445,-0.2824001958759379,-0.6891626128775812,17,16,10,1,19
-0.2531868285323137,-0.3210616024589805,0.00627643885248406,-0.2110959525641372,-0.606219969256699,18,16,10,1,19
-0.2531868285323137,0.1518098120278884,-0.6843152798976685,-0.2110959525641372,-0.5706731219906258,19,16,10,1,19
-0.2623759333844068,0.4473544460821815,-0.9145125194810526,-0.2110959525641372,-0.4995794274584459,20,16,10,1,0
-0.2807541430885931,0.6246812265147573,-0.4541180403142843,-0.2110959525641372,-0.46403258019235594,21,16,10,1,0
-0.27156503823649997,0.2700276656496056,-0.9145125194810526,-0.2110959525641372,-0.3810899365714737,22,16,10,1,0
-0.2807541430885931,1.0975526410016263,-0.9145125194810526,-0.2110959525641372,-0.357392038394086,23,16,10,1,0
-0.18886309456766168,0.683790153325616,-0.4541180403142843,-0.2110959525641372,-0.2981472929506083,0,17,10,2,0
-0.1796739897155685,1.0384437141907676,-0.6843152798976685,-0.2110959525641372,-0.2270535984184284,1,17,10,2,0
-0.3450778770532451,1.0384437141907676,-0.9145125194810526,-0.2110959525641372,-0.16780885297495074,2,17,10,2,0
-0.3175105624969657,0.8611169337581918,-1.0296111392727447,-0.2110959525641372,-0.15595990388624847,3,17,10,2,23
-0.2531868285323137,0.9793347873799091,-0.9145125194810526,-0.2110959525641372,-0.10856410753147307,4,17,10,2,23
-0.21643040912394107,0.9793347873799091,-1.7202028580228972,-0.2110959525641372,-0.1204130566201585,5,17,10,2,23
-0.19805219941975483,1.0384437141907676,-1.7202028580228972,-0.2824001958759379,-0.08486620935406852,6,17,10,2,19
-0.17048488486347538,0.9202258605690504,-1.7202028580228972,-0.2824001958759379,-0.03747041299929313,7,17,10,2,0
-0.05102652178626448,0.3882455192713229,-1.7202028580228972,-0.2824001958759379,0.009925383355499112,8,17,10,2,19
0.14194468010769154,0.8020080069473332,-1.0296111392727447,-0.2824001958759379,0.03362328153288681,9,17,10,2,19
-0.1153502557509165,-0.5574973097024151,-1.0296111392727447,-0.2824001958759379,0.03362328153288681,10,17,10,2,19
-0.04183741693417133,-0.5574973097024151,-1.0296111392727447,1.6348916798413717,-0.03747041299929313,11,17,10,2,19
-0.04183741693417133,-0.7348240901349908,-0.9145125194810526,1.6348916798413717,-0.0967151584427708,12,17,10,2,19
-0.06021562663835764,-0.9121508705675667,-1.0296111392727447,1.6348916798413717,-0.17965780206363616,13,17,10,2,23
-0.01427010237789191,-0.9121508705675667,-1.7202028580228972,1.6348916798413717,-0.20335570024104072,14,17,10,2,23
0.031675421882573815,-0.9121508705675667,-1.259808378856129,1.6348916798413717,-0.2270535984184284,15,17,10,2,23
0.0868100509951327,-0.7939330169458495,-1.259808378856129,1.6348916798413717,-0.21520464932972613,16,17,10,2,23
0.13275557525559842,-0.4983883828915564,-0.4541180403142843,-0.2824001958759379,-0.21520464932972613,17,17,10,2,23
0.19707930922025046,-0.1437348220264047,-0.9145125194810526,-0.2110959525641372,-0.13226200570886076,18,17,10,2,23
0.09599915584722585,-0.5574973097024151,-0.9145125194810526,-0.2110959525641372,-0.1441109547975462,19,17,10,2,1
0.05924273643885328,-0.6757151633241323,-0.6843152798976685,-0.2110959525641372,-0.15595990388624847,20,17,10,2,23
0.09599915584722585,-0.5574973097024151,-0.4541180403142843,-0.2110959525641372,-0.15595990388624847,21,17,10,2,23
0.14194468010769154,-0.4392794560806978,-0.9145125194810526,-0.2110959525641372,-0.1441109547975462,22,17,10,2,23
0.21545751892443676,-0.08462589521554607,-0.4541180403142843,-0.2110959525641372,-0.17965780206363616,23,17,10,2,1
0.20626841407234356,-0.1437348220264047,-1.0296111392727447,-0.2110959525641372,-0.15595990388624847,0,18,10,3,1
0.24302483348071618,0.03359195840617116,-1.259808378856129,-0.2110959525641372,-0.15595990388624847,1,18,10,3,1
0.21545751892443676,-0.08462589521554607,-1.259808378856129,-0.2110959525641372,-0.15595990388624847,2,18,10,3,23
0.2522139383328093,0.6246812265147573,-0.6843152798976685,-0.2110959525641372,-0.16780885297495074,3,18,10,3,23
0.2889703577411819,0.683790153325616,-0.4541180403142843,-0.2110959525641372,-0.15595990388624847,4,18,10,3,23
0.298159462593275,0.6246812265147573,-0.4541180403142843,-0.2110959525641372,-0.13226200570886076,5,18,10,3,23
0.298159462593275,0.7428990801364745,-0.4541180403142843,1.6348916798413717,-0.10856410753147307,6,18,10,3,23
0.23383572862862298,0.03359195840617116,-0.6843152798976685,1.6348916798413717,-0.08486620935406852,7,18,10,3,19
0.2889703577411819,-0.2028437488372633,-1.0296111392727447,1.6348916798413717,-0.03747041299929313,8,18,10,3,23
0.3532940917058339,-0.4983883828915564,0.00627643885248406,1.6348916798413717,-0.07301726026538309,9,18,10,3,19
0.3808614062621134,-0.7939330169458495,0.00627643885248406,1.6348916798413717,-0.0967151584427708,10,18,10,3,19
0.34410498685374075,-1.2076955046218598,0.00627643885248406,1.6348916798413717,-0.13226200570886076,11,18,10,3,19
0.34410498685374075,-1.3259133582435771,0.23647367843586825,1.6348916798413717,-0.17965780206363616,12,18,10,3,19
0.3349158820016476,-1.3259133582435771,0.8119667773943287,1.6348916798413717,-0.23890254750713066,13,18,10,3,19
0.298159462593275,-1.5623490654870116,1.5025584961444813,1.6348916798413717,-0.32184519112799603,14,18,10,3,19
0.09599915584722585,-1.798784772730446,1.272361256561097,1.6348916798413717,-0.32184519112799603,15,18,10,3,23
0.11437736555141212,-1.7396758459195873,1.5025584961444813,1.6348916798413717,-0.42848573292626596,16,18,10,3,23
0.19707930922025046,-1.3259133582435771,0.00627643885248406,1.6348916798413717,-0.3692409874827883,17,18,10,3,23
0.23383572862862298,-1.1485865778110012,0.23647367843586825,-0.2110959525641372,-0.2981472929506083,18,18,10,3,23
0.24302483348071618,-1.030368724189284,0.00627643885248406,-0.2110959525641372,-0.2270535984184284,19,18,10,3,19
0.2889703577411819,-0.7939330169458495,0.23647367843586825,-0.2110959525641372,-0.17965780206363616,20,18,10,3,23
0.3165376722974613,-0.4983883828915564,0.23647367843586825,-0.2110959525641372,-0.1204130566201585,21,18,10,3,23
0.3073485674453682,-0.6166062365132736,0.4666709180192524,-0.2110959525641372,-0.07301726026538309,22,18,10,3,23
0.2889703577411819,-0.3210616024589805,0.00627643885248406,-0.2110959525641372,-0.10856410753147307,23,18,10,3,23
0.32572677714955445,-0.08462589521554607,0.23647367843586825,-0.2110959525641372,-0.13226200570886076,0,19,10,4,19
0.298159462593275,-0.025516968404687458,0.23647367843586825,-0.2110959525641372,-0.15595990388624847,1,19,10,4,19
0.3165376722974613,0.03359195840617116,0.00627643885248406,-0.2110959525641372,-0.15595990388624847,2,19,10,4,19
0.3165376722974613,-0.025516968404687458,0.4666709180192524,-0.2110959525641372,-0.13226200570886076,3,19,10,4,1
0.3808614062621134,0.1518098120278884,-0.22392080073090012,-0.2110959525641372,-0.10856410753147307,4,19,10,4,25
0.5646435033039762,0.8611169337581918,0.23647367843586825,-0.6626894935388755,-0.10856410753147307,5,19,10,4,25
0.6657236566770008,1.3930972750559194,0.00627643885248406,-1.4232680888647506,-0.16780885297495074,6,19,10,4,28
0.674912761529094,1.3930972750559194,0.23647367843586825,-1.4232680888647506,-0.061168311176680826,7,19,10,4,28
0.7024800760853733,1.3930972750559194,-0.22392080073090012,-0.9162156919808337,-0.15595990388624847,8,19,10,4,24
0.7392364954937459,1.0975526410016263,1.0421640169777129,-0.2824001958759379,-0.3336941402166983,9,19,10,4,1
0.7759929149021185,1.156661567812485,1.0421640169777129,-0.2110959525641372,-0.30999624203929377,10,19,10,4,25
0.8219384391625842,1.452206201866778,-0.6843152798976685,-0.6626894935388755,-0.30999624203929377,11,19,10,4,24
0.8219384391625842,1.3930972750559194,-0.4541180403142843,-0.9162156919808337,-0.3336941402166983,12,19,10,4,24
0.8586948585709568,1.452206201866778,0.23647367843586825,-1.1697418904227923,-0.48773047836974365,13,19,10,4,24
0.8770730682751431,1.5704240554884952,0.00627643885248406,-1.5579538817870409,-0.5943710201680136,14,19,10,4,28
0.8770730682751431,1.452206201866778,-0.22392080073090012,-1.4232680888647506,-0.7128605110549688,15,19,10,4,28
0.8954512779793296,1.6886419091102125,-0.9145125194810526,-1.9382431794499786,-0.7128605110549688,16,19,10,4,28
0.8770730682751431,1.5704240554884952,0.23647367843586825,-1.6847169810080203,-0.795803154675851,17,19,10,4,28
0.8770730682751431,1.5704240554884952,0.8119667773943287,-1.1697418904227923,-0.9024436964741042,18,19,10,4,24
0.9046403828314227,1.5113151286776365,-0.9145125194810526,-1.4232680888647506,-0.9024436964741042,19,19,10,4,24
0.9505859070918884,1.5704240554884952,0.4666709180192524,-1.1697418904227923,-1.0920268818932564,20,19,10,4,24
0.9230185925356088,1.452206201866778,0.23647367843586825,-0.2824001958759379,-1.0564800346271663,21,19,10,4,23
0.8954512779793296,1.5113151286776365,-0.9145125194810526,-0.9162156919808337,-1.0683289837158518,22,19,10,4,1
0.8954512779793296,1.452206201866778,-0.4541180403142843,-0.9162156919808337,-1.1275737291593462,23,19,10,4,1
0.8954512779793296,1.5704240554884952,-0.22392080073090012,-0.9162156919808337,-1.222365321868914,0,20,10,5,1
0.8862621731272362,1.6886419091102125,0.00627643885248406,-1.6847169810080203,-1.2816100673123916,1,20,10,5,7
0.8862621731272362,1.6886419091102125,0.4666709180192524,-1.8114800802289992,-1.4356464054654368,2,20,10,5,7
0.8770730682751431,1.6886419091102125,-0.22392080073090012,-1.6847169810080203,-1.4474953545541391,3,20,10,5,26
0.8586948585709568,1.7477508359210712,-0.9145125194810526,-1.2965049896437713,-1.4474953545541391,4,20,10,5,1
0.86788396342305,1.7477508359210712,-1.259808378856129,-1.5579538817870409,-1.4356464054654368,5,20,10,5,7
0.7392364954937459,1.925077616353647,-1.259808378856129,-2.160078603086692,-1.400099558199347,6,20,10,5,7
0.8311275440146774,1.8659686895427883,-1.259808378856129,-2.001624729060468,-1.3882506091106614,7,20,10,5,7
0.9138294876835157,1.8659686895427883,-1.259808378856129,-2.112542440878825,-1.376401660021959,8,20,10,5,7
0.9781532216481676,1.6886419091102125,-1.259808378856129,-1.4232680888647506,-1.376401660021959,9,20,10,5,7
0.9781532216481676,0.9202258605690504,0.00627643885248406,-0.2824001958759379,-1.400099558199347,10,20,10,5,19
0.8862621731272362,0.5064633728930401,0.4666709180192524,-0.2824001958759379,-1.3290058636671669,11,20,10,5,23
0.8586948585709568,-0.025516968404687458,0.5817695378109445,1.6348916798413717,-1.376401660021959,12,20,10,5,23
0.7392364954937459,-0.2028437488372633,-0.4541180403142843,1.6348916798413717,-1.5422869472637069,13,20,10,5,19
0.7208582857895597,-0.2028437488372633,0.8119667773943287,1.6348916798413717,-1.4948911509089144,14,20,10,5,23
0.5738326081560694,-0.3801705292698392,0.8119667773943287,-0.2824001958759379,-1.5422869472637069,15,20,10,5,23
0.6105890275644419,0.32913659246046423,0.00627643885248406,-0.2824001958759379,-1.364552710933257,16,20,10,5,25
0.6105890275644419,0.5064633728930401,-0.4541180403142843,-0.2824001958759379,-1.3053079654897792,17,20,10,5,25
0.4268069305225791,0.210918738838747,0.4666709180192524,-0.2110959525641372,-1.2342142709575994,18,20,10,5,19
0.3073485674453682,0.03359195840617116,0.5817695378109445,-0.2110959525641372,-1.1986674236915094,19,20,10,5,0
0.2705921480369956,0.1518098120278884,0.23647367843586825,-0.2110959525641372,-1.1749695255141217,20,20,10,5,19
0.32572677714955445,0.2700276656496056,-0.22392080073090012,-0.2110959525641372,-1.1631205764254362,21,20,10,5,19
0.3349158820016476,0.4473544460821815,-0.4541180403142843,-0.2110959525641372,-1.1868184746028239,22,20,10,5,19
0.3532940917058339,0.5655722997038988,0.4666709180192524,-0.2110959525641372,-1.1868184746028239,23,20,10,5,19
0.34410498685374075,0.8611169337581918,-0.22392080073090012,-0.2110959525641372,-1.1631205764254362,0,21,10,6,19
0.3900505111142065,0.8020080069473332,0.4666709180192524,-0.2110959525641372,-1.080177932804554,1,21,10,6,23
0.4268069305225791,0.8020080069473332,0.4666709180192524,-0.2110959525641372,-1.0683289837158518,2,21,10,6,1
0.4268069305225791,0.683790153325616,1.272361256561097,-0.2110959525641372,-1.0683289837158518,3,21,10,6,1
0.41761782567048583,0.8020080069473332,0.8119667773943287,-0.2110959525641372,-1.0683289837158518,4,21,10,6,23
0.43599603537467224,0.8020080069473332,1.0421640169777129,-0.2110959525641372,-1.0683289837158518,5,21,10,6,25
0.4635633499309516,0.9793347873799091,1.7327557357278653,-0.2110959525641372,-0.9972352891836886,6,21,10,6,1
0.41761782567048583,0.9202258605690504,1.5025584961444813,-0.2824001958759379,-0.9379905437401941,7,21,10,6,23
0.3532940917058339,0.5655722997038988,2.3082488346863257,-0.2824001958759379,-0.9024436964741042,8,21,10,6,23
0.3165376722974613,0.3882455192713229,1.272361256561097,-0.2824001958759379,-0.9261415946515087,9,21,10,6,23
0.298159462593275,0.210918738838747,1.9629529753112496,-0.2824001958759379,-0.8787457982967164,10,21,10,6,23
0.3073485674453682,0.1518098120278884,2.078051595102942,-0.2824001958759379,-0.8550479001193287,11,21,10,6,23
0.3532940917058339,-0.08462589521554607,1.9629529753112496,-0.2824001958759379,-0.8905947473854188,12,21,10,6,23
0.2797812528890887,-0.3210616024589805,1.9629529753112496,-0.2824001958759379,-0.8905947473854188,13,21,10,6,1
0.298159462593275,-0.2619526756481219,1.5025584961444813,-0.2824001958759379,-0.8550479001193287,14,21,10,6,23
0.2889703577411819,-0.2028437488372633,1.9629529753112496,-0.2824001958759379,-0.7839542055871488,15,21,10,6,1
0.2705921480369956,-0.2028437488372633,1.7327557357278653,-0.2824001958759379,-0.7247094601436711,16,21,10,6,1
0.2889703577411819,-0.08462589521554607,1.5025584961444813,-0.2110959525641372,-0.6417668165227889,17,21,10,6,1
0.298159462593275,0.03359195840617116,0.8119667773943287,-0.2110959525641372,-0.5825220710793113,18,21,10,6,23
0.2797812528890887,0.03359195840617116,0.8119667773943287,-0.2110959525641372,-0.5351262747245359,19,21,10,6,23
0.2705921480369956,-0.025516968404687458,0.5817695378109445,-0.2110959525641372,-0.4995794274584459,20,21,10,6,23
0.3073485674453682,0.2700276656496056,0.8119667773943287,-0.2110959525641372,-0.46403258019235594,21,21,10,6,1
0.2522139383328093,0.2700276656496056,0.00627643885248406,-0.2110959525641372,-0.392938885660176,22,21,10,6,23
0.21545751892443676,0.3882455192713229,0.23647367843586825,-0.2110959525641372,-0.357392038394086,23,21,10,6,23
0.14194468010769154,0.32913659246046423,1.9629529753112496,-0.2110959525641372,-0.3810899365714737,0,22,10,0,19
0.12356647040350527,0.4473544460821815,1.272361256561097,-0.2110959525641372,-0.3336941402166983,1,22,10,0,19
0.12356647040350527,0.5655722997038988,1.0421640169777129,-0.2110959525641372,-0.28629834386190606,2,22,10,0,19
0.12356647040350527,0.7428990801364745,0.23647367843586825,-0.2110959525641372,-0.2507514965958161,3,22,10,0,19
0.13275557525559842,0.683790153325616,0.4666709180192524,-0.2110959525641372,-0.2507514965958161,4,22,10,0,19
0.15113378495978472,0.7428990801364745,1.0421640169777129,-0.2110959525641372,-0.17965780206363616,5,22,10,0,0
0.14194468010769154,0.8020080069473332,0.00627643885248406,-0.2110959525641372,-0.1204130566201585,6,22,10,0,0
0.16951199466397104,0.683790153325616,0.00627643885248406,-0.2824001958759379,-0.061168311176680826,7,22,10,0,19
0.23383572862862298,0.2700276656496056,0.8119667773943287,-0.2824001958759379,-0.013772514821888588,8,22,10,0,23
0.2522139383328093,0.3882455192713229,1.0421640169777129,-0.2824001958759379,0.03362328153288681,9,22,10,0,23
0.2797812528890887,0.03359195840617116,1.272361256561097,1.6348916798413717,-0.04931936208797856,10,22,10,0,19
0.34410498685374075,-0.1437348220264047,1.7327557357278653,1.6348916798413717,0.009925383355499112,11,22,10,0,19
0.2797812528890887,-0.3801705292698392,1.0421640169777129,1.6348916798413717,-0.025621463910590857,12,22,10,0,19
0.3349158820016476,-0.4983883828915564,1.0421640169777129,1.6348916798413717,-0.061168311176680826,13,22,10,0,19
0.19707930922025046,-0.9121508705675667,0.8119667773943287,1.6348916798413717,-0.013772514821888588,14,22,10,0,19
0.22464662377652989,-0.9121508705675667,1.5025584961444813,1.6348916798413717,-0.0019235657332031574,15,22,10,0,19
0.21545751892443676,-0.853041943756708,0.00627643885248406,1.6348916798413717,0.009925383355499112,16,22,10,0,19
0.19707930922025046,-0.6757151633241323,0.5817695378109445,-0.2824001958759379,0.06917012879897678,17,22,10,0,19
0.2614030431849025,-0.2028437488372633,0.4666709180192524,-0.2110959525641372,0.12841487424245446,18,22,10,0,19
0.2889703577411819,0.09270088521702978,-0.22392080073090012,-0.2110959525641372,0.18765961968593212,19,22,10,0,0
0.298159462593275,0.3882455192713229,-0.22392080073090012,-0.2110959525641372,0.2232064669520221,20,22,10,0,19
0.24302483348071618,0.7428990801364745,-0.6843152798976685,-0.2110959525641372,0.28245121239551657,21,22,10,0,0
0.2614030431849025,0.9202258605690504,-0.9145125194810526,-0.2110959525641372,0.34169595783899426,22,22,10,0,19
0.16951199466397104,1.156661567812485,-1.7202028580228972,-0.2110959525641372,0.34169595783899426,23,22,10,0,0
0.14194468010769154,1.0975526410016263,-1.0296111392727447,-0.2110959525641372,0.36539385601638197,0,23,10,1,0
0.11437736555141212,1.156661567812485,-1.259808378856129,-0.2110959525641372,0.3890917541937697,1,23,10,1,0
0.06843184129094639,1.274879421434202,-0.6843152798976685,-0.2110959525641372,0.4127896523711742,2,23,10,1,0
0.0868100509951327,1.274879421434202,-0.9145125194810526,-0.2110959525641372,0.4364875505485619,3,23,10,1,0
0.0868100509951327,1.274879421434202,-1.259808378856129,-0.2110959525641372,0.49573229599203955,4,23,10,1,0
0.09599915584722585,1.2157704946233434,-1.0296111392727447,-0.2110959525641372,0.5786749396129218,5,23,10,1,0
0.0868100509951327,1.274879421434202,-1.0296111392727447,-0.2824001958759379,0.6379196850563994,6,23,10,1,19
0.022486317030480662,1.3930972750559194,-1.7202028580228972,-0.2824001958759379,0.7445602268546694,7,23,10,1,19
0.17870109951606414,1.0384437141907676,-0.4541180403142843,-0.2824001958759379,0.7801070741207425,8,23,10,1,23
0.22464662377652989,0.3882455192713229,-0.6843152798976685,-0.2824001958759379,0.8275028704755347,9,23,10,1,23
0.21545751892443676,0.2700276656496056,-1.259808378856129,-0.2824001958759379,0.8038049722981471,10,23,10,1,23
0.18789020436815726,-0.1437348220264047,-1.7202028580228972,-0.2824001958759379,0.7564091759433548,11,23,10,1,23
0.11437736555141212,-0.3801705292698392,-1.7202028580228972,-0.2824001958759379,0.6734665323224894,12,23,10,1,19
0.11437736555141212,-0.6757151633241323,-1.259808378856129,-0.2824001958759379,0.6379196850563994,13,23,10,1,23
0.11437736555141212,-0.853041943756708,-1.0296111392727447,-0.2824001958759379,0.6260707359676971,14,23,10,1,23
0.16032288981187784,-0.5574973097024151,-0.4541180403142843,-0.2824001958759379,0.6142217868789949,15,23,10,1,23
0.13275557525559842,-0.5574973097024151,-0.4541180403142843,-0.2824001958759379,0.6142217868789949,16,23,10,1,23
0.09599915584722585,-0.3801705292698392,-0.6843152798976685,-0.2824001958759379,0.6497686341450849,17,23,10,1,19
0.0868100509951327,0.3882455192713229,-1.7202028580228972,-0.2110959525641372,0.6971644304998771,18,23,10,1,19
0.06843184129094639,0.09270088521702978,-1.7202028580228972,-0.2110959525641372,0.768258125032057,19,23,10,1,19
0.031675421882573815,0.4473544460821815,-1.7202028580228972,-0.2110959525641372,0.7919560232094448,20,23,10,1,19
0.004108107326294396,0.3882455192713229,-1.7202028580228972,-0.2110959525641372,0.8038049722981471,21,23,10,1,19
0.12356647040350527,0.8611169337581918,-0.9145125194810526,-0.2110959525641372,0.839351819564237,22,23,10,1,19
-0.21643040912394107,-0.4983883828915564,-0.22392080073090012,-0.2110959525641372,0.874898666830327,23,23,10,1,0
-0.3634560867574314,-0.7939330169458495,-0.22392080073090012,-0.2110959525641372,0.8985965650077147,0,24,10,2,0
-0.32669966734905886,-0.1437348220264047,-0.22392080073090012,-0.2110959525641372,0.9222944631851023,1,24,10,2,0
-0.3450778770532451,0.09270088521702978,-0.9145125194810526,-0.2110959525641372,1.0052371068059847,2,24,10,2,0
-0.3175105624969657,-0.08462589521554607,-0.9145125194810526,-0.2110959525641372,1.0052371068059847,3,24,10,2,0
-0.3726451916095246,0.6246812265147573,-0.6843152798976685,-0.2110959525641372,1.01708605589467,4,24,10,2,0
-0.3726451916095246,0.3882455192713229,-0.6843152798976685,-0.2110959525641372,1.0407839540720745,5,24,10,2,0
-0.3634560867574314,0.683790153325616,-0.9145125194810526,1.6348916798413717,1.05263290316076,6,24,10,2,0
-0.30832145764487257,0.6246812265147573,-0.4541180403142843,1.6348916798413717,1.1118776486042377,7,24,10,2,0
-0.2991323527927794,-0.2619526756481219,-0.4541180403142843,1.6348916798413717,1.1592734449590298,8,24,10,2,0
-0.2807541430885931,-0.4983883828915564,0.00627643885248406,1.6348916798413717,1.1474244958703277,9,24,10,2,19
-0.4094016110178971,-0.9121508705675667,0.23647367843586825,1.6348916798413717,1.1237265976929398,10,24,10,2,23
-0.3175105624969657,-0.853041943756708,-0.4541180403142843,1.6348916798413717,1.0407839540720745,11,24,10,2,23
-0.2623759333844068,-0.9121508705675667,-0.4541180403142843,1.6348916798413717,0.9578413104511924,12,24,10,2,23
-0.28994324794068627,-1.2668044314327185,-1.0296111392727447,1.6348916798413717,0.874898666830327,13,24,10,2,19
-0.39102340131371083,-1.6805669191087287,-1.0296111392727447,1.6348916798413717,0.8275028704755347,14,24,10,2,23
-0.4277798207220834,-1.798784772730446,-0.4541180403142843,1.6348916798413717,0.8038049722981471,15,24,10,2,23
-0.4277798207220834,-1.6805669191087287,-0.4541180403142843,1.6348916798413717,0.8275028704755347,16,24,10,2,23
-0.43696892557417655,-1.6214579922978702,0.23647367843586825,1.6348916798413717,0.8630497177416248,17,24,10,2,23
-0.2623759333844068,-1.2076955046218598,-0.22392080073090012,-0.2110959525641372,0.9222944631851023,18,24,10,2,1
-0.22561951397603425,-1.0894776510001425,-0.9145125194810526,-0.2110959525641372,0.9104455140964001,19,24,10,2,23
-0.3450778770532451,-1.3259133582435771,-0.4541180403142843,-0.2110959525641372,0.9459923613624901,20,24,10,2,23
-0.44615803042626967,-1.503240138676153,-1.0296111392727447,-0.2110959525641372,0.98153920862858,21,24,10,2,23
-0.4277798207220834,-1.3850222850544356,-0.6843152798976685,-0.2110959525641372,0.9696902595398946,22,24,10,2,23
-0.4645362401304561,-1.4441312118652943,0.00627643885248406,-0.2110959525641372,1.0052371068059847,23,24,10,2,23
-0.4737253449825492,-1.4441312118652943,0.23647367843586825,-0.2110959525641372,1.0052371068059847,0,25,10,3,1
-0.400212506165804,-1.2668044314327185,0.00627643885248406,-0.2110959525641372,1.0289350049833723,1,25,10,3,23
-0.3175105624969657,-0.9121508705675667,0.00627643885248406,-0.2110959525641372,0.9933881577172823,2,25,10,3,23
-0.2807541430885931,-0.5574973097024151,-0.22392080073090012,-0.2110959525641372,0.9341434122738046,3,25,10,3,19
-0.2807541430885931,-0.4983883828915564,0.00627643885248406,-0.2110959525641372,0.9459923613624901,4,25,10,3,19
-0.21643040912394107,0.03359195840617116,0.23647367843586825,-0.2110959525641372,0.9933881577172823,5,25,10,3,23
-0.1796739897155685,0.6246812265147573,0.23647367843586825,-0.2824001958759379,1.0052371068059847,6,25,10,3,19
-0.09697204604673021,0.7428990801364745,0.4666709180192524,-0.2824001958759379,1.0407839540720745,7,25,10,3,23
-0.09697204604673021,0.5655722997038988,0.8119667773943287,1.6348916798413717,1.05263290316076,8,25,10,3,23
-0.2623759333844068,-0.3210616024589805,0.23647367843586825,1.6348916798413717,1.08817975042685,9,25,10,3,23
-0.20724130427184798,-0.5574973097024151,-0.6843152798976685,1.6348916798413717,0.9933881577172823,10,25,10,3,1
-0.15210667515928908,-0.6757151633241323,-0.4541180403142843,-0.2824001958759379,0.9933881577172823,11,25,10,3,1
-0.10616115089882336,-1.030368724189284,-0.22392080073090012,-0.2824001958759379,0.8512007686529224,12,25,10,3,1
0.022486317030480662,-0.9712597973784254,-0.4541180403142843,-0.2824001958759379,0.7801070741207425,13,25,10,3,1
0.031675421882573815,-0.9712597973784254,0.23647367843586825,-0.2824001958759379,0.7208623286772649,14,25,10,3,23
0.0868100509951327,-0.9712597973784254,0.4666709180192524,-0.2824001958759379,0.6379196850563994,15,25,10,3,19
0.15113378495978472,-0.7939330169458495,0.00627643885248406,-0.2824001958759379,0.6379196850563994,16,25,10,3,23
0.14194468010769154,-0.6757151633241323,0.4666709180192524,-0.2824001958759379,0.5905238887016072,17,25,10,3,23
0.21545751892443676,-0.2619526756481219,0.00627643885248406,-0.2110959525641372,0.5786749396129218,18,25,10,3,23
0.2705921480369956,-0.025516968404687458,0.00627643885248406,-0.2110959525641372,0.5668259905242196,19,25,10,3,0
0.3073485674453682,0.210918738838747,0.00627643885248406,-0.2110959525641372,0.5431280923468318,20,25,10,3,0
0.2889703577411819,0.4473544460821815,-0.22392080073090012,-0.2110959525641372,0.5431280923468318,21,25,10,3,0
0.3532940917058339,0.683790153325616,-0.22392080073090012,-0.2110959525641372,0.49573229599203955,22,25,10,3,0
0.3716723014100201,0.9202258605690504,-0.6843152798976685,-0.2110959525641372,0.4720343978146519,23,25,10,3,0
0.3532940917058339,0.9793347873799091,-0.6843152798976685,-0.2110959525641372,0.49573229599203955,0,26,10,4,0
0.3532940917058339,1.156661567812485,-0.9145125194810526,-0.2110959525641372,0.5194301941694273,1,26,10,4,23
0.3532940917058339,1.2157704946233434,-0.4541180403142843,-0.2110959525641372,0.5312791432581295,2,26,10,4,19
0.3532940917058339,1.3930972750559194,-0.9145125194810526,-0.2110959525641372,0.5194301941694273,3,26,10,4,0
0.24302483348071618,1.156661567812485,-0.9145125194810526,-0.2110959525641372,0.5075812450807419,4,26,10,4,0
0.22464662377652989,1.156661567812485,-0.6843152798976685,-0.9162156919808337,0.5549770414355173,5,26,10,4,0
0.20626841407234356,1.0975526410016263,-0.4541180403142843,-0.9162156919808337,0.5668259905242196,6,26,10,4,0
0.17870109951606414,1.0975526410016263,-0.4541180403142843,-0.6626894935388755,0.6142217868789949,7,26,10,4,0
0.3349158820016476,0.8611169337581918,-1.0296111392727447,-0.9162156919808337,0.6497686341450849,8,26,10,4,0
0.4911306644872311,0.5655722997038988,-0.9145125194810526,-0.9162156919808337,0.6497686341450849,9,26,10,4,0
0.6657236566770008,0.210918738838747,-1.0296111392727447,-0.9162156919808337,0.5786749396129218,10,26,10,4,0
0.9322076973877019,0.210918738838747,-1.259808378856129,-0.9162156919808337,0.5431280923468318,11,26,10,4,0
0.9505859070918884,-0.2028437488372633,-0.6843152798976685,-0.9162156919808337,0.4483364996372642,12,26,10,4,0
0.987342326500261,-0.3210616024589805,-0.4541180403142843,-0.6626894935388755,0.36539385601638197,13,26,10,4,0
0.9597750119439814,-0.4392794560806978,-0.6843152798976685,-0.6626894935388755,0.36539385601638197,14,26,10,4,0
0.9689641167960745,-0.2619526756481219,-0.22392080073090012,-0.2824001958759379,0.3535449069276797,15,26,10,4,0
0.8954512779793296,0.03359195840617116,0.4666709180192524,-0.2824001958759379,0.294300161484202,16,26,10,4,0
0.8311275440146774,0.5655722997038988,-0.6843152798976685,-0.2824001958759379,0.329847008750292,17,26,10,4,19
0.803560229458398,0.7428990801364745,-0.4541180403142843,-0.2110959525641372,0.36539385601638197,18,26,10,4,19
0.7759929149021185,1.0384437141907676,-0.9145125194810526,-0.2110959525641372,0.40094070328247194,19,26,10,4,19
0.7943711246063048,0.8611169337581918,0.00627643885248406,-0.6626894935388755,0.3890917541937697,20,26,10,4,23
0.7668038100500254,1.0975526410016263,-0.6843152798976685,-0.2110959525641372,0.3890917541937697,21,26,10,4,19
0.7668038100500254,1.156661567812485,-1.259808378856129,-0.6626894935388755,0.42463860145985965,22,26,10,4,19
0.7668038100500254,1.274879421434202,-0.6843152798976685,-0.9162156919808337,0.4127896523711742,23,26,10,4,19
0.748425600345839,1.452206201866778,-1.259808378856129,-0.9162156919808337,0.4364875505485619,0,27,10,5,23
0.7576147051979323,1.452206201866778,-1.259808378856129,-0.9162156919808337,0.4364875505485619,1,27,10,5,1
0.7576147051979323,1.5704240554884952,-1.0296111392727447,-0.6626894935388755,0.42463860145985965,2,27,10,5,1
0.7668038100500254,1.452206201866778,-1.259808378856129,-0.9162156919808337,0.40094070328247194,3,27,10,5,1
0.7668038100500254,1.452206201866778,-1.7202028580228972,-1.1697418904227923,0.3890917541937697,4,27,10,5,1
0.748425600345839,1.5704240554884952,-0.6843152798976685,-1.5579538817870409,0.3890917541937697,5,27,10,5,7
0.7392364954937459,1.452206201866778,-0.6843152798976685,-1.4232680888647506,0.42463860145985965,6,27,10,5,7
0.7576147051979323,1.3930972750559194,-1.0296111392727447,-1.874861629839489,0.4364875505485619,7,27,10,5,7
0.7576147051979323,1.2157704946233434,-0.4541180403142843,-1.6847169810080203,0.4838833469033373,8,27,10,5,7
0.7668038100500254,1.3339883482450607,0.23647367843586825,-2.001624729060468,0.4364875505485619,9,27,10,5,7
0.7668038100500254,1.3930972750559194,0.00627643885248406,-1.9699339542552232,0.4127896523711742,10,27,10,5,7
0.7851820197542116,1.0975526410016263,-0.4541180403142843,-1.6847169810080203,0.3535449069276797,11,27,10,5,7
0.7851820197542116,0.8611169337581918,0.23647367843586825,-1.6847169810080203,0.24690436512942662,12,27,10,5,18
0.7392364954937459,0.683790153325616,0.00627643885248406,-1.1697418904227923,0.1758106705972467,13,27,10,5,1
0.674912761529094,0.3882455192713229,0.00627643885248406,-0.2824001958759379,0.10471697606506675,14,27,10,5,1
0.6381563421207214,0.210918738838747,0.23647367843586825,-0.2824001958759379,0.05732117971027451,15,27,10,5,1
0.6013999227123488,0.1518098120278884,0.00627643885248406,-0.2824001958759379,0.03362328153288681,16,27,10,5,23
0.6197781324165351,0.3882455192713229,-0.6843152798976685,-0.2824001958759379,0.04547223062158908,17,27,10,5,23
0.6197781324165351,0.5064633728930401,-0.6843152798976685,-0.2110959525641372,0.11656592515376903,18,27,10,5,1
0.5738326081560694,0.2700276656496056,-0.4541180403142843,-0.2110959525641372,0.09286802697636448,19,27,10,5,1
0.4543742450788585,-0.025516968404687458,-0.4541180403142843,-0.2110959525641372,0.11656592515376903,20,27,10,5,1
0.44518514022676536,-0.025516968404687458,-0.4541180403142843,-0.2110959525641372,0.10471697606506675,21,27,10,5,23
0.48194155963513796,0.2700276656496056,-0.22392080073090012,-0.2110959525641372,0.09286802697636448,22,27,10,5,23
0.5370761887476968,0.683790153325616,-0.4541180403142843,-0.2110959525641372,0.10471697606506675,23,27,10,5,23
0.5370761887476968,0.9793347873799091,0.00627643885248406,-0.2110959525641372,0.152112772419859,0,28,10,6,23
0.44518514022676536,0.8611169337581918,0.00627643885248406,-0.2110959525641372,0.16396172150854443,1,28,10,6,23
0.3900505111142065,0.8020080069473332,-0.4541180403142843,-0.2110959525641372,0.19950856877463438,2,28,10,6,1
0.3716723014100201,0.7428990801364745,-0.6843152798976685,-0.2110959525641372,0.23505541604072436,3,28,10,6,1
0.36248319655792705,0.8611169337581918,-0.22392080073090012,-0.2110959525641372,0.21135751786333665,4,28,10,6,23
0.3808614062621134,0.8611169337581918,-0.9145125194810526,-0.2110959525641372,0.2706022633068143,5,28,10,6,1
0.3808614062621134,0.8611169337581918,-0.9145125194810526,-0.2110959525641372,0.28245121239551657,6,28,10,6,1
0.39923961596629964,0.9793347873799091,-0.9145125194810526,-0.2824001958759379,0.36539385601638197,7,28,10,6,1
0.44518514022676536,0.9793347873799091,-0.9145125194810526,-0.2824001958759379,0.3890917541937697,8,28,10,6,1
0.4911306644872311,0.8611169337581918,-0.4541180403142843,-0.2824001958759379,0.34169595783899426,9,28,10,6,1
0.5278870838956037,0.8020080069473332,-0.6843152798976685,-0.2824001958759379,0.3179980596615897,10,28,10,6,1
0.5095088741914173,0.5655722997038988,-0.4541180403142843,-0.2824001958759379,0.3061491105729043,11,28,10,6,1
0.5370761887476968,0.3882455192713229,0.5817695378109445,-0.2824001958759379,0.1758106705972467,12,28,10,6,1
0.48194155963513796,0.210918738838747,0.00627643885248406,-0.2824001958759379,0.16396172150854443,13,28,10,6,1
0.3900505111142065,-0.08462589521554607,0.5817695378109445,-0.2824001958759379,0.09286802697636448,14,28,10,6,1
0.3165376722974613,-0.3210616024589805,0.5817695378109445,-0.2824001958759379,0.009925383355499112,15,28,10,6,1
0.3073485674453682,-0.3210616024589805,0.8119667773943287,-0.2824001958759379,0.009925383355499112,16,28,10,6,1
0.34410498685374075,-0.1437348220264047,1.272361256561097,-0.2110959525641372,-0.04931936208797856,17,28,10,6,1
0.39923961596629964,-0.025516968404687458,1.0421640169777129,-0.2110959525641372,-0.061168311176680826,18,28,10,6,1
0.44518514022676536,0.1518098120278884,1.5025584961444813,-0.2110959525641372,-0.07301726026538309,19,28,10,6,1
0.44518514022676536,0.2700276656496056,1.0421640169777129,-0.2110959525641372,-0.03747041299929313,20,28,10,6,1
0.44518514022676536,0.4473544460821815,1.0421640169777129,-0.2110959525641372,-0.025621463910590857,21,28,10,6,1
0.44518514022676536,0.6246812265147573,1.9629529753112496,-0.2110959525641372,-0.04931936208797856,22,28,10,6,23
0.41761782567048583,0.8020080069473332,1.272361256561097,-0.2110959525641372,-0.08486620935406852,23,28,10,6,1
0.40842872081839277,0.8611169337581918,0.8119667773943287,-0.2110959525641372,-0.1204130566201585,0,29,10,0,23
0.39923961596629964,0.9793347873799091,1.272361256561097,-0.2110959525641372,-0.19150675115233842,1,29,10,0,23
0.3716723014100201,0.9793347873799091,1.272361256561097,-0.2110959525641372,-0.27444939477322067,2,29,10,0,23
0.40842872081839277,0.9793347873799091,1.0421640169777129,-0.2110959525641372,-0.30999624203929377,3,29,10,0,1
0.4268069305225791,0.9202258605690504,1.7327557357278653,-0.2110959525641372,-0.3336941402166983,4,29,10,0,23
0.44518514022676536,1.0975526410016263,0.5817695378109445,-0.2110959525641372,-0.34554308930538374,5,29,10,0,1
0.44518514022676536,0.9202258605690504,2.078051595102942,-0.2110959525641372,-0.392938885660176,6,29,10,0,1
0.4543742450788585,0.9793347873799091,1.272361256561097,-0.2824001958759379,-0.4166367838375637,7,29,10,0,1
0.48194155963513796,0.8611169337581918,1.0421640169777129,-0.2824001958759379,-0.45218363110365367,8,29,10,0,1
0.5462652935997899,0.7428990801364745,1.272361256561097,-0.2824001958759379,-0.5232773256358336,9,29,10,0,1
0.5646435033039762,0.5064633728930401,1.5025584961444813,-0.2824001958759379,-0.5706731219906258,10,29,10,0,1
0.6289672372686282,0.2700276656496056,1.9629529753112496,-0.2824001958759379,-0.6773136637888789,11,29,10,0,1
0.6657236566770008,0.09270088521702978,1.272361256561097,-0.2824001958759379,-0.8313500019419411,12,29,10,0,1
0.6565345518249076,-0.2028437488372633,2.078051595102942,-0.2824001958759379,-0.9616884419175986,13,29,10,0,1
0.674912761529094,-0.1437348220264047,3.3441364128115545,-0.2824001958759379,-1.0920268818932564,14,29,10,0,1
0.6473454469728145,-0.2619526756481219,2.078051595102942,-0.2824001958759379,-1.1394226782480317,15,29,10,0,1
0.6657236566770008,0.1518098120278884,3.804530891978323,-0.2824001958759379,-1.1986674236915094,16,29,10,0,1
0.6289672372686282,0.32913659246046423,3.804530891978323,-0.2824001958759379,-1.3171569145784816,17,29,10,0,1
0.6105890275644419,0.2700276656496056,3.3441364128115545,-0.2110959525641372,-1.4474953545541391,18,29,10,0,23
0.6473454469728145,0.4473544460821815,4.034728131561708,-0.2110959525641372,-1.660776438150662,19,29,10,0,23
0.6565345518249076,0.3882455192713229,4.264925371145091,-0.2110959525641372,-1.7792659290376343,20,29,10,0,1
0.6565345518249076,0.4473544460821815,3.804530891978323,-0.2110959525641372,-1.8859064708359041,21,29,10,0,23
0.6657236566770008,0.4473544460821815,4.034728131561708,-0.2110959525641372,-1.9925470126341573,22,29,10,0,1
0.6841018663811871,0.5064633728930401,4.495122610728475,-0.2110959525641372,-2.0399428089889495,23,29,10,0,1
0.7024800760853733,0.4473544460821815,2.9988405534364784,-0.2110959525641372,-2.099187554432427,0,30,10,1,1
0.7208582857895597,0.5064633728930401,4.264925371145091,-0.2110959525641372,-2.158432299875905,1,30,10,1,23
0.7116691809374666,0.6246812265147573,2.53844607426971,-0.2110959525641372,-2.0636407071663374,2,30,10,1,23
0.7392364954937459,0.7428990801364745,2.9988405534364784,-0.2110959525641372,-2.182130198053309,3,30,10,1,25
0.7208582857895597,0.7428990801364745,2.3082488346863257,-0.2110959525641372,-2.099187554432427,4,30,10,1,23
0.7300473906416528,0.8020080069473332,2.53844607426971,-0.2110959525641372,-2.051791758077652,5,30,10,1,19
0.7300473906416528,0.8611169337581918,2.53844607426971,-0.2110959525641372,-2.0636407071663374,6,30,10,1,25
0.7851820197542116,0.5655722997038988,1.7327557357278653,-0.6626894935388755,-1.8977554199245896,7,30,10,1,25
0.86788396342305,0.683790153325616,1.272361256561097,-0.2824001958759379,-1.838510674481112,8,30,10,1,23
0.9322076973877019,0.9793347873799091,0.8119667773943287,-0.2824001958759379,-1.8148127763037243,9,30,10,1,23
0.987342326500261,0.9202258605690504,1.5025584961444813,-0.2824001958759379,-1.7555680308602466,10,30,10,1,23
1.0332878507607266,1.452206201866778,0.8119667773943287,-1.874861629839489,-1.7200211835941566,11,30,10,1,24
1.0976115847253787,1.3339883482450607,0.23647367843586825,-0.2824001958759379,-1.802963827215022,12,30,10,1,23
1.115989794429565,0.2700276656496056,1.5025584961444813,-0.2824001958759379,-1.9096043690132918,13,30,10,1,19
0.9781532216481676,-0.2619526756481219,1.5025584961444813,-0.2824001958759379,-1.838510674481112,14,30,10,1,19
0.8495057537188638,-0.6757151633241323,2.078051595102942,-0.2824001958759379,-1.874057521747202,15,30,10,1,19
0.674912761529094,-1.030368724189284,0.5817695378109445,-0.2824001958759379,-1.8503596235698143,16,30,10,1,19
0.6197781324165351,-0.9712597973784254,0.23647367843586825,-0.2824001958759379,-1.7911148781263198,17,30,10,1,19
0.7208582857895597,-0.6166062365132736,0.23647367843586825,-0.2110959525641372,-1.7081722345054544,18,30,10,1,23
0.7943711246063048,-0.3801705292698392,1.5025584961444813,-0.2110959525641372,-1.7081722345054544,19,30,10,1,23
0.9138294876835157,0.03359195840617116,1.272361256561097,-0.2110959525641372,-1.7555680308602466,20,30,10,1,25
1.0057205362044472,0.8020080069473332,1.272361256561097,-0.6626894935388755,-1.7200211835941566,21,30,10,1,24
1.0424769556128197,1.5113151286776365,0.23647367843586825,-0.2110959525641372,-1.8503596235698143,22,30,10,1,1
1.0516660604649128,1.3339883482450607,-0.4541180403142843,-0.2110959525641372,-1.8977554199245896,23,30,10,1,25
1.0424769556128197,1.5113151286776365,-0.6843152798976685,-0.9162156919808337,-1.9214533181019773,0,31,10,2,25
1.0149096410565404,1.452206201866778,-0.6843152798976685,-0.2110959525641372,-2.0043959617228597,1,31,10,2,19
0.9322076973877019,1.5704240554884952,-0.4541180403142843,-0.2110959525641372,-1.9451512162793818,2,31,10,2,19
0.9138294876835157,1.452206201866778,-0.4541180403142843,-0.2110959525641372,-1.9214533181019773,3,31,10,2,19
0.8311275440146774,1.156661567812485,-0.22392080073090012,-0.2110959525641372,-1.9925470126341573,4,31,10,2,19
0.7943711246063048,1.0384437141907676,0.23647367843586825,-0.2110959525641372,-2.028093859900247,5,31,10,2,19
0.6932909712332802,0.5655722997038988,-0.4541180403142843,-0.2110959525641372,-2.1465833507872194,6,31,10,2,23
0.7208582857895597,1.452206201866778,-0.4541180403142843,-0.2824001958759379,-2.1228854526098146,7,31,10,2,23
0.8770730682751431,1.2157704946233434,0.23647367843586825,-0.2824001958759379,-2.1702812489646073,8,31,10,2,23
0.9322076973877019,1.2157704946233434,0.00627643885248406,-0.6626894935388755,-2.241374943496787,9,31,10,2,1
0.9505859070918884,1.3339883482450607,0.4666709180192524,-0.9162156919808337,-2.2650728416741748,10,31,10,2,1
1.0240987459086335,1.5113151286776365,-0.4541180403142843,-1.4232680888647506,-2.2887707398515627,11,31,10,2,25
0.6289672372686282,1.3930972750559194,1.0421640169777129,-0.2824001958759379,-2.1939791471419947,12,31,10,2,1
0.5462652935997899,1.274879421434202,0.5817695378109445,-0.2824001958759379,-2.1228854526098146,13,31,10,2,25
0.5738326081560694,1.3339883482450607,-0.4541180403142843,-1.1697418904227923,-2.099187554432427,14,31,10,2,2
0.555454398451883,1.3339883482450607,-1.259808378856129,-0.2824001958759379,-2.099187554432427,15,31,10,2,25
0.555454398451883,1.3339883482450607,-1.259808378856129,-0.2824001958759379,-2.1228854526098146,16,31,10,2,1
0.5095088741914173,1.3339883482450607,0.00627643885248406,-0.2824001958759379,-2.0636407071663374,17,31,10,2,1
0.44518514022676536,1.3930972750559194,-0.22392080073090012,-0.2110959525641372,-1.9925470126341573,18,31,10,2,1
0.3716723014100201,1.2157704946233434,-0.9145125194810526,-0.2110959525641372,-1.9925470126341573,19,31,10,2,23
0.34410498685374075,1.156661567812485,-0.9145125194810526,-0.2110959525641372,-1.9570001653680673,20,31,10,2,23
0.36248319655792705,1.3339883482450607,-1.7202028580228972,-0.2110959525641372,-1.9688491144567695,21,31,10,2,25
0.3808614062621134,1.5113151286776365,-1.7202028580228972,-0.2110959525641372,-1.9570001653680673,22,31,10,2,23
0.3532940917058339,1.274879421434202,-1.259808378856129,-0.2110959525641372,-1.9806980635454718,23,31,10,2,1
0.3900505111142065,1.5113151286776365,-0.9145125194810526,-0.2110959525641372,-1.9688491144567695,0,1,11,3,23
0.3900505111142065,1.6295329822993538,-1.0296111392727447,-0.2110959525641372,-1.9925470126341573,1,1,11,3,1
0.3349158820016476,1.3930972750559194,-1.259808378856129,-0.2110959525641372,-2.0162449108115617,2,1,11,3,25
0.2705921480369956,1.2157704946233434,-1.0296111392727447,-0.6626894935388755,-2.0399428089889495,3,1,11,3,25
0.19707930922025046,0.8020080069473332,-1.7202028580228972,-0.2110959525641372,-2.051791758077652,4,1,11,3,25
0.22464662377652989,0.9202258605690504,-1.259808378856129,-0.2110959525641372,-2.051791758077652,5,1,11,3,24
0.2614030431849025,1.156661567812485,-1.259808378856129,-0.2110959525641372,-2.0636407071663374,6,1,11,3,1
0.19707930922025046,0.9793347873799091,-0.9145125194810526,-0.2824001958759379,-2.051791758077652,7,1,11,3,24
0.17870109951606414,0.9202258605690504,-0.6843152798976685,-0.2824001958759379,-2.0399428089889495,8,1,11,3,24
0.2797812528890887,1.156661567812485,-0.6843152798976685,-0.2824001958759379,-2.028093859900247,9,1,11,3,24
0.23383572862862298,0.9793347873799091,-0.6843152798976685,-0.2824001958759379,-2.0636407071663374,10,1,11,3,1
0.19707930922025046,0.683790153325616,-0.4541180403142843,-0.2824001958759379,-2.087338605343725,11,1,11,3,1
0.21545751892443676,0.683790153325616,-0.22392080073090012,-0.2824001958759379,-2.134734401698517,12,1,11,3,1
0.21545751892443676,0.683790153325616,0.00627643885248406,-0.2824001958759379,-2.1702812489646073,13,1,11,3,24
0.2522139383328093,0.8020080069473332,0.23647367843586825,-0.6626894935388755,-2.1702812489646073,14,1,11,3,2
0.3165376722974613,1.274879421434202,-0.4541180403142843,-1.1697418904227923,-2.1702812489646073,15,1,11,3,24
0.3349158820016476,1.2157704946233434,0.23647367843586825,-0.6626894935388755,-2.158432299875905,16,1,11,3,24
0.3073485674453682,1.0975526410016263,0.23647367843586825,-0.9162156919808337,-2.1228854526098146,17,1,11,3,24
0.16951199466397104,0.8020080069473332,1.5025584961444813,-0.2110959525641372,-2.0754896562550393,18,1,11,3,1
0.19707930922025046,1.0975526410016263,0.8119667773943287,-0.2110959525641372,-2.0399428089889495,19,1,11,3,24
0.20626841407234356,1.2157704946233434,1.0421640169777129,-0.2110959525641372,-2.0399428089889495,20,1,11,3,24
0.17870109951606414,1.2157704946233434,0.8119667773943287,-0.2110959525641372,-2.0162449108115617,21,1,11,3,24
0.09599915584722585,1.156661567812485,0.5817695378109445,-0.2110959525641372,-1.9925470126341573,22,1,11,3,24
0.031675421882573815,0.9202258605690504,0.4666709180192524,-0.2110959525641372,-1.9806980635454718,23,1,11,3,24
0.022486317030480662,0.9793347873799091,0.4666709180192524,-0.2110959525641372,-1.9570001653680673,0,2,11,4,1
0.004108107326294396,0.9793347873799091,0.5817695378109445,-0.2110959525641372,-1.9333022671906797,1,2,11,4,1
0.004108107326294396,0.9793347873799091,0.8119667773943287,-0.2110959525641372,-1.8977554199245896,2,2,11,4,1
0.022486317030480662,1.156661567812485,1.0421640169777129,-0.2110959525641372,-1.8977554199245896,3,2,11,4,1
-0.005080997525798757,1.0975526410016263,0.5817695378109445,-0.2110959525641372,-1.8859064708359041,4,2,11,4,1
0.031675421882573815,1.156661567812485,0.4666709180192524,-0.2110959525641372,-1.8859064708359041,5,2,11,4,25
0.004108107326294396,1.2157704946233434,0.5817695378109445,-0.2110959525641372,-1.8622085726584996,6,2,11,4,24
-0.01427010237789191,1.274879421434202,0.4666709180192524,-0.2110959525641372,-1.802963827215022,7,2,11,4,24
-0.005080997525798757,1.3930972750559194,0.23647367843586825,-0.2824001958759379,-1.7437190817715442,8,2,11,4,24
-0.04183741693417133,1.274879421434202,0.8119667773943287,-0.2824001958759379,-1.7081722345054544,9,2,11,4,24
-0.01427010237789191,1.3339883482450607,0.5817695378109445,-0.2824001958759379,-1.6726253872393644,10,2,11,4,24
0.022486317030480662,1.3930972750559194,0.8119667773943287,-0.2824001958759379,-1.6370785399732743,11,2,11,4,2
0.031675421882573815,1.3930972750559194,0.00627643885248406,-0.2824001958759379,-1.6252295908845722,12,2,11,4,2
0.05005363158676012,1.452206201866778,0.5817695378109445,-0.2824001958759379,-1.6015316927071845,13,2,11,4,2
0.06843184129094639,1.3930972750559194,0.5817695378109445,-0.2824001958759379,-1.6015316927071845,14,2,11,4,1
0.07762094614303955,1.3930972750559194,0.4666709180192524,-0.2824001958759379,-1.554135896352409,15,2,11,4,1
0.09599915584722585,1.3930972750559194,0.8119667773943287,-0.6626894935388755,-1.5067400999976168,16,2,11,4,1
0.105188260699319,1.274879421434202,0.4666709180192524,-0.2110959525641372,-1.4711932527315268,17,2,11,4,1
0.13275557525559842,1.274879421434202,0.00627643885248406,-0.2110959525641372,-1.400099558199347,18,2,11,4,1
0.15113378495978472,1.274879421434202,0.4666709180192524,-0.2110959525641372,-1.364552710933257,19,2,11,4,25
0.105188260699319,1.0975526410016263,0.23647367843586825,-0.2110959525641372,-1.3171569145784816,20,2,11,4,25
0.05005363158676012,0.9202258605690504,0.23647367843586825,-0.2110959525641372,-1.2934590164010937,21,2,11,4,1
0.05005363158676012,0.9793347873799091,-0.22392080073090012,-0.2110959525641372,-1.2460632200463015,22,2,11,4,25
0.022486317030480662,0.8611169337581918,-0.22392080073090012,-0.2110959525641372,-1.222365321868914,23,2,11,4,25
-0.023459207229985065,0.8020080069473332,0.23647367843586825,-0.2110959525641372,-1.1749695255141217,0,3,11,5,25
-0.032648312082078176,0.9202258605690504,-0.22392080073090012,-0.2110959525641372,-1.1275737291593462,1,3,11,5,24
-0.06021562663835764,0.8611169337581918,0.23647367843586825,-0.2110959525641372,-1.0920268818932564,2,3,11,5,24
-0.12453936060300964,0.683790153325616,0.23647367843586825,-0.2110959525641372,-1.080177932804554,3,3,11,5,1
-0.15210667515928908,0.7428990801364745,0.5817695378109445,-0.2110959525641372,-1.044631085538464,4,3,11,5,23
-0.17048488486347538,0.683790153325616,0.4666709180192524,-0.2110959525641372,-0.9853863400949864,5,3,11,5,1
-0.21643040912394107,0.6246812265147573,0.23647367843586825,-0.2110959525641372,-0.9261415946515087,6,3,11,5,23
-0.20724130427184798,0.7428990801364745,0.5817695378109445,-0.2824001958759379,-0.8550479001193287,7,3,11,5,1
-0.12453936060300964,0.8020080069473332,0.5817695378109445,-0.2824001958759379,-0.7839542055871488,8,3,11,5,1
-0.14291757030719593,0.5064633728930401,0.8119667773943287,-0.2110959525641372,-0.7484073583210589,9,3,11,5,1
-0.08778294119463706,0.6246812265147573,0.8119667773943287,-0.2824001958759379,-0.7128605110549688,10,3,11,5,25
-0.032648312082078176,0.7428990801364745,1.0421640169777129,-0.2824001958759379,-0.7128605110549688,11,3,11,5,25
-0.05102652178626448,0.683790153325616,0.8119667773943287,-0.2824001958759379,-0.7128605110549688,12,3,11,5,2
0.004108107326294396,0.9793347873799091,0.8119667773943287,-0.2824001958759379,-0.7010115619662834,13,3,11,5,2
0.004108107326294396,0.8611169337581918,0.5817695378109445,-0.2824001958759379,-0.6891626128775812,14,3,11,5,2
0.013297212178387549,0.9202258605690504,1.0421640169777129,-0.2824001958759379,-0.6299178674341035,15,3,11,5,2
0.013297212178387549,1.0384437141907676,0.5817695378109445,-0.2824001958759379,-0.5706731219906258,16,3,11,5,2
-0.023459207229985065,0.9202258605690504,0.5817695378109445,-0.2824001958759379,-0.5114283765471314,17,3,11,5,2
-0.01427010237789191,1.0384437141907676,-0.22392080073090012,-0.2110959525641372,-0.46403258019235594,18,3,11,5,2
-0.023459207229985065,0.9793347873799091,0.00627643885248406,-0.2110959525641372,-0.42848573292626596,19,3,11,5,2
-0.08778294119463706,0.683790153325616,0.23647367843586825,-0.2110959525641372,-0.3810899365714737,20,3,11,5,1
-0.15210667515928908,0.4473544460821815,0.00627643885248406,-0.2110959525641372,-0.34554308930538374,21,3,11,5,1
-0.18886309456766168,0.3882455192713229,0.23647367843586825,-0.2110959525641372,-0.30999624203929377,22,3,11,5,1
-0.24399772368022055,0.32913659246046423,0.23647367843586825,-0.2110959525641372,-0.27444939477322067,23,3,11,5,1
-0.2623759333844068,0.4473544460821815,0.00627643885248406,-0.2110959525641372,-0.23890254750713066,0,4,11,6,23
-0.2991323527927794,0.5064633728930401,-0.4541180403142843,-0.2110959525641372,-0.21520464932972613,1,4,11,6,23
-0.3542669819053383,0.32913659246046423,0.00627643885248406,-0.2110959525641372,-0.20335570024104072,2,4,11,6,23
-0.3450778770532451,0.32913659246046423,0.23647367843586825,-0.2110959525641372,-0.20335570024104072,3,4,11,6,23
-0.3175105624969657,0.5064633728930401,0.4666709180192524,-0.2110959525641372,-0.17965780206363616,4,4,11,6,1
-0.32669966734905886,0.4473544460821815,0.00627643885248406,-0.2110959525641372,-0.10856410753147307,5,4,11,6,1
-0.3818342964616177,0.2700276656496056,0.23647367843586825,-0.2110959525641372,-0.07301726026538309,6,4,11,6,1
-0.4094016110178971,0.210918738838747,0.00627643885248406,-0.2110959525641372,-0.0019235657332031574,7,4,11,6,1
-0.3450778770532451,0.6246812265147573,0.23647367843586825,-0.2824001958759379,0.06917012879897678,8,4,11,6,27
-0.3450778770532451,0.3882455192713229,0.23647367843586825,-0.2824001958759379,0.08101907788767905,9,4,11,6,37
-0.43696892557417655,0.09270088521702978,0.4666709180192524,-0.2824001958759379,0.05732117971027451,10,4,11,6,23
-0.44615803042626967,-0.025516968404687458,-0.22392080073090012,-0.2824001958759379,0.03362328153288681,11,4,11,6,1
-0.45534713527836285,-0.2028437488372633,-0.22392080073090012,-0.2824001958759379,0.021774332444184544,12,4,11,6,1
-0.4737253449825492,-0.1437348220264047,-0.4541180403142843,-0.2824001958759379,0.04547223062158908,13,4,11,6,1
-0.5380490789472011,-0.3801705292698392,0.00627643885248406,-0.2824001958759379,0.03362328153288681,14,4,11,6,1
-0.5931837080597601,-0.5574973097024151,0.23647367843586825,-0.2824001958759379,0.03362328153288681,15,4,11,6,1
-0.648318337172319,-0.6757151633241323,-0.22392080073090012,-0.2824001958759379,0.08101907788767905,16,4,11,6,1
-0.6115619177639463,-0.4983883828915564,-0.22392080073090012,-0.2824001958759379,0.14026382333115672,17,4,11,6,1
-0.648318337172319,-0.5574973097024151,-0.4541180403142843,-0.2110959525641372,0.18765961968593212,18,4,11,6,1
-0.6299401274681325,-0.3801705292698392,-0.6843152798976685,-0.2110959525641372,0.23505541604072436,19,4,11,6,1
-0.7126420711369709,-0.5574973097024151,-0.22392080073090012,-0.2110959525641372,0.2706022633068143,20,4,11,6,1
-0.7034529662848779,-0.4983883828915564,-0.22392080073090012,-0.2110959525641372,0.294300161484202,21,4,11,6,1
-0.7034529662848779,-0.4392794560806978,-0.6843152798976685,-0.2110959525641372,0.294300161484202,22,4,11,6,1
-0.6942638614327847,-0.3801705292698392,-0.4541180403142843,-0.2110959525641372,0.25875331421811204,23,4,11,6,1
-0.6850747565806916,-0.3210616024589805,-0.6843152798976685,-0.2110959525641372,0.2706022633068143,0,5,11,0,1
-0.6758856517285983,-0.2028437488372633,-0.4541180403142843,-0.2110959525641372,0.25875331421811204,1,5,11,0,1
-0.7861549099537162,-0.5574973097024151,0.23647367843586825,-0.2110959525641372,0.28245121239551657,2,5,11,0,1
-0.9423696924392996,-0.853041943756708,0.23647367843586825,-0.2110959525641372,0.28245121239551657,3,5,11,0,1
-0.8780459584746476,-0.5574973097024151,-0.22392080073090012,-0.2110959525641372,0.3179980596615897,4,5,11,0,1
-0.8504786439183681,-0.08462589521554607,-0.4541180403142843,-0.2110959525641372,0.34169595783899426,5,5,11,0,23
-0.7034529662848779,0.2700276656496056,-0.4541180403142843,-0.2110959525641372,0.3890917541937697,6,5,11,0,23
-0.776965805101623,-0.08462589521554607,0.00627643885248406,-0.2824001958759379,0.4127896523711742,7,5,11,0,23
-0.7677767002495297,-0.025516968404687458,0.00627643885248406,-0.2824001958759379,0.4720343978146519,8,5,11,0,19
-0.7861549099537162,-0.4392794560806978,0.23647367843586825,-0.2824001958759379,0.4838833469033373,9,5,11,0,19
-0.8780459584746476,-0.9121508705675667,0.23647367843586825,1.6348916798413717,0.5194301941694273,10,5,11,0,19
-0.9148023778830202,-0.9712597973784254,0.23647367843586825,1.6348916798413717,0.49573229599203955,11,5,11,0,23
-0.9423696924392996,-1.0894776510001425,0.00627643885248406,1.6348916798413717,0.46018544872594963,12,5,11,0,23
-0.9883152166997653,-1.2076955046218598,0.23647367843586825,1.6348916798413717,0.46018544872594963,13,5,11,0,23
-0.9975043215518585,-1.2076955046218598,0.00627643885248406,1.6348916798413717,0.4364875505485619,14,5,11,0,1
-0.9331805875872065,-1.030368724189284,0.5817695378109445,-0.2824001958759379,0.42463860145985965,15,5,11,0,23
-0.7861549099537162,-0.4983883828915564,0.4666709180192524,-0.2824001958759379,0.46018544872594963,16,5,11,0,37
-0.9515587972913927,-0.9121508705675667,0.23647367843586825,-0.2110959525641372,0.5194301941694273,17,5,11,0,23
-1.0250716361081378,-1.030368724189284,0.5817695378109445,-0.2110959525641372,0.6142217868789949,18,5,11,0,23
-1.1904755234458146,-1.2076955046218598,-0.22392080073090012,-0.2110959525641372,0.6734665323224894,19,5,11,0,23
-1.1077735797769763,-0.9121508705675667,-0.9145125194810526,-0.2110959525641372,0.6971644304998771,20,5,11,0,23
-1.0710171603686036,-0.5574973097024151,-0.9145125194810526,-0.2110959525641372,0.7208623286772649,21,5,11,0,19
-1.1169626846290694,-0.6166062365132736,-0.4541180403142843,-0.2110959525641372,0.7090133795885794,22,5,11,0,19
-1.1169626846290694,-0.3801705292698392,-0.6843152798976685,-0.2110959525641372,0.7090133795885794,23,5,11,0,19
-1.1445299991853488,-0.5574973097024151,0.00627643885248406,-0.2110959525641372,0.7445602268546694,0,6,11,1,19
-1.1812864185937215,-0.4392794560806978,-0.22392080073090012,-0.2110959525641372,0.7564091759433548,1,6,11,1,0
-1.1261517894811626,0.03359195840617116,-0.6843152798976685,-0.2110959525641372,0.7919560232094448,2,6,11,1,0
-1.0526389506644174,0.5655722997038988,-1.259808378856129,-0.2110959525641372,0.839351819564237,3,6,11,1,0
-1.1445299991853488,-0.4392794560806978,-1.7202028580228972,-0.2110959525641372,0.839351819564237,4,6,11,1,23
-1.0526389506644174,-0.2028437488372633,-1.7202028580228972,-0.2110959525641372,0.874898666830327,5,6,11,1,23
-0.9239914827351133,0.4473544460821815,-1.0296111392727447,-0.2110959525641372,0.9222944631851023,6,6,11,1,23
-0.8780459584746476,0.5064633728930401,-1.0296111392727447,1.6348916798413717,0.9578413104511924,7,6,11,1,23
-0.7493984905453436,0.3882455192713229,-1.0296111392727447,1.6348916798413717,0.9933881577172823,8,6,11,1,19
-0.7677767002495297,-0.08462589521554607,-0.9145125194810526,1.6348916798413717,1.0052371068059847,9,6,11,1,19
-0.7953440148058093,-0.3210616024589805,-0.9145125194810526,1.6348916798413717,1.0407839540720745,10,6,11,1,23
-0.648318337172319,-0.3210616024589805,-0.6843152798976685,1.6348916798413717,1.05263290316076,11,6,11,1,23
-0.8229113293620888,-0.6757151633241323,0.23647367843586825,1.6348916798413717,0.9933881577172823,12,6,11,1,1
-0.9423696924392996,-1.1485865778110012,0.00627643885248406,1.6348916798413717,0.98153920862858,13,6,11,1,23
-0.9148023778830202,-1.0894776510001425,-0.6843152798976685,1.6348916798413717,0.9696902595398946,14,6,11,1,23
-0.9423696924392996,-1.2076955046218598,0.00627643885248406,1.6348916798413717,0.9696902595398946,15,6,11,1,23
-0.9791261118476722,-1.2076955046218598,-0.22392080073090012,1.6348916798413717,0.9696902595398946,16,6,11,1,23
-0.9239914827351133,-0.6166062365132736,-1.0296111392727447,1.6348916798413717,0.9933881577172823,17,6,11,1,19
-0.9515587972913927,-0.4983883828915564,-1.259808378856129,-0.2110959525641372,0.9933881577172823,18,6,11,1,0
-0.9423696924392996,-0.6166062365132736,-1.7202028580228972,-0.2110959525641372,1.0407839540720745,19,6,11,1,0
-0.905613273030927,-0.1437348220264047,-1.7202028580228972,-0.2110959525641372,1.05263290316076,20,6,11,1,0
-0.8688568536225545,-0.2619526756481219,-1.259808378856129,-0.2110959525641372,1.08817975042685,21,6,11,1,0
-0.841289539066275,-0.1437348220264047,-1.259808378856129,-0.2110959525641372,1.1000286995155522,22,6,11,1,0
-0.8229113293620888,0.09270088521702978,-1.0296111392727447,-0.2110959525641372,1.0763308013381476,23,6,11,1,0
-0.776965805101623,-0.025516968404687458,-0.9145125194810526,-0.2110959525641372,1.0407839540720745,0,7,11,2,0
-0.8321004342141819,-0.08462589521554607,-0.6843152798976685,-0.2110959525641372,1.0052371068059847,1,7,11,2,0
-0.8688568536225545,0.2700276656496056,-0.9145125194810526,-0.2110959525641372,1.05263290316076,2,7,11,2,0
-0.7953440148058093,0.9202258605690504,-0.6843152798976685,-0.2110959525641372,1.0644818522494623,3,7,11,2,0
-0.8045331196579024,1.0384437141907676,-0.4541180403142843,-0.2110959525641372,1.1474244958703277,4,7,11,2,0
-0.8321004342141819,1.0384437141907676,-0.22392080073090012,-0.2110959525641372,1.1000286995155522,5,7,11,2,0
-0.8229113293620888,1.0384437141907676,-0.22392080073090012,-0.2110959525641372,1.0289350049833723,6,7,11,2,19
-0.8137222245099955,0.8611169337581918,0.00627643885248406,-0.2824001958759379,1.0763308013381476,7,7,11,2,19
-0.7861549099537162,0.7428990801364745,0.23647367843586825,-0.2824001958759379,1.1237265976929398,8,7,11,2,19
-0.841289539066275,-0.025516968404687458,0.8119667773943287,-0.2824001958759379,1.1474244958703277,9,7,11,2,23
-0.8596677487704613,-0.4392794560806978,0.5817695378109445,-0.2824001958759379,1.1355755467816422,10,7,11,2,23
-0.9148023778830202,-0.853041943756708,1.272361256561097,-0.2824001958759379,1.08817975042685,11,7,11,2,23
-0.9148023778830202,-1.0894776510001425,1.272361256561097,-0.2824001958759379,0.98153920862858,12,7,11,2,23
-0.9239914827351133,-1.1485865778110012,1.9629529753112496,-0.2824001958759379,0.8630497177416248,13,7,11,2,23
-0.9148023778830202,-1.0894776510001425,1.0421640169777129,-0.2824001958759379,0.8275028704755347,14,7,11,2,23
-0.9515587972913927,-1.0894776510001425,1.0421640169777129,-0.2824001958759379,0.8038049722981471,15,7,11,2,23
-0.8872350633267407,-0.853041943756708,1.272361256561097,-0.2824001958759379,0.768258125032057,16,7,11,2,23
-0.8045331196579024,-0.5574973097024151,0.5817695378109445,-0.2110959525641372,0.7327112777659671,17,7,11,2,19
-0.7493984905453436,-0.3801705292698392,0.4666709180192524,-0.2110959525641372,0.7445602268546694,18,7,11,2,23
-0.8504786439183681,-0.7348240901349908,0.5817695378109445,-0.2110959525641372,0.7564091759433548,19,7,11,2,19
-0.9515587972913927,-0.9712597973784254,1.272361256561097,-0.2110959525641372,0.7090133795885794,20,7,11,2,23
-0.8229113293620888,-0.4983883828915564,0.8119667773943287,-0.2110959525641372,0.6971644304998771,21,7,11,2,19
-0.7493984905453436,-0.08462589521554607,0.8119667773943287,-0.2110959525641372,0.6260707359676971,22,7,11,2,0
-0.6666965468765051,0.3882455192713229,0.8119667773943287,-0.2110959525641372,0.5905238887016072,23,7,11,2,23
-0.648318337172319,0.32913659246046423,1.272361256561097,-0.2110959525641372,0.5786749396129218,0,8,11,3,23
-0.6850747565806916,0.3882455192713229,1.7327557357278653,-0.2110959525641372,0.5194301941694273,1,8,11,3,23
-0.7861549099537162,0.09270088521702978,2.078051595102942,-0.2110959525641372,0.5075812450807419,2,8,11,3,23
-0.7677767002495297,0.09270088521702978,0.5817695378109445,-0.2110959525641372,0.4838833469033373,3,8,11,3,23
-0.776965805101623,0.210918738838747,1.272361256561097,-0.2110959525641372,0.46018544872594963,4,8,11,3,23
-0.8045331196579024,0.09270088521702978,0.8119667773943287,-0.2110959525641372,0.4483364996372642,5,8,11,3,19
-0.7585875953974367,0.2700276656496056,0.4666709180192524,-0.2110959525641372,0.4364875505485619,6,8,11,3,19
-0.7034529662848779,0.3882455192713229,1.272361256561097,-0.2824001958759379,0.46018544872594963,7,8,11,3,23
-0.6575074420244121,0.2700276656496056,0.5817695378109445,-0.2824001958759379,0.4838833469033373,8,8,11,3,23
-0.6391292323202259,0.03359195840617116,0.4666709180192524,-0.2824001958759379,0.4720343978146519,9,8,11,3,1
-0.5931837080597601,-0.2619526756481219,1.7327557357278653,-0.2824001958759379,0.42463860145985965,10,8,11,3,23
-0.6023728129118533,-0.3210616024589805,1.7327557357278653,-0.2824001958759379,0.3890917541937697,11,8,11,3,23
-0.5656163935034806,-0.5574973097024151,1.0421640169777129,-0.2824001958759379,0.28245121239551657,12,8,11,3,23
-0.5380490789472011,-0.6757151633241323,1.272361256561097,-0.2824001958759379,0.2232064669520221,13,8,11,3,23
-0.5472381837992943,-0.7939330169458495,1.272361256561097,-0.2824001958759379,0.18765961968593212,14,8,11,3,23
-0.5380490789472011,-0.7939330169458495,0.5817695378109445,-0.2824001958759379,0.152112772419859,15,8,11,3,23
-0.5839946032076668,-0.7348240901349908,0.4666709180192524,-0.2824001958759379,0.14026382333115672,16,8,11,3,23
-0.6207510226160394,-0.5574973097024151,-0.22392080073090012,-0.2824001958759379,0.1758106705972467,17,8,11,3,23
-0.5104817643909217,-0.025516968404687458,-0.9145125194810526,-0.2110959525641372,0.23505541604072436,18,8,11,3,23
-0.5380490789472011,0.09270088521702978,-0.6843152798976685,-0.2110959525641372,0.25875331421811204,19,8,11,3,23
-0.6758856517285983,-0.3210616024589805,0.4666709180192524,-0.2110959525641372,0.2706022633068143,20,8,11,3,23
-0.6575074420244121,0.09270088521702978,-0.22392080073090012,-0.2110959525641372,0.2232064669520221,21,8,11,3,19
-0.6758856517285983,0.2700276656496056,-0.4541180403142843,-0.2110959525641372,0.18765961968593212,22,8,11,3,19
-0.6942638614327847,0.5064633728930401,-0.9145125194810526,-0.2110959525641372,0.16396172150854443,23,8,11,3,19
-0.7585875953974367,0.9793347873799091,-0.9145125194810526,-0.2110959525641372,0.18765961968593212,0,9,11,4,19
-0.776965805101623,1.0384437141907676,-0.9145125194810526,-0.2110959525641372,0.152112772419859,1,9,11,4,19
-0.8137222245099955,1.0975526410016263,-0.9145125194810526,-0.2110959525641372,0.16396172150854443,2,9,11,4,0
-0.7493984905453436,1.0975526410016263,-0.9145125194810526,-0.2110959525641372,0.16396172150854443,3,9,11,4,0
-0.7126420711369709,1.156661567812485,-0.9145125194810526,-0.2110959525641372,0.1758106705972467,4,9,11,4,0
-0.8504786439183681,1.3930972750559194,-0.9145125194810526,-0.2110959525641372,0.19950856877463438,5,9,11,4,19
-0.6758856517285983,1.274879421434202,-0.9145125194810526,-0.2110959525641372,0.23505541604072436,6,9,11,4,19
-0.6207510226160394,1.2157704946233434,-0.9145125194810526,-0.2824001958759379,0.294300161484202,7,9,11,4,23
-0.5656163935034806,1.0975526410016263,-0.9145125194810526,1.6348916798413717,0.36539385601638197,8,9,11,4,23
-0.45534713527836285,0.5064633728930401,0.23647367843586825,1.6348916798413717,0.34169595783899426,9,9,11,4,23
-0.5380490789472011,-0.08462589521554607,0.4666709180192524,1.6348916798413717,0.36539385601638197,10,9,11,4,1
-0.6115619177639463,-0.5574973097024151,0.5817695378109445,1.6348916798413717,0.36539385601638197,11,9,11,4,23
-0.5656163935034806,-0.4392794560806978,0.8119667773943287,1.6348916798413717,0.3061491105729043,12,9,11,4,23
-0.528859974095108,-0.4983883828915564,0.5817695378109445,-0.2824001958759379,0.24690436512942662,13,9,11,4,1
-0.48291444983464227,-0.5574973097024151,0.5817695378109445,-0.2824001958759379,0.25875331421811204,14,9,11,4,23
-0.41859071586999036,-0.3210616024589805,1.0421640169777129,-0.2824001958759379,0.28245121239551657,15,9,11,4,1
-0.4094016110178971,-0.2619526756481219,1.272361256561097,-0.2824001958759379,0.3179980596615897,16,9,11,4,1
-0.3450778770532451,-0.08462589521554607,0.8119667773943287,-0.2110959525641372,0.36539385601638197,17,9,11,4,1
-0.2807541430885931,0.09270088521702978,0.00627643885248406,-0.2110959525641372,0.4364875505485619,18,9,11,4,1
-0.2623759333844068,0.1518098120278884,0.00627643885248406,-0.2110959525641372,0.4720343978146519,19,9,11,4,1
-0.2623759333844068,0.2700276656496056,-0.4541180403142843,-0.2110959525641372,0.49573229599203955,20,9,11,4,1
-0.18886309456766168,0.4473544460821815,-0.6843152798976685,-0.2110959525641372,0.5786749396129218,21,9,11,4,1
-0.1796739897155685,0.5064633728930401,-0.4541180403142843,-0.2110959525641372,0.5075812450807419,22,9,11,4,23
-0.16129578001138223,0.7428990801364745,0.00627643885248406,-0.2110959525641372,0.5312791432581295,23,9,11,4,23
-0.19805219941975483,0.9793347873799091,-0.22392080073090012,-0.2110959525641372,0.5905238887016072,0,10,11,5,23
-0.1796739897155685,0.8020080069473332,-0.6843152798976685,-0.2110959525641372,0.6734665323224894,1,10,11,5,23
-0.2807541430885931,0.683790153325616,-0.6843152798976685,-0.2110959525641372,0.7208623286772649,2,10,11,5,19
-0.48291444983464227,0.03359195840617116,-0.4541180403142843,-0.2110959525641372,0.8275028704755347,3,10,11,5,19
-0.5564272886513875,0.210918738838747,-0.4541180403142843,-0.2110959525641372,0.9341434122738046,4,10,11,5,19
-0.6023728129118533,0.210918738838747,-1.0296111392727447,-0.2110959525641372,1.1000286995155522,5,10,11,5,19
-0.7126420711369709,0.210918738838747,-0.6843152798976685,-0.2110959525641372,1.2066692413138054,6,10,11,5,19
-0.7861549099537162,0.210918738838747,-0.22392080073090012,-0.2824001958759379,1.384403477644255,7,10,11,5,0
-0.6850747565806916,0.03359195840617116,-0.22392080073090012,-0.2824001958759379,1.5028929685312105,8,10,11,5,0
-0.7126420711369709,-0.4983883828915564,0.00627643885248406,1.6348916798413717,1.5858356121520927,9,10,11,5,0
-0.776965805101623,-0.7939330169458495,-0.9145125194810526,1.6348916798413717,1.6332314085068849,10,10,11,5,19
-0.905613273030927,-1.2668044314327185,-1.0296111392727447,1.6348916798413717,1.6569293066842725,11,10,11,5,19
-0.9423696924392996,-1.503240138676153,-1.0296111392727447,1.6348916798413717,1.6332314085068849,12,10,11,5,19
-0.969937006995579,-1.6805669191087287,-1.0296111392727447,1.6348916798413717,1.5858356121520927,13,10,11,5,23
-0.9331805875872065,-1.7396758459195873,-1.259808378856129,1.6348916798413717,1.562137713974705,14,10,11,5,23
-0.8688568536225545,-1.5623490654870116,-0.4541180403142843,1.6348916798413717,1.597684561240795,15,10,11,5,23
-0.9883152166997653,-1.503240138676153,-0.6843152798976685,1.6348916798413717,1.5858356121520927,16,10,11,5,23
-0.9515587972913927,-1.4441312118652943,-0.9145125194810526,-0.2110959525641372,1.6806272048616604,17,10,11,5,23
-0.8780459584746476,-1.2668044314327185,-0.9145125194810526,-0.2110959525641372,1.7517208993938402,18,10,11,5,23
-0.8229113293620888,-0.9712597973784254,-0.9145125194810526,-0.2110959525641372,1.810965644837318,19,10,11,5,19
-0.721831175989064,-0.6757151633241323,0.00627643885248406,-0.2110959525641372,1.7872677466599303,20,10,11,5,19
-0.7953440148058093,-0.6757151633241323,-0.6843152798976685,-0.2110959525641372,1.7517208993938402,21,10,11,5,0
-0.6575074420244121,-0.025516968404687458,-0.4541180403142843,-0.2110959525641372,1.775418797571228,22,10,11,5,19
-0.8504786439183681,-0.6757151633241323,-0.4541180403142843,-0.2110959525641372,1.7161740521277502,23,10,11,5,19
-0.8964241681788339,-1.0894776510001425,-0.9145125194810526,-0.2110959525641372,1.6569293066842725,0,11,11,6,23
-0.905613273030927,-1.1485865778110012,-0.22392080073090012,-0.2110959525641372,1.526590866708615,1,11,11,6,23
-0.9515587972913927,-1.3259133582435771,-0.4541180403142843,-0.2110959525641372,1.5147419176199128,2,11,11,6,1
-0.9331805875872065,-1.3259133582435771,0.23647367843586825,-0.2110959525641372,1.4081013758216427,3,11,11,6,1
-0.6299401274681325,0.03359195840617116,0.5817695378109445,-0.2110959525641372,1.526590866708615,4,11,11,6,1
-0.6023728129118533,0.32913659246046423,0.5817695378109445,-0.2110959525641372,1.3962524267329575,5,11,11,6,24
-0.44615803042626967,0.8020080069473332,0.23647367843586825,-0.2110959525641372,1.4317992739990473,6,11,11,6,24
-0.4277798207220834,0.8611169337581918,0.8119667773943287,-0.2824001958759379,1.4791950703538228,7,11,11,6,1
-0.41859071586999036,0.9202258605690504,0.5817695378109445,-0.2824001958759379,1.526590866708615,8,11,11,6,1
-0.41859071586999036,0.7428990801364745,0.5817695378109445,-0.2824001958759379,1.4673461212651373,9,11,11,6,1
-0.28994324794068627,1.0384437141907676,0.23647367843586825,-0.2824001958759379,1.491044019442525,10,11,11,6,25
-0.2531868285323137,0.7428990801364745,0.8119667773943287,-0.2824001958759379,1.372554528555553,11,11,11,6,25
-0.20724130427184798,0.6246812265147573,1.0421640169777129,-0.2824001958759379,1.3014608340233897,12,11,11,6,23
-0.10616115089882336,0.4473544460821815,0.23647367843586825,1.6348916798413717,1.2540650376685976,13,11,11,6,19
-0.08778294119463706,0.2700276656496056,0.5817695378109445,1.6348916798413717,1.2185181904025075,14,11,11,6,0
-0.06021562663835764,0.1518098120278884,0.4666709180192524,1.6348916798413717,1.2066692413138054,15,11,11,6,19
-0.06940473149045077,0.210918738838747,0.5817695378109445,-0.2824001958759379,1.2066692413138054,16,11,11,6,23
-0.09697204604673021,0.683790153325616,0.23647367843586825,-0.2110959525641372,1.2659139867572997,17,11,11,6,23
-0.13372846545510278,1.0384437141907676,-0.22392080073090012,-0.2110959525641372,1.2777629358459852,18,11,11,6,19
-0.21643040912394107,1.2157704946233434,0.23647367843586825,-0.2110959525641372,1.2896118849346876,19,11,11,6,0
-0.24399772368022055,1.274879421434202,0.00627643885248406,-0.2110959525641372,1.3014608340233897,20,11,11,6,0
-0.2623759333844068,1.274879421434202,0.00627643885248406,-0.2110959525641372,1.2777629358459852,21,11,11,6,19
-0.2807541430885931,1.3339883482450607,-0.22392080073090012,-0.2110959525641372,1.2066692413138054,22,11,11,6,0
-0.2623759333844068,1.3339883482450607,0.00627643885248406,-0.2110959525641372,1.1711223940477322,23,11,11,6,0
-0.2623759333844068,1.452206201866778,0.4666709180192524,-0.6626894935388755,1.1118776486042377,0,12,11,0,19
-0.30832145764487257,1.3339883482450607,0.23647367843586825,-0.2110959525641372,1.08817975042685,1,12,11,0,19
-0.2991323527927794,1.452206201866778,0.00627643885248406,-0.6626894935388755,1.1000286995155522,2,12,11,0,19
-0.3175105624969657,1.452206201866778,0.00627643885248406,-0.6626894935388755,1.05263290316076,3,12,11,0,0
-0.335888772201152,1.5704240554884952,-0.4541180403142843,-0.6626894935388755,1.0644818522494623,4,12,11,0,0
-0.3450778770532451,1.5113151286776365,-0.4541180403142843,-0.6626894935388755,1.01708605589467,5,12,11,0,0
-0.3450778770532451,1.5704240554884952,-0.22392080073090012,-0.6626894935388755,0.9696902595398946,6,12,11,0,19
-0.32669966734905886,1.5704240554884952,-0.4541180403142843,-0.9162156919808337,1.0052371068059847,7,12,11,0,19
-0.2348086188281274,1.5113151286776365,-0.6843152798976685,-0.6626894935388755,0.98153920862858,8,12,11,0,19
-0.06940473149045077,0.9793347873799091,-0.9145125194810526,-0.6626894935388755,0.9222944631851023,9,12,11,0,19
0.06843184129094639,0.5064633728930401,-1.0296111392727447,-0.6626894935388755,0.8630497177416248,10,12,11,0,23
0.2522139383328093,-0.2028437488372633,-1.0296111392727447,-0.6626894935388755,0.7801070741207425,11,12,11,0,23
0.5462652935997899,-0.7348240901349908,-0.22392080073090012,-0.6626894935388755,0.6616175832337872,12,12,11,0,23
0.5370761887476968,-0.6166062365132736,0.8119667773943287,-0.2824001958759379,0.5549770414355173,13,12,11,0,23
0.5186979790435104,-0.4983883828915564,0.8119667773943287,-0.2824001958759379,0.4483364996372642,14,12,11,0,1
0.5370761887476968,-0.6166062365132736,0.5817695378109445,-0.2824001958759379,0.329847008750292,15,12,11,0,1
0.5003197693393242,-0.6757151633241323,0.8119667773943287,-0.2824001958759379,0.18765961968593212,16,12,11,0,1
0.4543742450788585,-0.853041943756708,2.078051595102942,-0.2110959525641372,0.09286802697636448,17,12,11,0,23
0.43599603537467224,-0.9121508705675667,2.3082488346863257,-0.2110959525641372,0.04547223062158908,18,12,11,0,19
0.48194155963513796,-0.7939330169458495,1.9629529753112496,-0.2110959525641372,-0.08486620935406852,19,12,11,0,19
0.4543742450788585,-0.6757151633241323,2.078051595102942,-0.2110959525641372,-0.16780885297495074,20,12,11,0,23
0.47275245478304484,-0.5574973097024151,1.7327557357278653,-0.2110959525641372,-0.17965780206363616,21,12,11,0,1
0.5186979790435104,-0.4392794560806978,1.272361256561097,-0.2110959525641372,-0.21520464932972613,22,12,11,0,1
0.5830217130081625,-0.2028437488372633,1.0421640169777129,-0.2110959525641372,-0.2507514965958161,23,12,11,0,1
0.6841018663811871,0.32913659246046423,3.804530891978323,-0.2110959525641372,-0.13226200570886076,0,13,11,1,24
0.44518514022676536,1.274879421434202,2.53844607426971,-1.1697418904227923,0.23505541604072436,1,13,11,1,24
0.3349158820016476,1.2157704946233434,2.3082488346863257,-0.2110959525641372,0.36539385601638197,2,13,11,1,24
0.2797812528890887,1.0384437141907676,2.9988405534364784,-0.2110959525641372,0.4720343978146519,3,13,11,1,24
0.14194468010769154,1.0975526410016263,1.5025584961444813,-0.2110959525641372,0.5668259905242196,4,13,11,1,24
0.07762094614303955,1.0975526410016263,1.7327557357278653,-0.2110959525641372,0.6497686341450849,5,13,11,1,24
0.06843184129094639,1.0384437141907676,1.7327557357278653,-0.2110959525641372,0.839351819564237,6,13,11,1,1
-0.023459207229985065,0.7428990801364745,1.7327557357278653,-0.2824001958759379,0.8630497177416248,7,13,11,1,1
-0.15210667515928908,0.3882455192713229,2.078051595102942,-0.2824001958759379,0.9933881577172823,8,13,11,1,23
-0.3450778770532451,-0.08462589521554607,1.9629529753112496,-0.2824001958759379,1.0644818522494623,9,13,11,1,23
-0.3542669819053383,-0.1437348220264047,2.53844607426971,-0.2824001958759379,1.2066692413138054,10,13,11,1,23
-0.41859071586999036,-0.3801705292698392,1.7327557357278653,1.6348916798413717,1.23036713949121,11,13,11,1,23
-0.400212506165804,-0.6166062365132736,1.5025584961444813,1.6348916798413717,1.2185181904025075,12,13,11,1,23
-0.528859974095108,-0.7939330169458495,2.078051595102942,1.6348916798413717,1.2777629358459852,13,13,11,1,23
-0.8321004342141819,-1.5623490654870116,1.7327557357278653,-0.2824001958759379,1.3370076812894798,14,13,11,1,19
-0.5012926595388286,-0.7348240901349908,1.5025584961444813,-0.2824001958759379,1.4199503249103451,15,13,11,1,19
-0.7034529662848779,-1.1485865778110012,1.0421640169777129,-0.2824001958759379,1.5147419176199128,16,13,11,1,19
-0.7953440148058093,-1.0894776510001425,-0.22392080073090012,-0.2110959525641372,1.6095335103294803,17,13,11,1,0
-0.7402093856932505,-0.6757151633241323,-0.4541180403142843,-0.2110959525641372,1.7635698484825426,18,13,11,1,0
-0.7493984905453436,-0.3210616024589805,-0.4541180403142843,-0.2110959525641372,1.8346635430147056,19,13,11,1,0
-0.7861549099537162,-0.025516968404687458,-0.6843152798976685,-0.2110959525641372,1.9294551357242902,20,13,11,1,0
-0.7861549099537162,0.09270088521702978,-0.9145125194810526,-0.2110959525641372,2.0123977793451555,21,13,11,1,0
-0.7585875953974367,0.1518098120278884,-0.9145125194810526,-0.2110959525641372,2.0834914738773356,22,13,11,1,0
-0.776965805101623,0.2700276656496056,-0.9145125194810526,-0.2110959525641372,2.1190383211434254,23,13,11,1,0
-0.7861549099537162,-0.2028437488372633,-1.259808378856129,-0.2110959525641372,2.201980964764291,0,14,11,2,0
-0.7585875953974367,0.09270088521702978,-1.0296111392727447,-0.2110959525641372,2.201980964764291,1,14,11,2,0
-0.7953440148058093,0.4473544460821815,-1.0296111392727447,-0.2110959525641372,2.2730746592964706,2,14,11,2,0
-0.8504786439183681,0.2700276656496056,-1.0296111392727447,-0.2110959525641372,2.2967725574738584,3,14,11,2,0
-0.8780459584746476,0.7428990801364745,-1.259808378856129,-0.2110959525641372,2.3204704556512628,4,14,11,2,0
-0.841289539066275,1.156661567812485,-1.259808378856129,-0.2110959525641372,2.4152620483608307,5,14,11,2,0
-0.7953440148058093,0.9202258605690504,-1.259808378856129,-0.2110959525641372,2.4863557428930103,6,14,11,2,0
-0.8780459584746476,1.156661567812485,-1.259808378856129,1.6348916798413717,2.6048452337799657,7,14,11,2,0
-0.6850747565806916,1.156661567812485,-1.259808378856129,1.6348916798413717,2.652241030134758,8,14,11,2,0
-0.5196708692430149,0.5064633728930401,-1.0296111392727447,-0.2824001958759379,2.6759389283121457,9,14,11,2,0
-0.6299401274681325,-0.3801705292698392,-1.4900056184395132,-0.2824001958759379,2.7114857755782356,10,14,11,2,0
-0.6942638614327847,-1.030368724189284,-1.259808378856129,-0.2824001958759379,2.6759389283121457,11,14,11,2,0
-0.8229113293620888,-1.3850222850544356,-0.9145125194810526,-0.2824001958759379,2.6048452337799657,12,14,11,2,19
-0.841289539066275,-1.4441312118652943,-1.259808378856129,1.6348916798413717,2.545600488336488,13,14,11,2,19
-0.8045331196579024,-1.3850222850544356,-1.0296111392727447,1.6348916798413717,2.4863557428930103,14,14,11,2,0
-0.9148023778830202,-1.5623490654870116,-1.0296111392727447,1.6348916798413717,2.4863557428930103,15,14,11,2,0
-0.9148023778830202,-1.4441312118652943,-1.0296111392727447,1.6348916798413717,2.498204691981696,16,14,11,2,19
-0.8964241681788339,-1.3259133582435771,-0.9145125194810526,-0.2824001958759379,2.4863557428930103,17,14,11,2,19
-0.8137222245099955,-0.9712597973784254,-0.9145125194810526,-0.2110959525641372,2.498204691981696,18,14,11,2,0
-0.776965805101623,-0.7939330169458495,-0.6843152798976685,-0.2110959525641372,2.510053641070398,19,14,11,2,0
-0.7677767002495297,-0.6757151633241323,-0.4541180403142843,-0.2110959525641372,2.5219025901591006,20,14,11,2,0
-0.7953440148058093,-0.6757151633241323,-0.9145125194810526,-0.2110959525641372,2.498204691981696,21,14,11,2,0
-0.7585875953974367,-0.4983883828915564,-0.22392080073090012,-0.2110959525641372,2.4863557428930103,22,14,11,2,0
-0.8045331196579024,-0.3801705292698392,-0.4541180403142843,-0.2110959525641372,2.4508088956269205,23,14,11,2,0
-0.7953440148058093,0.1518098120278884,-0.22392080073090012,-0.2110959525641372,2.427110997449516,0,15,11,3,0
-0.7034529662848779,0.683790153325616,-0.6843152798976685,-0.2110959525641372,2.3797152010947404,1,15,11,3,19
-0.7034529662848779,0.8020080069473332,-0.22392080073090012,-0.2110959525641372,2.308621506562561,2,15,11,3,19
-0.7310202808411573,0.9202258605690504,-0.6843152798976685,-0.2110959525641372,2.3204704556512628,3,15,11,3,19
-0.8137222245099955,0.8611169337581918,-0.6843152798976685,-0.2110959525641372,2.308621506562561,4,15,11,3,0
-0.7861549099537162,0.683790153325616,-0.22392080073090012,-0.2110959525641372,2.2375278120303808,5,15,11,3,19
-0.7953440148058093,0.7428990801364745,0.00627643885248406,-0.2110959525641372,2.201980964764291,6,15,11,3,19
-0.776965805101623,0.7428990801364745,-0.22392080073090012,-0.2824001958759379,2.2375278120303808,7,15,11,3,23
-0.7034529662848779,0.7428990801364745,-0.4541180403142843,-0.2824001958759379,2.2967725574738584,8,15,11,3,1
-0.6758856517285983,0.4473544460821815,0.4666709180192524,-0.2824001958759379,2.2256788629416953,9,15,11,3,1
-0.6575074420244121,0.1518098120278884,0.00627643885248406,-0.2824001958759379,2.1190383211434254,10,15,11,3,1
-0.6758856517285983,-0.2028437488372633,-0.4541180403142843,-0.2824001958759379,2.0597935756999477,11,15,11,3,1
-0.6666965468765051,-0.3210616024589805,0.00627643885248406,-0.2824001958759379,1.9886998811677679,12,15,11,3,1
-0.7493984905453436,-0.7348240901349908,-0.22392080073090012,-0.2824001958759379,1.8939082884582001,13,15,11,3,23
-0.7402093856932505,-0.7348240901349908,-0.4541180403142843,-0.2824001958759379,1.8228145939260203,14,15,11,3,23
-0.7677767002495297,-0.7348240901349908,-0.22392080073090012,-0.2824001958759379,1.775418797571228,15,15,11,3,19
-0.7402093856932505,-0.5574973097024151,-0.4541180403142843,-0.2824001958759379,1.7517208993938402,16,15,11,3,19
-0.776965805101623,-0.4983883828915564,-0.6843152798976685,-0.2110959525641372,1.7517208993938402,17,15,11,3,19
-0.776965805101623,-0.4392794560806978,-0.9145125194810526,-0.2110959525641372,1.7635698484825426,18,15,11,3,0
-0.7677767002495297,-0.2619526756481219,-0.9145125194810526,-0.2110959525641372,1.7280230012164526,19,15,11,3,0
-0.7585875953974367,0.09270088521702978,-1.259808378856129,-0.2110959525641372,1.668778255772958,20,15,11,3,0
-0.8137222245099955,0.5655722997038988,-1.0296111392727447,-0.2110959525641372,1.668778255772958,21,15,11,3,0
-0.7126420711369709,0.5655722997038988,-1.259808378856129,-0.2110959525641372,1.6213824594181827,22,15,11,3,0
-0.8137222245099955,1.0975526410016263,-1.0296111392727447,-0.2110959525641372,1.6450803575955704,23,15,11,3,0
-0.7402093856932505,0.9202258605690504,-1.259808378856129,-0.2110959525641372,1.6213824594181827,0,16,11,4,0
-0.8688568536225545,1.2157704946233434,-1.259808378856129,-0.6626894935388755,1.597684561240795,1,16,11,4,0
-0.8137222245099955,1.156661567812485,-1.7202028580228972,-0.6626894935388755,1.6213824594181827,2,16,11,4,0
-0.7034529662848779,1.274879421434202,-1.7202028580228972,-0.6626894935388755,1.597684561240795,3,16,11,4,0
-0.9791261118476722,1.3339883482450607,-1.7202028580228972,-0.6626894935388755,1.6213824594181827,4,16,11,4,0
-0.9423696924392996,1.3930972750559194,-1.259808378856129,-0.6626894935388755,1.6924761539503625,5,16,11,4,0
-0.8229113293620888,1.5113151286776365,-1.259808378856129,-0.9162156919808337,1.6924761539503625,6,16,11,4,23
-0.8321004342141819,1.3930972750559194,-1.259808378856129,-0.9162156919808337,1.704325103039048,7,16,11,4,23
-0.6758856517285983,1.274879421434202,-1.7202028580228972,-0.6626894935388755,1.7635698484825426,8,16,11,4,23
-0.39102340131371083,1.0975526410016263,-0.6843152798976685,-0.6626894935388755,1.775418797571228,9,16,11,4,23
-0.41859071586999036,0.4473544460821815,-0.22392080073090012,-0.2824001958759379,1.7991166957486158,10,16,11,4,19
-0.4645362401304561,-0.025516968404687458,0.00627643885248406,-0.2824001958759379,1.7517208993938402,11,16,11,4,23
-0.4921035546867354,-0.3210616024589805,0.23647367843586825,-0.2824001958759379,1.6924761539503625,12,16,11,4,19
-0.4737253449825492,-0.5574973097024151,0.00627643885248406,-0.2824001958759379,1.704325103039048,13,16,11,4,19
-0.4277798207220834,-0.4983883828915564,-0.22392080073090012,-0.2824001958759379,1.7161740521277502,14,16,11,4,19
-0.4094016110178971,-0.4983883828915564,-0.6843152798976685,-0.2824001958759379,1.7161740521277502,15,16,11,4,23
-0.41859071586999036,-0.3801705292698392,-0.22392080073090012,-0.2824001958759379,1.775418797571228,16,16,11,4,23
-0.3542669819053383,-0.08462589521554607,-0.22392080073090012,-0.2110959525641372,1.846512492103408,17,16,11,4,1
-0.3726451916095246,-0.08462589521554607,0.00627643885248406,-0.2110959525641372,1.9057572375468856,18,16,11,4,1
-0.39102340131371083,0.03359195840617116,-0.22392080073090012,-0.2110959525641372,1.9413040848129755,19,16,11,4,23
-0.39102340131371083,0.1518098120278884,-0.6843152798976685,-0.2110959525641372,2.0123977793451555,20,16,11,4,23
-0.4645362401304561,0.683790153325616,-0.6843152798976685,-0.2110959525641372,2.0597935756999477,21,16,11,4,19
-0.5196708692430149,1.0384437141907676,-0.4541180403142843,-0.2110959525641372,2.0834914738773356,22,16,11,4,19
-0.5564272886513875,1.0975526410016263,-0.22392080073090012,-0.2110959525641372,2.1190383211434254,23,16,11,4,19
-0.5564272886513875,0.9793347873799091,-0.6843152798976685,-0.2110959525641372,2.1901320156756054,0,17,11,5,0
-0.5564272886513875,1.0384437141907676,-0.6843152798976685,-0.2110959525641372,2.2375278120303808,1,17,11,5,0
-0.6207510226160394,1.156661567812485,-0.4541180403142843,-0.2110959525641372,2.3678662520060385,2,17,11,5,19
-0.6942638614327847,0.7428990801364745,-0.4541180403142843,-0.2110959525641372,2.462657844715606,3,17,11,5,0
-0.8321004342141819,0.5655722997038988,0.23647367843586825,-0.2110959525641372,2.510053641070398,4,17,11,5,0
-0.905613273030927,0.03359195840617116,-0.22392080073090012,-0.2110959525641372,2.5929962846912638,5,17,11,5,0
-0.9883152166997653,-0.1437348220264047,-0.22392080073090012,-0.2110959525641372,2.640392081046056,6,17,11,5,0
-0.9883152166997653,0.03359195840617116,-0.22392080073090012,-0.2824001958759379,2.7707305210217132,7,17,11,5,19
-0.9883152166997653,-0.08462589521554607,0.00627643885248406,-0.2824001958759379,2.865522113731281,8,17,11,5,19
-1.0526389506644174,-0.4392794560806978,0.00627643885248406,-0.2824001958759379,2.9129179100860734,9,17,11,5,19
-1.0526389506644174,-0.7348240901349908,-0.9145125194810526,1.6348916798413717,2.924766859174759,10,17,11,5,23
-1.0710171603686036,-0.9712597973784254,-1.259808378856129,1.6348916798413717,2.901068960997371,11,17,11,5,23
-1.0618280555165105,-1.2668044314327185,-1.259808378856129,1.6348916798413717,2.865522113731281,12,17,11,5,19
-0.9975043215518585,-1.3259133582435771,-1.259808378856129,1.6348916798413717,2.818126317376506,13,17,11,5,19
-0.9148023778830202,-1.2076955046218598,-1.0296111392727447,1.6348916798413717,2.818126317376506,14,17,11,5,19
-0.9148023778830202,-1.1485865778110012,-1.0296111392727447,1.6348916798413717,2.818126317376506,15,17,11,5,19
-0.905613273030927,-1.030368724189284,-1.259808378856129,1.6348916798413717,2.853673164642579,16,17,11,5,19
-0.9423696924392996,-0.853041943756708,-1.259808378856129,-0.2110959525641372,2.853673164642579,17,17,11,5,0
-0.9607479021434859,-0.2619526756481219,-1.259808378856129,-0.2110959525641372,2.901068960997371,18,17,11,5,19
-0.8964241681788339,0.03359195840617116,-1.259808378856129,-0.2110959525641372,2.9129179100860734,19,17,11,5,0
-0.8780459584746476,-0.4392794560806978,-0.9145125194810526,-0.2110959525641372,2.8892200119086686,20,17,11,5,0
-0.8321004342141819,0.03359195840617116,-0.9145125194810526,-0.2110959525641372,2.9129179100860734,21,17,11,5,0
-0.8137222245099955,-0.025516968404687458,-0.9145125194810526,-0.2110959525641372,2.948464757352163,22,17,11,5,0
-0.8504786439183681,-0.025516968404687458,-0.6843152798976685,-0.2110959525641372,2.972162655529551,23,17,11,5,0
-0.8045331196579024,0.210918738838747,-1.7202028580228972,-0.2110959525641372,2.9958605537069385,0,18,11,6,0
-0.8688568536225545,0.5064633728930401,-1.7202028580228972,-0.2110959525641372,3.007709502795641,1,18,11,6,0
-0.8688568536225545,0.9793347873799091,-1.7202028580228972,-0.2110959525641372,3.055105299150416,2,18,11,6,0
-0.7953440148058093,1.0384437141907676,-0.9145125194810526,-0.2110959525641372,3.0314074009730287,3,18,11,6,0
-0.8688568536225545,1.0384437141907676,-0.9145125194810526,-0.2110959525641372,3.007709502795641,4,18,11,6,0
-0.9148023778830202,0.9202258605690504,-0.9145125194810526,-0.2110959525641372,3.0314074009730287,5,18,11,6,0
-0.9148023778830202,1.0975526410016263,-0.6843152798976685,-0.2110959525641372,3.007709502795641,6,18,11,6,19
-1.0066934264039518,1.0975526410016263,-0.6843152798976685,-0.2824001958759379,3.055105299150416,7,18,11,6,23
-0.8229113293620888,1.156661567812485,-0.9145125194810526,-0.2824001958759379,3.078803197327821,8,18,11,6,1
-0.7310202808411573,0.7428990801364745,-0.6843152798976685,-0.2824001958759379,3.078803197327821,9,18,11,6,1
-0.8596677487704613,-0.3210616024589805,-0.9145125194810526,-0.2824001958759379,3.078803197327821,10,18,11,6,23
-0.8321004342141819,-0.7939330169458495,-0.9145125194810526,1.6348916798413717,3.007709502795641,11,18,11,6,23
-1.162908208889535,-1.9170026263521631,-1.259808378856129,1.6348916798413717,2.9129179100860734,12,18,11,6,23
-1.3007447816709323,-2.1534383335955978,-1.0296111392727447,1.6348916798413717,2.853673164642579,13,18,11,6,23
-1.2088537331500009,-2.094329406784739,-0.9145125194810526,1.6348916798413717,2.7707305210217132,14,18,11,6,23
-1.3283120962272117,-2.271656187217315,-0.6843152798976685,1.6348916798413717,2.7588815719330113,15,18,11,6,23
-1.08939537007279,-1.5623490654870116,-0.6843152798976685,-0.2824001958759379,2.7351836737556234,16,18,11,6,23
-1.0158825312560449,-1.2076955046218598,-0.6843152798976685,-0.2110959525641372,2.7351836737556234,17,18,11,6,23
-0.9239914827351133,-1.2076955046218598,-0.6843152798976685,-0.2110959525641372,2.7351836737556234,18,18,11,6,23
-0.8780459584746476,-0.7348240901349908,-1.259808378856129,-0.2110959525641372,2.7351836737556234,19,18,11,6,23
-0.8596677487704613,0.09270088521702978,-1.0296111392727447,-0.2110959525641372,2.6640899792234434,20,18,11,6,23
-0.8872350633267407,-0.3801705292698392,-0.4541180403142843,-0.2110959525641372,2.6285431319573536,21,18,11,6,19
-0.8688568536225545,-0.08462589521554607,-0.4541180403142843,-0.2110959525641372,2.6048452337799657,22,18,11,6,1
-0.7861549099537162,0.4473544460821815,-0.4541180403142843,-0.2110959525641372,2.569298386513876,23,18,11,6,1
-0.7585875953974367,0.4473544460821815,-0.9145125194810526,-0.2110959525641372,2.545600488336488,0,19,11,0,23
-0.776965805101623,0.5655722997038988,-1.0296111392727447,-0.2110959525641372,2.4863557428930103,1,19,11,0,1
-0.8229113293620888,0.6246812265147573,-0.22392080073090012,-0.2110959525641372,2.438959946538218,2,19,11,0,23
-0.8688568536225545,0.6246812265147573,-0.6843152798976685,-0.2110959525641372,2.438959946538218,3,19,11,0,23
-0.8688568536225545,0.6246812265147573,-1.0296111392727447,-0.2110959525641372,2.3678662520060385,4,19,11,0,23
-0.8872350633267407,0.683790153325616,-0.6843152798976685,-0.2110959525641372,2.3441683538286506,5,19,11,0,19
-0.8780459584746476,0.8020080069473332,-0.9145125194810526,-0.2110959525641372,2.3204704556512628,6,19,11,0,0
-0.8872350633267407,0.9202258605690504,-0.6843152798976685,-0.9162156919808337,2.2967725574738584,7,19,11,0,0
-0.776965805101623,0.683790153325616,-0.4541180403142843,-0.2824001958759379,2.2967725574738584,8,19,11,0,19
-0.648318337172319,0.3882455192713229,-0.9145125194810526,-0.2824001958759379,2.213829913852993,9,19,11,0,0
-0.5472381837992943,0.210918738838747,-0.9145125194810526,-0.6626894935388755,2.1901320156756054,10,19,11,0,19
-0.5472381837992943,-0.1437348220264047,-1.0296111392727447,-0.2824001958759379,2.107189372054723,11,19,11,0,19
-0.48291444983464227,-0.5574973097024151,-1.259808378856129,-0.2824001958759379,1.9768509320790655,12,19,11,0,0
-0.27156503823649997,0.09270088521702978,-1.0296111392727447,-0.6626894935388755,1.8820593393694978,13,19,11,0,19
-0.3175105624969657,-0.3210616024589805,-1.0296111392727447,-0.6626894935388755,1.7635698484825426,14,19,11,0,19
-0.3450778770532451,-0.4983883828915564,-1.259808378856129,-0.2824001958759379,1.7161740521277502,15,19,11,0,19
-0.41859071586999036,-0.08462589521554607,-1.0296111392727447,-0.2824001958759379,1.6569293066842725,16,19,11,0,19
-0.3726451916095246,0.2700276656496056,-1.259808378856129,-0.2110959525641372,1.6213824594181827,17,19,11,0,0
-0.4094016110178971,0.7428990801364745,-1.259808378856129,-0.6626894935388755,1.5858356121520927,18,19,11,0,19
-0.5012926595388286,0.7428990801364745,-1.259808378856129,-0.2110959525641372,1.5147419176199128,19,19,11,0,19
-0.5656163935034806,1.0384437141907676,-1.0296111392727447,-0.2110959525641372,1.4673461212651373,20,19,11,0,0
-0.5839946032076668,1.3930972750559194,-1.259808378856129,-0.6626894935388755,1.3962524267329575,21,19,11,0,19
-0.6299401274681325,1.5113151286776365,-1.0296111392727447,-1.1697418904227923,1.372554528555553,22,19,11,0,0
-0.43696892557417655,1.3339883482450607,-1.0296111392727447,-1.4232680888647506,1.3133097831120752,23,19,11,0,7
-0.648318337172319,1.3930972750559194,-0.9145125194810526,-1.4232680888647506,1.2659139867572997,0,20,11,1,7
-0.6299401274681325,1.6295329822993538,-0.9145125194810526,-1.4232680888647506,1.2185181904025075,1,20,11,1,7
-0.5564272886513875,1.2157704946233434,-1.0296111392727447,-1.5579538817870409,1.2185181904025075,2,20,11,1,7
-0.648318337172319,1.5113151286776365,-1.0296111392727447,-1.4232680888647506,1.2185181904025075,3,20,11,1,7
-0.648318337172319,1.274879421434202,-1.0296111392727447,-1.6847169810080203,1.1474244958703277,4,20,11,1,7
-0.648318337172319,1.274879421434202,-1.0296111392727447,-1.6847169810080203,1.1237265976929398,5,20,11,1,7
-0.6758856517285983,1.156661567812485,-1.0296111392727447,-1.6847169810080203,1.1355755467816422,6,20,11,1,7
-0.7126420711369709,1.156661567812485,-0.9145125194810526,-1.8114800802289992,1.1474244958703277,7,20,11,1,7
-0.6391292323202259,0.9793347873799091,-0.6843152798976685,-1.4232680888647506,1.1592734449590298,8,20,11,1,18
-0.5656163935034806,0.8020080069473332,-1.0296111392727447,-1.4232680888647506,1.1355755467816422,9,20,11,1,18
-0.4094016110178971,0.5064633728930401,-0.6843152798976685,-1.1697418904227923,1.1237265976929398,10,20,11,1,23
-0.43696892557417655,0.09270088521702978,-1.0296111392727447,-1.2965049896437713,1.0763308013381476,11,20,11,1,1
-0.4094016110178971,-0.2619526756481219,-1.4900056184395132,-1.2965049896437713,0.98153920862858,12,20,11,1,1
-0.32669966734905886,-0.2619526756481219,-1.259808378856129,-1.2965049896437713,0.9222944631851023,13,20,11,1,23
-0.3818342964616177,-0.4983883828915564,-1.0296111392727447,-1.1697418904227923,0.8512007686529224,14,20,11,1,23
-0.3726451916095246,-0.4983883828915564,-0.4541180403142843,-0.9162156919808337,0.8512007686529224,15,20,11,1,1
-0.3818342964616177,-0.4392794560806978,-1.0296111392727447,-0.9162156919808337,0.8630497177416248,16,20,11,1,1
-0.27156503823649997,0.2700276656496056,-0.9145125194810526,-0.9162156919808337,0.874898666830327,17,20,11,1,1
-0.3175105624969657,0.683790153325616,-1.0296111392727447,-0.6626894935388755,0.9104455140964001,18,20,11,1,23
-0.335888772201152,0.7428990801364745,-0.9145125194810526,-0.9162156919808337,0.9459923613624901,19,20,11,1,23
-0.41859071586999036,0.03359195840617116,-0.6843152798976685,-0.6626894935388755,0.9578413104511924,20,20,11,1,23
-0.4645362401304561,0.32913659246046423,-0.6843152798976685,-0.2110959525641372,0.9341434122738046,21,20,11,1,23
-0.44615803042626967,0.3882455192713229,-0.9145125194810526,-0.2110959525641372,0.8985965650077147,22,20,11,1,23
-0.44615803042626967,0.32913659246046423,-0.6843152798976685,-0.2110959525641372,0.9222944631851023,23,20,11,1,23
-0.4277798207220834,0.09270088521702978,-1.0296111392727447,-0.2110959525641372,0.8867476159190124,0,21,11,2,23
-0.44615803042626967,0.8020080069473332,-1.0296111392727447,-0.2110959525641372,0.9104455140964001,1,21,11,2,23
-0.4645362401304561,0.8020080069473332,-0.9145125194810526,-0.2110959525641372,0.9104455140964001,2,21,11,2,19
-0.5380490789472011,0.9202258605690504,-0.6843152798976685,-0.2110959525641372,0.9222944631851023,3,21,11,2,19
-0.5748054983555737,1.156661567812485,-0.6843152798976685,-0.2110959525641372,0.9459923613624901,4,21,11,2,19
-0.5472381837992943,1.0975526410016263,-0.4541180403142843,-0.2110959525641372,0.9578413104511924,5,21,11,2,23
-0.5656163935034806,1.0975526410016263,-1.259808378856129,-1.1697418904227923,1.0289350049833723,6,21,11,2,23
-0.4921035546867354,0.8611169337581918,-0.4541180403142843,-1.4232680888647506,1.1237265976929398,7,21,11,2,18
-0.43696892557417655,0.9202258605690504,-0.9145125194810526,-1.1697418904227923,1.1355755467816422,8,21,11,2,23
-0.3818342964616177,0.2700276656496056,-0.9145125194810526,-0.9162156919808337,1.1355755467816422,9,21,11,2,23
-0.3726451916095246,-0.3210616024589805,-1.259808378856129,-0.6626894935388755,1.1000286995155522,10,21,11,2,19
-0.2623759333844068,-0.2619526756481219,-1.259808378856129,-0.6626894935388755,1.0407839540720745,11,21,11,2,19
-0.27156503823649997,-0.5574973097024151,-1.0296111392727447,-0.6626894935388755,0.9933881577172823,12,21,11,2,19
-0.28994324794068627,-0.6166062365132736,-0.9145125194810526,-0.6626894935388755,0.9933881577172823,13,21,11,2,19
-0.3818342964616177,-1.030368724189284,-1.259808378856129,-0.6626894935388755,0.9578413104511924,14,21,11,2,19
-0.4277798207220834,-1.1485865778110012,-1.259808378856129,-0.6626894935388755,0.9696902595398946,15,21,11,2,19
-0.3726451916095246,-0.3801705292698392,-0.9145125194810526,-0.2824001958759379,0.9578413104511924,16,21,11,2,19
-0.41859071586999036,0.210918738838747,-0.9145125194810526,-0.2110959525641372,0.9459923613624901,17,21,11,2,19
-0.32669966734905886,0.7428990801364745,-1.0296111392727447,-0.2110959525641372,0.9933881577172823,18,21,11,2,19
-0.30832145764487257,0.683790153325616,-1.259808378856129,-0.2110959525641372,0.9933881577172823,19,21,11,2,19
-0.3175105624969657,1.0384437141907676,-1.0296111392727447,-0.2110959525641372,1.0052371068059847,20,21,11,2,23
-0.2807541430885931,0.8611169337581918,-1.0296111392727447,-0.2110959525641372,0.98153920862858,21,21,11,2,19
-0.3634560867574314,1.0384437141907676,-1.259808378856129,-0.6626894935388755,0.98153920862858,22,21,11,2,23
-0.2991323527927794,1.2157704946233434,-1.259808378856129,-0.6626894935388755,0.9578413104511924,23,21,11,2,19
-0.19805219941975483,1.5704240554884952,-1.259808378856129,-0.9162156919808337,0.9696902595398946,0,22,11,3,19
-0.1796739897155685,1.5704240554884952,-1.0296111392727447,-0.9162156919808337,0.9222944631851023,1,22,11,3,0
-0.24399772368022055,1.3339883482450607,-1.259808378856129,-0.9162156919808337,0.9459923613624901,2,22,11,3,0
-0.3175105624969657,1.0975526410016263,-1.259808378856129,-0.9162156919808337,0.9578413104511924,3,22,11,3,0
-0.44615803042626967,1.3339883482450607,-1.259808378856129,-1.1697418904227923,0.9341434122738046,4,22,11,3,0
-0.5380490789472011,1.156661567812485,-1.0296111392727447,-0.9162156919808337,0.9459923613624901,5,22,11,3,0
-0.4737253449825492,0.9793347873799091,-0.6843152798976685,-0.6626894935388755,0.9341434122738046,6,22,11,3,0
-0.4737253449825492,0.6246812265147573,-1.259808378856129,-0.2824001958759379,0.9459923613624901,7,22,11,3,19
-0.4094016110178971,0.5655722997038988,-1.259808378856129,-0.2824001958759379,0.9696902595398946,8,22,11,3,19
-0.30832145764487257,0.3882455192713229,-1.0296111392727447,-0.2824001958759379,0.8985965650077147,9,22,11,3,0
-0.3450778770532451,-0.5574973097024151,-1.7202028580228972,-0.2824001958759379,0.8867476159190124,10,22,11,3,0
-0.30832145764487257,-0.9121508705675667,-1.0296111392727447,-0.2824001958759379,0.7919560232094448,11,22,11,3,19
-0.3726451916095246,-1.503240138676153,-0.22392080073090012,-0.2824001958759379,0.6497686341450849,12,22,11,3,19
-0.528859974095108,-1.9170026263521631,-0.22392080073090012,-0.2824001958759379,0.5549770414355173,13,22,11,3,19
-0.4737253449825492,-1.8578936995413047,-0.6843152798976685,-0.2824001958759379,0.4720343978146519,14,22,11,3,19
-0.3450778770532451,-1.3850222850544356,0.00627643885248406,-0.2824001958759379,0.40094070328247194,15,22,11,3,19
-0.19805219941975483,-0.7939330169458495,0.00627643885248406,-0.2824001958759379,0.37724280510508423,16,22,11,3,19
-0.22561951397603425,-0.3801705292698392,0.00627643885248406,-0.2110959525641372,0.3535449069276797,17,22,11,3,19
-0.18886309456766168,-0.2028437488372633,0.00627643885248406,-0.2110959525641372,0.34169595783899426,18,22,11,3,19
-0.1796739897155685,-0.025516968404687458,-1.0296111392727447,-0.2110959525641372,0.294300161484202,19,22,11,3,19
-0.19805219941975483,0.03359195840617116,-0.9145125194810526,-0.2110959525641372,0.2706022633068143,20,22,11,3,19
-0.16129578001138223,0.210918738838747,0.23647367843586825,-0.2110959525641372,0.2232064669520221,21,22,11,3,19
-0.3175105624969657,0.32913659246046423,-0.22392080073090012,-0.2110959525641372,0.12841487424245446,22,22,11,3,19
-0.3542669819053383,-0.08462589521554607,-0.4541180403142843,-0.2110959525641372,0.06917012879897678,23,22,11,3,19
-0.3726451916095246,-0.1437348220264047,0.00627643885248406,-0.2110959525641372,0.009925383355499112,0,23,11,4,0
-0.32669966734905886,0.5655722997038988,0.23647367843586825,-0.2110959525641372,-0.10856410753147307,1,23,11,4,19
-0.3542669819053383,0.4473544460821815,-0.4541180403142843,-0.2110959525641372,-0.10856410753147307,2,23,11,4,19
-0.43696892557417655,0.1518098120278884,-1.0296111392727447,-0.2110959525641372,-0.17965780206363616,3,23,11,4,19
-0.4645362401304561,0.5064633728930401,-0.4541180403142843,-0.2110959525641372,-0.30999624203929377,4,23,11,4,19
-0.45534713527836285,0.1518098120278884,-0.4541180403142843,-0.2110959525641372,-0.42848573292626596,5,23,11,4,23
-0.4277798207220834,-0.08462589521554607,-0.22392080073090012,-0.2110959525641372,-0.5232773256358336,6,23,11,4,23
-0.3726451916095246,-0.025516968404687458,-0.22392080073090012,1.6348916798413717,-0.606219969256699,7,23,11,4,23
-0.335888772201152,0.03359195840617116,0.23647367843586825,1.6348916798413717,-0.6891626128775812,8,23,11,4,1
-0.3450778770532451,-0.4983883828915564,0.5817695378109445,1.6348916798413717,-0.8431989510306265,9,23,11,4,23
-0.20724130427184798,-0.6166062365132736,0.23647367843586825,-0.2824001958759379,-0.9498394928288963,10,23,11,4,23
-0.19805219941975483,-1.030368724189284,1.0421640169777129,-0.2824001958759379,-1.115724780070644,11,23,11,4,23
-0.09697204604673021,-1.1485865778110012,0.8119667773943287,-0.2824001958759379,-1.3290058636671669,12,23,11,4,23
-0.1153502557509165,-0.9712597973784254,1.0421640169777129,1.6348916798413717,-1.4830422018202292,13,23,11,4,1
-0.09697204604673021,-0.7939330169458495,1.0421640169777129,1.6348916798413717,-1.589682743618499,14,23,11,4,1
-0.005080997525798757,-0.5574973097024151,0.23647367843586825,-0.9162156919808337,-1.4948911509089144,15,23,11,4,24
0.3532940917058339,0.9202258605690504,1.7327557357278653,-1.1697418904227923,-1.4474953545541391,16,23,11,4,24
0.3900505111142065,1.156661567812485,0.8119667773943287,-0.9162156919808337,-1.5067400999976168,17,23,11,4,24
0.40842872081839277,1.3339883482450607,0.4666709180192524,-0.2110959525641372,-1.5659848454410945,18,23,11,4,1
0.3716723014100201,1.156661567812485,0.5817695378109445,-0.2110959525641372,-1.6015316927071845,19,23,11,4,23
0.2614030431849025,0.32913659246046423,2.768643313853094,-0.2110959525641372,-1.589682743618499,20,23,11,4,1
0.14194468010769154,0.1518098120278884,2.768643313853094,-0.2110959525641372,-1.5778337945297967,21,23,11,4,1
0.04086452673466697,0.03359195840617116,1.272361256561097,-0.2110959525641372,-1.6015316927071845,22,23,11,4,25
-0.08778294119463706,-0.2028437488372633,1.272361256561097,-0.2110959525641372,-1.660776438150662,23,23,11,4,1
-0.19805219941975483,-0.3801705292698392,0.4666709180192524,-0.2110959525641372,-1.731870132682842,0,24,11,5,1
-0.023459207229985065,0.8020080069473332,1.9629529753112496,-0.2110959525641372,-1.7200211835941566,1,24,11,5,25
-0.04183741693417133,0.8020080069473332,1.7327557357278653,-0.2110959525641372,-1.7081722345054544,2,24,11,5,25
-0.28994324794068627,0.09270088521702978,1.5025584961444813,-0.2110959525641372,-1.731870132682842,3,24,11,5,1
-0.43696892557417655,-0.2619526756481219,2.53844607426971,-0.2110959525641372,-1.767416979948932,4,24,11,5,23
-0.4094016110178971,0.1518098120278884,2.3082488346863257,-0.2110959525641372,-1.7555680308602466,5,24,11,5,19
-0.400212506165804,0.2700276656496056,1.5025584961444813,-0.2110959525641372,-1.7437190817715442,6,24,11,5,23
-0.39102340131371083,0.32913659246046423,1.9629529753112496,-0.2110959525641372,-1.7911148781263198,7,24,11,5,23
-0.41859071586999036,0.3882455192713229,1.7327557357278653,-0.2110959525641372,-1.7555680308602466,8,24,11,5,23
-0.3175105624969657,0.9202258605690504,2.078051595102942,-0.2824001958759379,-1.7437190817715442,9,24,11,5,25
-0.4645362401304561,0.32913659246046423,1.7327557357278653,-0.2824001958759379,-1.696323285416752,10,24,11,5,37
-0.5748054983555737,0.03359195840617116,2.078051595102942,-0.2824001958759379,-1.7200211835941566,11,24,11,5,37
-0.6942638614327847,-0.3801705292698392,1.7327557357278653,-0.2824001958759379,-1.7200211835941566,12,24,11,5,37
-0.9148023778830202,-0.9121508705675667,2.53844607426971,-0.2824001958759379,-1.6726253872393644,13,24,11,5,1
-0.8137222245099955,-0.6166062365132736,2.768643313853094,-0.2824001958759379,-1.660776438150662,14,24,11,5,23
-0.8229113293620888,-0.4983883828915564,2.3082488346863257,-2.001624729060468,-1.6015316927071845,15,24,11,5,36
-0.7034529662848779,0.210918738838747,1.5025584961444813,-0.2824001958759379,-1.554135896352409,16,24,11,5,23
-0.721831175989064,0.1518098120278884,2.53844607426971,-1.1697418904227923,-1.4711932527315268,17,24,11,5,37
-0.7402093856932505,0.03359195840617116,1.5025584961444813,-0.2110959525641372,-1.4237974563767515,18,24,11,5,37
-0.6942638614327847,0.3882455192713229,0.8119667773943287,-0.6626894935388755,-1.364552710933257,19,24,11,5,37
-0.7677767002495297,0.09270088521702978,1.9629529753112496,-0.2110959525641372,-1.3408548127558693,20,24,11,5,1
-0.9515587972913927,-0.3210616024589805,1.5025584961444813,-0.2110959525641372,-1.2934590164010937,21,24,11,5,23
-0.9975043215518585,-0.3801705292698392,1.0421640169777129,-0.2110959525641372,-1.2460632200463015,22,24,11,5,23
-1.0434498458123243,-0.4392794560806978,1.9629529753112496,-0.2110959525641372,-1.2460632200463015,23,24,11,5,23
-1.0618280555165105,-0.3801705292698392,1.7327557357278653,-0.2110959525641372,-1.1986674236915094,0,25,11,6,23
-1.08939537007279,-0.3801705292698392,1.272361256561097,-0.2110959525641372,-1.1512716273367338,1,25,11,6,19
-1.0985844749248832,-0.2619526756481219,2.078051595102942,-0.2110959525641372,-1.0683289837158518,2,25,11,6,0
-1.1353408943332557,-0.3210616024589805,1.272361256561097,-0.2110959525641372,-1.0209331873610763,3,25,11,6,19
-1.08939537007279,-0.025516968404687458,1.7327557357278653,-0.2110959525641372,-1.0090842382723741,4,25,11,6,19
-1.153719104037442,-0.2028437488372633,1.9629529753112496,-0.2110959525641372,-0.9498394928288963,5,25,11,6,19
-1.1261517894811626,-0.08462589521554607,1.5025584961444813,-0.2110959525641372,-0.9379905437401941,6,25,11,6,19
-1.1077735797769763,0.1518098120278884,1.272361256561097,-0.2110959525641372,-0.9261415946515087,7,25,11,6,19
-1.0985844749248832,0.03359195840617116,1.0421640169777129,-0.2824001958759379,-0.8905947473854188,8,25,11,6,19
-1.0985844749248832,-0.1437348220264047,2.078051595102942,-0.2824001958759379,-0.8550479001193287,9,25,11,6,19
-1.1077735797769763,-0.3801705292698392,1.9629529753112496,1.6348916798413717,-0.8550479001193287,10,25,11,6,23
-1.1169626846290694,-0.4392794560806978,2.3082488346863257,1.6348916798413717,-0.9142926455628064,11,25,11,6,37
-1.1445299991853488,-0.6166062365132736,2.078051595102942,1.6348916798413717,-0.9972352891836886,12,25,11,6,1
-1.1445299991853488,-0.7348240901349908,1.9629529753112496,1.6348916798413717,-1.0209331873610763,13,25,11,6,1
-1.1812864185937215,-0.9121508705675667,1.7327557357278653,1.6348916798413717,-0.9853863400949864,14,25,11,6,23
-1.2364210477062803,-1.030368724189284,1.5025584961444813,1.6348916798413717,-0.9853863400949864,15,25,11,6,23
-1.2364210477062803,-0.9712597973784254,1.0421640169777129,1.6348916798413717,-0.9616884419175986,16,25,11,6,23
-1.3191229913751186,-0.9712597973784254,1.0421640169777129,-0.2110959525641372,-0.9261415946515087,17,25,11,6,0
-1.2915556768188392,-0.853041943756708,0.5817695378109445,-0.2110959525641372,-0.8313500019419411,18,25,11,6,0
-1.2456101525583734,-0.6166062365132736,0.8119667773943287,-0.2110959525641372,-0.7839542055871488,19,25,11,6,0
-1.218042838002094,-0.5574973097024151,0.23647367843586825,-0.2110959525641372,-0.7484073583210589,20,25,11,6,23
-1.1812864185937215,-0.4983883828915564,0.00627643885248406,-0.2110959525641372,-0.7010115619662834,21,25,11,6,23
-1.1812864185937215,-0.4392794560806978,-0.22392080073090012,-0.2110959525641372,-0.6891626128775812,22,25,11,6,23
-1.1996646282979078,-0.3801705292698392,0.00627643885248406,-0.2110959525641372,-0.6536157656114912,23,25,11,6,23
-1.162908208889535,-0.025516968404687458,-0.6843152798976685,-0.2110959525641372,-0.6299178674341035,0,26,11,0,23
-1.2088537331500009,0.32913659246046423,-0.9145125194810526,-0.2110959525641372,-0.6180689183454012,1,26,11,0,19
-1.153719104037442,0.03359195840617116,-0.9145125194810526,-0.2110959525641372,-0.5706731219906258,2,26,11,0,19
-1.08939537007279,0.09270088521702978,-0.9145125194810526,-0.2110959525641372,-0.5114283765471314,3,26,11,0,1
-1.08939537007279,0.03359195840617116,-0.6843152798976685,-0.2110959525641372,-0.46403258019235594,4,26,11,0,1
-1.1904755234458146,-0.3210616024589805,-0.22392080073090012,-0.2110959525641372,-0.392938885660176,5,26,11,0,1
-1.2364210477062803,-0.3801705292698392,-0.4541180403142843,-0.2110959525641372,-0.3336941402166983,6,26,11,0,1
-1.1996646282979078,-0.2028437488372633,-0.4541180403142843,-0.2110959525641372,-0.17965780206363616,7,26,11,0,1
-1.2088537331500009,-0.025516968404687458,0.4666709180192524,-0.2824001958759379,-0.025621463910590857,8,26,11,0,19
-1.2456101525583734,-0.4983883828915564,0.23647367843586825,1.6348916798413717,0.10471697606506675,9,26,11,0,19
-1.273177467114653,-0.7939330169458495,0.4666709180192524,1.6348916798413717,0.23505541604072436,10,26,11,0,0
-1.2364210477062803,-0.9121508705675667,0.8119667773943287,1.6348916798413717,0.294300161484202,11,26,11,0,0
-1.2088537331500009,-1.0894776510001425,1.0421640169777129,1.6348916798413717,0.329847008750292,12,26,11,0,19
-1.2088537331500009,-1.1485865778110012,1.0421640169777129,1.6348916798413717,0.34169595783899426,13,26,11,0,0
-1.273177467114653,-1.3259133582435771,1.0421640169777129,1.6348916798413717,0.3890917541937697,14,26,11,0,0
-1.1445299991853488,-1.030368724189284,1.272361256561097,1.6348916798413717,0.5075812450807419,15,26,11,0,0
-1.0618280555165105,-0.5574973097024151,1.0421640169777129,1.6348916798413717,0.6023728377903095,16,26,11,0,0
-1.1077735797769763,-0.3801705292698392,0.5817695378109445,-0.2110959525641372,0.7327112777659671,17,26,11,0,0
-1.1077735797769763,-0.2619526756481219,0.5817695378109445,-0.2110959525641372,0.8275028704755347,18,26,11,0,0
-1.153719104037442,-0.3210616024589805,0.00627643885248406,-0.2110959525641372,0.8985965650077147,19,26,11,0,0
-1.153719104037442,-0.08462589521554607,-0.22392080073090012,-0.2110959525641372,0.9459923613624901,20,26,11,0,0
-1.1812864185937215,0.683790153325616,-0.9145125194810526,-0.2110959525641372,0.9696902595398946,21,26,11,0,0
-1.1169626846290694,0.2700276656496056,-1.7202028580228972,-0.2110959525641372,1.0052371068059847,22,26,11,0,0
-1.1261517894811626,0.3882455192713229,-1.259808378856129,-0.2110959525641372,1.05263290316076,23,26,11,0,0
-1.1445299991853488,0.8611169337581918,-1.259808378856129,-0.2110959525641372,1.08817975042685,0,27,11,1,0
-1.2456101525583734,1.0384437141907676,-1.259808378856129,-0.2110959525641372,1.1000286995155522,1,27,11,1,0
-1.08939537007279,0.9793347873799091,-1.259808378856129,-0.2110959525641372,1.1711223940477322,2,27,11,1,19
-1.0158825312560449,0.9202258605690504,-0.9145125194810526,-0.2110959525641372,1.1592734449590298,3,27,11,1,1
-0.9791261118476722,0.6246812265147573,-0.9145125194810526,-0.2110959525641372,1.1355755467816422,4,27,11,1,1
-1.0618280555165105,0.1518098120278884,-0.9145125194810526,-0.2110959525641372,1.1474244958703277,5,27,11,1,1
-1.034260740960231,0.2700276656496056,-1.0296111392727447,-0.2110959525641372,1.1711223940477322,6,27,11,1,1
-1.0434498458123243,0.210918738838747,-0.6843152798976685,-0.2824001958759379,1.1829713431364175,7,27,11,1,23
-1.0066934264039518,0.6246812265147573,-0.6843152798976685,-0.2824001958759379,1.3014608340233897,8,27,11,1,23
-1.0250716361081378,0.2700276656496056,-0.6843152798976685,-0.2824001958759379,1.2777629358459852,9,27,11,1,23
-0.9515587972913927,0.1518098120278884,-0.6843152798976685,-0.2824001958759379,1.3607055794668674,10,27,11,1,23
-0.9515587972913927,-0.08462589521554607,-1.0296111392727447,-0.2824001958759379,1.3607055794668674,11,27,11,1,23
-0.9148023778830202,-0.4392794560806978,-1.259808378856129,-0.2824001958759379,1.3133097831120752,12,27,11,1,19
-0.8964241681788339,-0.6166062365132736,-0.9145125194810526,-0.2824001958759379,1.2659139867572997,13,27,11,1,19
-0.8688568536225545,-0.5574973097024151,-1.0296111392727447,-0.2824001958759379,1.2185181904025075,14,27,11,1,19
-0.8596677487704613,-0.5574973097024151,-0.9145125194810526,-0.2824001958759379,1.2066692413138054,15,27,11,1,19
-0.8688568536225545,-0.3210616024589805,-0.9145125194810526,-0.2824001958759379,1.2185181904025075,16,27,11,1,0
-0.8780459584746476,0.1518098120278884,-1.0296111392727447,-0.2110959525641372,1.23036713949121,17,27,11,1,0
-0.8780459584746476,0.32913659246046423,-1.259808378856129,-0.2110959525641372,1.3014608340233897,18,27,11,1,0
-0.8504786439183681,0.3882455192713229,-1.0296111392727447,-0.2110959525641372,1.3133097831120752,19,27,11,1,0
-0.9239914827351133,0.7428990801364745,-1.0296111392727447,-0.2110959525641372,1.2896118849346876,20,27,11,1,0
-0.8321004342141819,0.5655722997038988,-0.9145125194810526,-0.2110959525641372,1.2777629358459852,21,27,11,1,19
-0.7861549099537162,0.8611169337581918,-0.9145125194810526,-0.2110959525641372,1.2422160885798952,22,27,11,1,23
-0.8321004342141819,0.8020080069473332,-0.9145125194810526,-0.2110959525641372,1.2066692413138054,23,27,11,1,23
-0.8045331196579024,0.9202258605690504,-0.9145125194810526,-0.2110959525641372,1.1592734449590298,0,28,11,2,19
-0.7861549099537162,1.0975526410016263,-1.0296111392727447,-0.2110959525641372,1.1118776486042377,1,28,11,2,19
-0.7953440148058093,0.9202258605690504,-1.259808378856129,-0.2110959525641372,1.1118776486042377,2,28,11,2,23
-0.776965805101623,0.9202258605690504,-0.4541180403142843,-0.2110959525641372,1.0763308013381476,3,28,11,2,23
-0.7402093856932505,1.0384437141907676,-1.259808378856129,-0.2110959525641372,1.0407839540720745,4,28,11,2,23
-0.6942638614327847,1.156661567812485,-0.9145125194810526,-0.2110959525641372,1.0289350049833723,5,28,11,2,1
-0.7126420711369709,1.156661567812485,-0.4541180403142843,-0.2110959525641372,0.9933881577172823,6,28,11,2,1
-0.721831175989064,1.0384437141907676,-0.6843152798976685,-0.2824001958759379,0.9578413104511924,7,28,11,2,1
-0.6942638614327847,1.156661567812485,-1.259808378856129,-0.2824001958759379,0.9459923613624901,8,28,11,2,1
-0.5472381837992943,0.9793347873799091,-1.0296111392727447,-0.2824001958759379,0.874898666830327,9,28,11,2,23
-0.6115619177639463,0.3882455192713229,-1.259808378856129,-0.2824001958759379,0.839351819564237,10,28,11,2,23
-0.6207510226160394,0.210918738838747,-1.0296111392727447,-0.2824001958759379,0.7208623286772649,11,28,11,2,1
-0.8229113293620888,-0.5574973097024151,-0.6843152798976685,-0.2824001958759379,0.5905238887016072,12,28,11,2,1
-0.6299401274681325,-0.2028437488372633,0.5817695378109445,-0.6626894935388755,0.49573229599203955,13,28,11,2,1
-0.3542669819053383,1.0975526410016263,0.4666709180192524,-1.9382431794499786,0.4364875505485619,14,28,11,2,37
-0.30832145764487257,1.5704240554884952,0.00627643885248406,-2.001624729060468,0.37724280510508423,15,28,11,2,37
-0.3175105624969657,1.3339883482450607,0.5817695378109445,-1.6847169810080203,0.37724280510508423,16,28,11,2,37
-0.2991323527927794,1.452206201866778,0.8119667773943287,-1.8114800802289992,0.36539385601638197,17,28,11,2,35
-0.28994324794068627,1.3339883482450607,1.0421640169777129,-1.5579538817870409,0.3535449069276797,18,28,11,2,35
-0.2991323527927794,1.2157704946233434,0.8119667773943287,-1.1697418904227923,0.3535449069276797,19,28,11,2,37
-0.3175105624969657,1.2157704946233434,0.5817695378109445,-0.9162156919808337,0.36539385601638197,20,28,11,2,37
-0.4094016110178971,1.0384437141907676,1.0421640169777129,-0.9162156919808337,0.3890917541937697,21,28,11,2,37
-0.7953440148058093,-0.025516968404687458,1.7327557357278653,-0.2110959525641372,0.4720343978146519,22,28,11,2,23
-0.9239914827351133,0.09270088521702978,0.5817695378109445,-0.2110959525641372,0.6023728377903095,23,28,11,2,19
-1.0250716361081378,0.1518098120278884,1.5025584961444813,-0.2110959525641372,0.6734665323224894,0,29,11,3,0
-1.2088537331500009,-0.1437348220264047,0.8119667773943287,-0.2110959525641372,0.7801070741207425,1,29,11,3,0
-1.3283120962272117,-0.2028437488372633,0.23647367843586825,-0.2110959525641372,0.8867476159190124,2,29,11,3,0
-1.355879410783491,0.03359195840617116,0.23647367843586825,-0.2110959525641372,0.9696902595398946,3,29,11,3,0
-1.3742576204876775,0.32913659246046423,-0.6843152798976685,-0.2110959525641372,0.9578413104511924,4,29,11,3,0
-1.3099338865230254,0.5655722997038988,-1.0296111392727447,-0.2110959525641372,0.9459923613624901,5,29,11,3,19
-1.1720973137416282,0.2700276656496056,-0.22392080073090012,-0.2110959525641372,0.9341434122738046,6,29,11,3,23
-1.2088537331500009,-0.1437348220264047,-0.4541180403142843,-0.2824001958759379,0.8985965650077147,7,29,11,3,1
-0.9975043215518585,0.5064633728930401,-0.22392080073090012,-0.6626894935388755,0.8512007686529224,8,29,11,3,35
-0.8780459584746476,0.9202258605690504,0.4666709180192524,-1.4232680888647506,0.7327112777659671,9,29,11,3,35
-0.8596677487704613,1.0384437141907676,0.5817695378109445,-1.8114800802289992,0.6023728377903095,10,29,11,3,35
-0.7126420711369709,1.2157704946233434,0.00627643885248406,-0.6626894935388755,0.4838833469033373,11,29,11,3,35
-0.6207510226160394,0.9793347873799091,0.00627643885248406,-1.6847169810080203,0.3535449069276797,12,29,11,3,35
-0.5472381837992943,1.0975526410016263,0.23647367843586825,-0.2824001958759379,0.329847008750292,13,29,11,3,35
-0.5380490789472011,0.9202258605690504,0.8119667773943287,-0.2824001958759379,0.329847008750292,14,29,11,3,35
-0.6575074420244121,0.6246812265147573,0.8119667773943287,-0.2824001958759379,0.4127896523711742,15,29,11,3,35
-0.7310202808411573,0.3882455192713229,0.00627643885248406,-0.2824001958759379,0.5312791432581295,16,29,11,3,1
-0.9975043215518585,-0.2619526756481219,1.0421640169777129,-0.2110959525641372,0.6853154814111748,17,29,11,3,1
-1.3191229913751186,-0.7348240901349908,1.5025584961444813,-0.2110959525641372,0.8630497177416248,18,29,11,3,37
-1.3283120962272117,-0.5574973097024151,0.8119667773943287,-0.2110959525641372,1.0052371068059847,19,29,11,3,1
-1.346690305931398,-0.3801705292698392,0.5817695378109445,-0.2110959525641372,1.2185181904025075,20,29,11,3,1
-1.3650685156355844,-0.2619526756481219,0.4666709180192524,-0.2110959525641372,1.3370076812894798,21,29,11,3,1
-1.5212832981211677,-0.4983883828915564,0.23647367843586825,-0.2110959525641372,1.4673461212651373,22,29,11,3,23
-1.6407416611983785,-0.3210616024589805,0.5817695378109445,-0.2110959525641372,1.6213824594181827,23,29,11,3,19
-1.7142545000151237,-0.2028437488372633,0.4666709180192524,-0.2110959525641372,1.739871950305138,0,30,11,4,0
-1.7510109194234962,0.09270088521702978,-0.6843152798976685,-0.2110959525641372,1.8346635430147056,1,30,11,4,0
-1.7877673388318687,0.5064633728930401,-1.0296111392727447,-0.2110959525641372,1.9768509320790655,2,30,11,4,0
-1.7693891291276824,0.210918738838747,-1.259808378856129,-0.2110959525641372,2.0479446266112453,3,30,11,4,0
-1.796956443683962,0.03359195840617116,-1.259808378856129,-0.2110959525641372,2.0953404229660206,4,30,11,4,0
-1.796956443683962,0.4473544460821815,-1.0296111392727447,-0.2110959525641372,2.1901320156756054,5,30,11,4,0
-1.7602000242755895,0.3882455192713229,-0.6843152798976685,-0.2110959525641372,2.2612257102077686,6,30,11,4,19
-1.8245237582402414,0.2700276656496056,-0.6843152798976685,-0.2824001958759379,2.3441683538286506,7,30,11,4,19
-1.7693891291276824,0.32913659246046423,-0.22392080073090012,1.6348916798413717,2.4508088956269205,8,30,11,4,19
-1.7050653951630306,0.2700276656496056,-0.9145125194810526,1.6348916798413717,2.498204691981696,9,30,11,4,19
-1.73263270971931,-0.3210616024589805,-0.4541180403142843,1.6348916798413717,2.545600488336488,10,30,11,4,23
-1.6958762903109377,-0.3801705292698392,-0.6843152798976685,1.6348916798413717,2.5219025901591006,11,30,11,4,23
-1.6315525563462854,-0.3210616024589805,-1.7202028580228972,1.6348916798413717,2.498204691981696,12,30,11,4,23
-1.6315525563462854,-0.3801705292698392,-1.0296111392727447,1.6348916798413717,2.4863557428930103,13,30,11,4,23
-1.668308975754658,-0.4983883828915564,-1.0296111392727447,1.6348916798413717,2.4863557428930103,14,30,11,4,23
-1.6866871854588443,-0.6166062365132736,-0.4541180403142843,1.6348916798413717,2.4745067938043084,15,30,11,4,1
-1.6866871854588443,-0.5574973097024151,-0.4541180403142843,-0.2824001958759379,2.498204691981696,16,30,11,4,1
-1.668308975754658,-0.4392794560806978,0.00627643885248406,-0.2110959525641372,2.545600488336488,17,30,11,4,1
-1.6591198709025647,-0.3210616024589805,-0.22392080073090012,-0.2110959525641372,2.5929962846912638,18,30,11,4,1
-1.6866871854588443,-0.3801705292698392,0.00627643885248406,-0.2110959525641372,2.5929962846912638,19,30,11,4,23
-1.73263270971931,-0.4392794560806978,0.00627643885248406,-0.2110959525641372,2.616694182868668,20,30,11,4,1
-1.7877673388318687,-0.4983883828915564,0.4666709180192524,-0.2110959525641372,2.6640899792234434,21,30,11,4,19
-1.7785782339797758,-0.3801705292698392,0.4666709180192524,-0.2110959525641372,2.652241030134758,22,30,11,4,19
-1.7142545000151237,-0.1437348220264047,0.23647367843586825,-0.2110959525641372,2.6048452337799657,23,30,11,4,19
-1.7234436048672168,-0.2028437488372633,-0.6843152798976685,-0.2110959525641372,2.616694182868668,0,1,12,5,0
-1.7510109194234962,-0.2028437488372633,-0.22392080073090012,-0.2110959525641372,2.6048452337799657,1,1,12,5,19
-1.7510109194234962,-0.2028437488372633,0.5817695378109445,-0.2110959525641372,2.5574494374251735,2,1,12,5,19
-1.677498080606751,0.5655722997038988,0.00627643885248406,-0.2110959525641372,2.6285431319573536,3,1,12,5,19
-1.6223634514941923,0.5064633728930401,0.23647367843586825,-0.2110959525641372,2.569298386513876,4,1,12,5,23
-1.5764179272337266,0.7428990801364745,0.5817695378109445,-0.2110959525641372,2.533751539247786,5,1,12,5,23
-1.6131743466420991,0.5655722997038988,1.272361256561097,-0.2110959525641372,2.5219025901591006,6,1,12,5,23
-1.539661507825354,0.683790153325616,1.0421640169777129,-0.2824001958759379,2.533751539247786,7,1,12,5,1
-1.6407416611983785,0.1518098120278884,0.4666709180192524,-0.2824001958759379,2.5811473356025783,8,1,12,5,23
-1.6958762903109377,-0.1437348220264047,1.0421640169777129,-0.2824001958759379,2.5219025901591006,9,1,12,5,1
-1.677498080606751,0.03359195840617116,1.0421640169777129,-0.2824001958759379,2.5219025901591006,10,1,12,5,1
-1.6223634514941923,0.03359195840617116,0.5817695378109445,-0.2824001958759379,2.4034130992721283,11,1,12,5,1
-1.5764179272337266,-0.08462589521554607,1.0421640169777129,-0.2824001958759379,2.2730746592964706,12,1,12,5,1
-1.5764179272337266,-0.2619526756481219,0.8119667773943287,-0.2824001958759379,2.1901320156756054,13,1,12,5,1
-1.4845268787127952,-0.08462589521554607,0.8119667773943287,-0.2824001958759379,2.1427362193208133,14,1,12,5,1
-1.4753377738607019,-0.08462589521554607,0.23647367843586825,-0.2824001958759379,2.1190383211434254,15,1,12,5,1
-1.3742576204876775,0.1518098120278884,0.5817695378109445,-0.2824001958759379,2.0953404229660206,16,1,12,5,1
-1.3375012010793048,0.1518098120278884,0.5817695378109445,-0.6626894935388755,1.9886998811677679,17,1,12,5,35
-1.273177467114653,0.210918738838747,0.4666709180192524,-0.2110959525641372,1.9650019829903633,18,1,12,5,35
-1.2272319428541871,0.2700276656496056,0.23647367843586825,-0.2110959525641372,1.8702103902807956,19,1,12,5,1
-1.153719104037442,0.32913659246046423,0.23647367843586825,-0.2110959525641372,1.775418797571228,20,1,12,5,1
-1.1169626846290694,0.4473544460821815,0.23647367843586825,-0.2110959525641372,1.704325103039048,21,1,12,5,1
-1.0066934264039518,0.5064633728930401,-0.22392080073090012,-0.6626894935388755,1.5502887648860026,22,1,12,5,35
-0.969937006995579,0.6246812265147573,0.4666709180192524,-0.9162156919808337,1.4554971721764351,23,1,12,5,1
-0.905613273030927,0.7428990801364745,0.00627643885248406,-0.2824001958759379,1.3370076812894798,0,2,12,6,1
-0.8596677487704613,0.8611169337581918,0.00627643885248406,-0.2824001958759379,1.2540650376685976,1,2,12,6,1
-0.8321004342141819,0.8611169337581918,0.00627643885248406,-0.2110959525641372,1.1948202922251199,2,2,12,6,1
-0.7677767002495297,0.9793347873799091,-0.22392080073090012,-0.2110959525641372,1.1474244958703277,3,2,12,6,35
-0.721831175989064,1.0384437141907676,-0.22392080073090012,-0.2110959525641372,0.9578413104511924,4,2,12,6,1
-0.7034529662848779,0.9793347873799091,-0.4541180403142843,-0.2110959525641372,0.8275028704755347,5,2,12,6,1
-0.6023728129118533,1.0975526410016263,-0.6843152798976685,-0.2110959525641372,0.7327112777659671,6,2,12,6,1
-0.44615803042626967,1.0975526410016263,-1.0296111392727447,-0.2110959525641372,0.6260707359676971,7,2,12,6,1
-0.01427010237789191,1.0384437141907676,1.5025584961444813,-0.2110959525641372,0.4838833469033373,8,2,12,6,1
0.004108107326294396,0.9793347873799091,1.9629529753112496,-0.2824001958759379,0.34169595783899426,9,2,12,6,1
0.04086452673466697,0.9202258605690504,1.5025584961444813,-0.6626894935388755,0.25875331421811204,10,2,12,6,1
0.05924273643885328,0.8020080069473332,1.5025584961444813,-0.2824001958759379,0.12841487424245446,11,2,12,6,1
0.06843184129094639,0.683790153325616,1.5025584961444813,-0.2824001958759379,-0.061168311176680826,12,2,12,6,25
0.16032288981187784,1.2157704946233434,0.4666709180192524,-1.1697418904227923,-0.19150675115233842,13,2,12,6,24
0.17870109951606414,1.3339883482450607,0.4666709180192524,-1.4232680888647506,-0.27444939477322067,14,2,12,6,28
0.21545751892443676,1.6295329822993538,0.8119667773943287,-1.8114800802289992,-0.357392038394086,15,2,12,6,28
0.21545751892443676,1.6886419091102125,0.5817695378109445,-1.6847169810080203,-0.4403346820149514,16,2,12,6,28
0.22464662377652989,1.7477508359210712,0.23647367843586825,-1.6847169810080203,-0.4758815292810413,17,2,12,6,28
0.2797812528890887,1.8659686895427883,0.00627643885248406,-1.8114800802289992,-0.4758815292810413,18,2,12,6,28
0.3073485674453682,1.925077616353647,0.00627643885248406,-1.9065524046447335,-0.45218363110365367,19,2,12,6,3
0.36248319655792705,1.8659686895427883,-0.22392080073090012,-1.9382431794499786,-0.4403346820149514,20,2,12,6,3
0.3716723014100201,1.8659686895427883,-0.4541180403142843,-1.5579538817870409,-0.4166367838375637,21,2,12,6,7
0.39923961596629964,1.8659686895427883,0.00627643885248406,-1.5579538817870409,-0.40478783474887825,22,2,12,6,3
0.47275245478304484,1.7477508359210712,0.4666709180192524,-1.5579538817870409,-0.392938885660176,23,2,12,6,3
0.4543742450788585,1.6886419091102125,0.00627643885248406,-1.4232680888647506,-0.32184519112799603,0,3,12,0,3
0.3900505111142065,1.5113151286776365,0.8119667773943287,-1.1697418904227923,-0.23890254750713066,1,3,12,0,1
0.2522139383328093,1.3339883482450607,1.5025584961444813,-0.2110959525641372,-0.07301726026538309,2,3,12,0,23
0.031675421882573815,0.9202258605690504,1.272361256561097,-0.2110959525641372,0.19950856877463438,3,3,12,0,23
-0.08778294119463706,0.9793347873799091,-0.22392080073090012,-0.2110959525641372,0.3535449069276797,4,3,12,0,23
-0.1796739897155685,0.9202258605690504,-0.22392080073090012,-0.2110959525641372,0.5075812450807419,5,3,12,0,23
-0.24399772368022055,1.156661567812485,-0.4541180403142843,-0.2110959525641372,0.6260707359676971,6,3,12,0,0
-0.28994324794068627,1.2157704946233434,-0.6843152798976685,-0.2110959525641372,0.768258125032057,7,3,12,0,19
-0.2348086188281274,1.0384437141907676,-0.4541180403142843,-0.2824001958759379,0.8630497177416248,8,3,12,0,19
-0.14291757030719593,0.9202258605690504,-0.4541180403142843,1.6348916798413717,0.9696902595398946,9,3,12,0,23
-0.12453936060300964,0.9202258605690504,-0.22392080073090012,-0.2824001958759379,1.1118776486042377,10,3,12,0,23
-0.13372846545510278,0.9202258605690504,-0.4541180403142843,-0.2824001958759379,1.0763308013381476,11,3,12,0,1
-0.1153502557509165,0.9202258605690504,-0.6843152798976685,-0.2824001958759379,1.0763308013381476,12,3,12,0,1
-0.12453936060300964,0.8611169337581918,-0.6843152798976685,-0.2824001958759379,1.0644818522494623,13,3,12,0,1
-0.16129578001138223,0.683790153325616,-0.22392080073090012,-0.2824001958759379,1.0644818522494623,14,3,12,0,1
-0.14291757030719593,0.8020080069473332,-0.6843152798976685,-0.2824001958759379,1.1000286995155522,15,3,12,0,1
-0.24399772368022055,0.5064633728930401,-1.259808378856129,-0.2824001958759379,1.1355755467816422,16,3,12,0,1
-0.13372846545510278,1.2157704946233434,-1.259808378856129,-0.2110959525641372,1.1592734449590298,17,3,12,0,1
-0.1796739897155685,0.9793347873799091,-1.259808378856129,-0.2110959525641372,1.1592734449590298,18,3,12,0,1
-0.18886309456766168,0.8020080069473332,-1.0296111392727447,-0.2110959525641372,1.1355755467816422,19,3,12,0,1
-0.17048488486347538,0.8611169337581918,-1.7202028580228972,-0.2110959525641372,1.1118776486042377,20,3,12,0,1
-0.12453936060300964,1.156661567812485,-1.0296111392727447,-0.2110959525641372,1.1118776486042377,21,3,12,0,1
-0.1153502557509165,0.9793347873799091,-0.4541180403142843,-0.2110959525641372,1.05263290316076,22,3,12,0,1
-0.13372846545510278,0.9202258605690504,-0.22392080073090012,-0.2110959525641372,1.01708605589467,23,3,12,0,1
-0.1153502557509165,0.9793347873799091,-0.22392080073090012,-0.2110959525641372,1.0289350049833723,0,4,12,1,1
-0.10616115089882336,1.0975526410016263,-0.9145125194810526,-0.2110959525641372,0.9578413104511924,1,4,12,1,1
-0.13372846545510278,0.8611169337581918,-1.0296111392727447,-0.2110959525641372,0.8985965650077147,2,4,12,1,23
-0.12453936060300964,0.9202258605690504,0.4666709180192524,-0.2110959525641372,0.7801070741207425,3,4,12,1,1
-0.1153502557509165,1.2157704946233434,0.5817695378109445,-0.2110959525641372,0.6023728377903095,4,4,12,1,19
-0.09697204604673021,1.3339883482450607,-0.22392080073090012,-0.2110959525641372,0.5549770414355173,5,4,12,1,23
0.004108107326294396,1.274879421434202,0.00627643885248406,-0.2110959525641372,0.42463860145985965,6,4,12,1,1
0.07762094614303955,1.274879421434202,-0.22392080073090012,-0.2110959525641372,0.3535449069276797,7,4,12,1,1
0.12356647040350527,1.274879421434202,-0.6843152798976685,-0.6626894935388755,0.28245121239551657,8,4,12,1,25
0.20626841407234356,1.5113151286776365,-0.4541180403142843,-0.6626894935388755,0.21135751786333665,9,4,12,1,25
0.34410498685374075,1.274879421434202,0.4666709180192524,-0.6626894935388755,0.12841487424245446,10,4,12,1,23
0.47275245478304484,1.0384437141907676,0.23647367843586825,-0.2824001958759379,0.009925383355499112,11,4,12,1,1
0.5278870838956037,0.8020080069473332,0.4666709180192524,-0.2824001958759379,-0.15595990388624847,12,4,12,1,23
0.5370761887476968,0.683790153325616,0.23647367843586825,-0.2824001958759379,-0.2507514965958161,13,4,12,1,1
0.5095088741914173,0.8020080069473332,1.0421640169777129,-0.2824001958759379,-0.3692409874827883,14,4,12,1,1
0.4911306644872311,0.8020080069473332,1.0421640169777129,-0.2824001958759379,-0.46403258019235594,15,4,12,1,1
0.4911306644872311,0.9202258605690504,1.0421640169777129,-0.6626894935388755,-0.48773047836974365,16,4,12,1,1
0.5095088741914173,0.9202258605690504,1.7327557357278653,-0.2110959525641372,-0.5943710201680136,17,4,12,1,1
0.5186979790435104,1.0384437141907676,1.9629529753112496,-0.2110959525641372,-0.6536157656114912,18,4,12,1,1
0.5370761887476968,1.0975526410016263,-0.9145125194810526,-0.2110959525641372,-0.5706731219906258,19,4,12,1,25
0.6013999227123488,1.6295329822993538,0.00627643885248406,-1.1697418904227923,-0.6180689183454012,20,4,12,1,24
0.6565345518249076,1.6295329822993538,-0.6843152798976685,-1.6847169810080203,-0.5825220710793113,21,4,12,1,24
0.6197781324165351,1.7477508359210712,-1.0296111392727447,-1.1697418904227923,-0.5706731219906258,22,4,12,1,24
0.6013999227123488,1.6886419091102125,0.4666709180192524,-1.4232680888647506,-0.4995794274584459,23,4,12,1,24
0.5003197693393242,1.3339883482450607,0.4666709180192524,-1.1697418904227923,-0.5825220710793113,0,5,12,2,24
0.43599603537467224,1.274879421434202,1.7327557357278653,-0.9162156919808337,-0.7128605110549688,1,5,12,2,24
0.41761782567048583,1.3339883482450607,1.0421640169777129,-0.9162156919808337,-0.6536157656114912,2,5,12,2,24
0.3808614062621134,1.5113151286776365,1.0421640169777129,-1.4232680888647506,-0.6180689183454012,3,5,12,2,24
0.20626841407234356,1.0384437141907676,0.00627643885248406,-0.2110959525641372,-0.5943710201680136,4,5,12,2,19
0.14194468010769154,0.9793347873799091,0.23647367843586825,-0.2110959525641372,-0.5114283765471314,5,5,12,2,1
0.013297212178387549,0.8020080069473332,1.0421640169777129,-0.2110959525641372,-0.4403346820149514,6,5,12,2,23
-0.19805219941975483,0.210918738838747,1.7327557357278653,-0.2110959525641372,-0.3692409874827883,7,5,12,2,23
-0.2807541430885931,0.210918738838747,1.272361256561097,-0.2824001958759379,-0.23890254750713066,8,5,12,2,1
-0.3726451916095246,0.09270088521702978,1.272361256561097,-0.2824001958759379,-0.1204130566201585,9,5,12,2,1
-0.400212506165804,0.4473544460821815,1.5025584961444813,-0.6626894935388755,0.04547223062158908,10,5,12,2,27
-0.4645362401304561,0.210918738838747,1.7327557357278653,-0.2824001958759379,0.14026382333115672,11,5,12,2,37
-0.6758856517285983,-0.1437348220264047,1.272361256561097,-0.2824001958759379,0.21135751786333665,12,5,12,2,37
-0.8780459584746476,-0.7939330169458495,1.7327557357278653,-0.2824001958759379,0.28245121239551657,13,5,12,2,23
-0.8504786439183681,-0.6166062365132736,2.3082488346863257,-0.2824001958759379,0.34169595783899426,14,5,12,2,23
-0.9331805875872065,-0.6757151633241323,1.272361256561097,-0.2824001958759379,0.49573229599203955,15,5,12,2,23
-1.0985844749248832,-0.9712597973784254,1.7327557357278653,-0.2824001958759379,0.6260707359676971,16,5,12,2,1
-0.9975043215518585,-0.6757151633241323,1.7327557357278653,-0.2110959525641372,0.7208623286772649,17,5,12,2,1
-0.969937006995579,-0.5574973097024151,0.8119667773943287,-0.2110959525641372,0.839351819564237,18,5,12,2,23
-1.0158825312560449,-0.6166062365132736,1.5025584961444813,-0.2110959525641372,0.9341434122738046,19,5,12,2,35
-1.0250716361081378,-0.5574973097024151,0.4666709180192524,-0.2110959525641372,0.98153920862858,20,5,12,2,23
-1.034260740960231,-0.4392794560806978,1.0421640169777129,-0.2110959525641372,1.0407839540720745,21,5,12,2,23
-1.1077735797769763,-0.7348240901349908,1.272361256561097,-0.2110959525641372,1.1355755467816422,22,5,12,2,23
-1.1261517894811626,-0.7348240901349908,0.5817695378109445,-0.2110959525641372,1.2066692413138054,23,5,12,2,23
-1.1261517894811626,-0.6757151633241323,0.5817695378109445,-0.2110959525641372,1.2422160885798952,0,6,12,3,23
-1.08939537007279,-0.4983883828915564,0.23647367843586825,-0.2110959525641372,1.2659139867572997,1,6,12,3,23
-1.0985844749248832,-0.3801705292698392,0.23647367843586825,-0.2110959525641372,1.372554528555553,2,6,12,3,23
-1.0710171603686036,-0.1437348220264047,0.00627643885248406,-0.2110959525641372,1.4317992739990473,3,6,12,3,23
-1.0618280555165105,0.03359195840617116,-0.4541180403142843,-0.2110959525641372,1.5147419176199128,4,6,12,3,23
-1.1261517894811626,0.210918738838747,-0.6843152798976685,-0.2110959525641372,1.5739866630633905,5,6,12,3,19
-1.1261517894811626,0.32913659246046423,-0.22392080073090012,-0.2110959525641372,1.6569293066842725,6,6,12,3,19
-1.153719104037442,0.32913659246046423,-0.4541180403142843,-0.2824001958759379,1.6806272048616604,7,6,12,3,19
-1.0434498458123243,0.2700276656496056,-0.9145125194810526,-0.2824001958759379,1.739871950305138,8,6,12,3,19
-1.0526389506644174,-0.08462589521554607,-0.6843152798976685,1.6348916798413717,1.7517208993938402,9,6,12,3,23
-1.0066934264039518,-0.2028437488372633,-0.22392080073090012,1.6348916798413717,1.7872677466599303,10,6,12,3,23
-1.0526389506644174,-0.5574973097024151,-0.22392080073090012,1.6348916798413717,1.668778255772958,11,6,12,3,19
-1.0985844749248832,-0.6757151633241323,-1.0296111392727447,1.6348916798413717,1.562137713974705,12,6,12,3,19
-0.9975043215518585,-0.5574973097024151,-0.9145125194810526,1.6348916798413717,1.4436482230877328,13,6,12,3,19
-1.034260740960231,-0.7348240901349908,-0.22392080073090012,1.6348916798413717,1.372554528555553,14,6,12,3,19
-0.9607479021434859,-0.4392794560806978,-0.4541180403142843,1.6348916798413717,1.3370076812894798,15,6,12,3,19
-0.9607479021434859,0.03359195840617116,-0.9145125194810526,1.6348916798413717,1.2540650376685976,16,6,12,3,19
-0.9331805875872065,0.09270088521702978,-0.9145125194810526,-0.2110959525641372,1.2422160885798952,17,6,12,3,19
-0.8596677487704613,0.32913659246046423,-0.22392080073090012,-0.2110959525641372,1.1948202922251199,18,6,12,3,23
-0.9148023778830202,0.210918738838747,-0.6843152798976685,-0.2110959525641372,1.1829713431364175,19,6,12,3,23
-0.9148023778830202,-0.08462589521554607,-0.9145125194810526,-0.2110959525641372,1.0644818522494623,20,6,12,3,23
-0.8780459584746476,-0.025516968404687458,-0.4541180403142843,-0.2110959525641372,0.98153920862858,21,6,12,3,1
-0.8964241681788339,-0.1437348220264047,0.23647367843586825,-0.2110959525641372,0.8867476159190124,22,6,12,3,1
-0.7861549099537162,0.09270088521702978,-0.9145125194810526,-0.2110959525641372,0.8038049722981471,23,6,12,3,23
-0.776965805101623,0.210918738838747,-0.22392080073090012,-0.2110959525641372,0.7327112777659671,0,7,12,4,23
-0.7585875953974367,0.32913659246046423,-0.9145125194810526,-0.2110959525641372,0.6260707359676971,1,7,12,4,23
-0.721831175989064,0.3882455192713229,-0.6843152798976685,-0.2110959525641372,0.5431280923468318,2,7,12,4,19
-0.721831175989064,0.5655722997038988,-0.6843152798976685,-0.2110959525641372,0.4838833469033373,3,7,12,4,19
-0.7585875953974367,0.7428990801364745,-0.4541180403142843,-0.2110959525641372,0.3890917541937697,4,7,12,4,23
-0.7402093856932505,0.6246812265147573,-0.4541180403142843,-0.2110959525641372,0.294300161484202,5,7,12,4,23
-0.7402093856932505,0.8611169337581918,-0.9145125194810526,-0.2110959525641372,0.25875331421811204,6,7,12,4,1
-0.721831175989064,0.9202258605690504,-0.4541180403142843,-0.2824001958759379,0.294300161484202,7,7,12,4,23
-0.7310202808411573,1.0384437141907676,-0.9145125194810526,-0.2824001958759379,0.28245121239551657,8,7,12,4,1
-0.6666965468765051,0.8611169337581918,-0.9145125194810526,-0.2824001958759379,0.3179980596615897,9,7,12,4,23
-0.7677767002495297,-0.4392794560806978,-0.6843152798976685,1.6348916798413717,0.24690436512942662,10,7,12,4,23
-0.6942638614327847,-0.6166062365132736,-1.259808378856129,1.6348916798413717,0.2232064669520221,11,7,12,4,23
-0.6942638614327847,-0.6757151633241323,-1.259808378856129,-0.2824001958759379,0.1758106705972467,12,7,12,4,1
-0.6299401274681325,-0.6757151633241323,-1.0296111392727447,1.6348916798413717,0.11656592515376903,13,7,12,4,1
-0.6299401274681325,-0.7348240901349908,-0.4541180403142843,1.6348916798413717,0.04547223062158908,14,7,12,4,1
-0.5380490789472011,-0.4983883828915564,-0.4541180403142843,1.6348916798413717,0.06917012879897678,15,7,12,4,1
-0.5839946032076668,-0.4983883828915564,-0.6843152798976685,-0.2824001958759379,0.09286802697636448,16,7,12,4,1
-0.5380490789472011,-0.2028437488372633,-0.4541180403142843,-0.2110959525641372,0.10471697606506675,17,7,12,4,1
-0.5564272886513875,-0.08462589521554607,-0.9145125194810526,-0.2110959525641372,0.09286802697636448,18,7,12,4,23
-0.5380490789472011,-0.025516968404687458,-1.0296111392727447,-0.2110959525641372,0.14026382333115672,19,7,12,4,1
-0.5196708692430149,0.03359195840617116,-1.259808378856129,-0.2110959525641372,0.152112772419859,20,7,12,4,1
-0.5196708692430149,0.09270088521702978,-1.0296111392727447,-0.2110959525641372,0.152112772419859,21,7,12,4,1
-0.4645362401304561,0.210918738838747,-1.259808378856129,-0.2110959525641372,0.16396172150854443,22,7,12,4,1
-0.43696892557417655,0.5064633728930401,-1.259808378856129,-0.6626894935388755,0.19950856877463438,23,7,12,4,35
-0.3634560867574314,0.683790153325616,-1.259808378856129,-0.2110959525641372,0.1758106705972467,0,8,12,5,35
-0.3542669819053383,0.683790153325616,-1.0296111392727447,-0.2110959525641372,0.14026382333115672,1,8,12,5,1
-0.4094016110178971,0.4473544460821815,-0.9145125194810526,-0.2110959525641372,0.14026382333115672,2,8,12,5,1
-0.3726451916095246,0.5655722997038988,-1.0296111392727447,-0.2110959525641372,0.152112772419859,3,8,12,5,1
-0.3450778770532451,0.5655722997038988,-1.7202028580228972,-0.2110959525641372,0.09286802697636448,4,8,12,5,1
-0.32669966734905886,0.5655722997038988,-0.6843152798976685,-0.2110959525641372,0.021774332444184544,5,8,12,5,1
-0.20724130427184798,1.0975526410016263,-0.6843152798976685,-0.2110959525641372,-0.0019235657332031574,6,8,12,5,1
-0.14291757030719593,1.3930972750559194,-1.0296111392727447,-1.5579538817870409,0.04547223062158908,7,8,12,5,7
-0.08778294119463706,1.452206201866778,-0.9145125194810526,-1.6847169810080203,0.009925383355499112,8,8,12,5,28
-0.06940473149045077,1.5704240554884952,-0.4541180403142843,-1.8114800802289992,-0.08486620935406852,9,8,12,5,28
-0.04183741693417133,1.452206201866778,-0.4541180403142843,-1.5579538817870409,-0.1204130566201585,10,8,12,5,28
-0.09697204604673021,1.6295329822993538,0.23647367843586825,-1.5579538817870409,-0.2626004456845184,11,8,12,5,28
-0.08778294119463706,1.6886419091102125,0.00627643885248406,-1.8114800802289992,-0.3692409874827883,12,8,12,5,28
-0.1153502557509165,1.6886419091102125,0.23647367843586825,-1.9065524046447335,-0.5469752238132213,13,8,12,5,28
-0.12453936060300964,1.5704240554884952,0.00627643885248406,-1.6847169810080203,-0.6299178674341035,14,8,12,5,28
-0.14291757030719593,1.5113151286776365,0.23647367843586825,-1.8114800802289992,-0.6773136637888789,15,8,12,5,28
-0.16129578001138223,1.5113151286776365,0.23647367843586825,-1.8114800802289992,-0.6654647147001934,16,8,12,5,28
-0.1796739897155685,1.5113151286776365,-0.6843152798976685,-1.5579538817870409,-0.7010115619662834,17,8,12,5,28
-0.18886309456766168,1.6886419091102125,-0.6843152798976685,-1.6847169810080203,-0.606219969256699,18,8,12,5,28
-0.21643040912394107,1.6295329822993538,-0.6843152798976685,-1.6847169810080203,-0.5232773256358336,19,8,12,5,28
-0.20724130427184798,1.6886419091102125,-0.6843152798976685,-1.6847169810080203,-0.45218363110365367,20,8,12,5,28
-0.20724130427184798,1.6886419091102125,-0.6843152798976685,-1.6847169810080203,-0.3810899365714737,21,8,12,5,33
-0.1796739897155685,1.6886419091102125,-0.22392080073090012,-1.6847169810080203,-0.2507514965958161,22,8,12,5,7
-0.1796739897155685,1.6295329822993538,0.23647367843586825,-1.5579538817870409,-0.10856410753147307,23,8,12,5,3
-0.17048488486347538,1.5704240554884952,0.5817695378109445,-1.4232680888647506,0.021774332444184544,0,9,12,6,7
-0.17048488486347538,1.452206201866778,0.23647367843586825,-0.9162156919808337,0.19950856877463438,1,9,12,6,1
-0.22561951397603425,1.2157704946233434,0.23647367843586825,-0.6626894935388755,0.37724280510508423,2,9,12,6,1
-0.2807541430885931,1.156661567812485,0.23647367843586825,-0.2110959525641372,0.49573229599203955,3,9,12,6,19
-0.2623759333844068,1.2157704946233434,-0.22392080073090012,-0.2110959525641372,0.6379196850563994,4,9,12,6,23
-0.3175105624969657,1.0975526410016263,0.00627643885248406,-0.2110959525641372,0.7919560232094448,5,9,12,6,1
-0.3726451916095246,1.0384437141907676,-0.4541180403142843,-0.2110959525641372,0.9341434122738046,6,9,12,6,1
-0.44615803042626967,0.9202258605690504,0.5817695378109445,-0.2824001958759379,1.1474244958703277,7,9,12,6,1
-0.5012926595388286,0.9793347873799091,-0.4541180403142843,-0.2824001958759379,1.3133097831120752,8,9,12,6,1
-0.5931837080597601,0.7428990801364745,0.5817695378109445,-0.2824001958759379,1.4081013758216427,9,9,12,6,1
-0.648318337172319,0.7428990801364745,0.5817695378109445,-0.2824001958759379,1.5384398157973005,10,9,12,6,1
-0.6758856517285983,0.683790153325616,0.23647367843586825,-0.2824001958759379,1.5384398157973005,11,9,12,6,1
-0.7034529662848779,0.683790153325616,0.23647367843586825,-1.1697418904227923,1.5028929685312105,12,9,12,6,37
-0.7310202808411573,0.683790153325616,-0.6843152798976685,-0.2824001958759379,1.4554971721764351,13,9,12,6,1
-0.7034529662848779,0.683790153325616,-0.9145125194810526,-0.2824001958759379,1.4554971721764351,14,9,12,6,1
-0.6850747565806916,0.7428990801364745,-1.0296111392727447,-0.2824001958759379,1.5147419176199128,15,9,12,6,1
-0.7126420711369709,0.5064633728930401,-1.259808378856129,-0.2824001958759379,1.491044019442525,16,9,12,6,1
-0.7585875953974367,0.210918738838747,0.00627643885248406,-0.2110959525641372,1.491044019442525,17,9,12,6,1
-0.776965805101623,0.210918738838747,0.4666709180192524,-0.2110959525641372,1.4199503249103451,18,9,12,6,1
-0.8045331196579024,0.210918738838747,0.8119667773943287,-0.2824001958759379,1.384403477644255,19,9,12,6,1
-0.8964241681788339,0.09270088521702978,1.5025584961444813,-0.2110959525641372,1.2540650376685976,20,9,12,6,1
-0.8321004342141819,0.32913659246046423,0.5817695378109445,-0.2110959525641372,1.01708605589467,21,9,12,6,1
-0.9883152166997653,-0.025516968404687458,1.5025584961444813,-0.2110959525641372,0.8630497177416248,22,9,12,6,1
-1.0250716361081378,0.03359195840617116,1.9629529753112496,-0.2110959525641372,0.6971644304998771,23,9,12,6,1
-0.9791261118476722,0.32913659246046423,0.5817695378109445,-0.2110959525641372,0.5786749396129218,0,10,12,0,1
-0.8045331196579024,1.3930972750559194,1.9629529753112496,-2.0650062786709578,0.3061491105729043,1,10,12,0,35
-0.8045331196579024,1.274879421434202,2.078051595102942,-1.874861629839489,0.05732117971027451,2,10,12,0,35
-0.776965805101623,1.274879421434202,2.078051595102942,-1.9699339542552232,-0.10856410753147307,3,10,12,0,42
-0.6391292323202259,1.452206201866778,1.5025584961444813,-1.9065524046447335,-0.3810899365714737,4,10,12,0,9
-0.4921035546867354,1.5704240554884952,2.078051595102942,-1.874861629839489,-0.5943710201680136,5,10,12,0,9
-0.3175105624969657,1.5113151286776365,0.8119667773943287,-1.5579538817870409,-0.8905947473854188,6,10,12,0,14
-0.2348086188281274,1.5113151286776365,0.4666709180192524,-1.5579538817870409,-1.1394226782480317,7,10,12,0,28
-0.16129578001138223,1.5704240554884952,0.23647367843586825,-1.6847169810080203,-1.2697611182236892,8,10,12,0,20
-0.09697204604673021,1.6295329822993538,0.4666709180192524,-1.6847169810080203,-1.5067400999976168,9,10,12,0,28
-0.08778294119463706,1.6886419091102125,0.23647367843586825,-2.001624729060468,-1.6015316927071845,10,10,12,0,28
-0.09697204604673021,1.7477508359210712,0.00627643885248406,-1.9382431794499786,-1.7200211835941566,11,10,12,0,28
-0.16129578001138223,1.6886419091102125,0.00627643885248406,-1.8114800802289992,-1.9096043690132918,12,10,12,0,3
-0.20724130427184798,1.8068597627319296,0.4666709180192524,-2.001624729060468,-2.028093859900247,13,10,12,0,28
-0.2531868285323137,1.8068597627319296,0.00627643885248406,-2.001624729060468,-2.051791758077652,14,10,12,0,28
-0.2807541430885931,1.6886419091102125,-0.6843152798976685,-1.874861629839489,-2.028093859900247,15,10,12,0,3
-0.2807541430885931,1.6886419091102125,-1.0296111392727447,-1.874861629839489,-1.9451512162793818,16,10,12,0,28
-0.2623759333844068,1.7477508359210712,-1.259808378856129,-1.8114800802289992,-1.9333022671906797,17,10,12,0,28
-0.13372846545510278,1.7477508359210712,0.00627643885248406,-1.1697418904227923,-1.7555680308602466,18,10,12,0,1
-0.15210667515928908,1.274879421434202,0.8119667773943287,-0.2110959525641372,-1.7911148781263198,19,10,12,0,1
-0.2807541430885931,0.8020080069473332,1.0421640169777129,-0.2110959525641372,-1.7437190817715442,20,10,12,0,1
-0.3542669819053383,0.6246812265147573,1.0421640169777129,-0.2110959525641372,-1.6844743363280665,21,10,12,0,1
-0.3542669819053383,0.7428990801364745,0.5817695378109445,-0.2110959525641372,-1.5659848454410945,22,10,12,0,1
-0.4277798207220834,0.683790153325616,0.5817695378109445,-0.2110959525641372,-1.5067400999976168,23,10,12,0,23
-0.48291444983464227,0.6246812265147573,0.23647367843586825,-0.2110959525641372,-1.376401660021959,0,11,12,1,1
-0.5656163935034806,0.5655722997038988,1.5025584961444813,-0.2110959525641372,-1.257912169135004,1,11,12,1,1
-0.7126420711369709,0.3882455192713229,0.8119667773943287,-0.2110959525641372,-1.1394226782480317,2,11,12,1,23
-0.7861549099537162,0.5655722997038988,1.0421640169777129,-0.2110959525641372,-0.9261415946515087,3,11,12,1,23
-0.969937006995579,0.5064633728930401,0.5817695378109445,-0.2110959525641372,-0.795803154675851,4,11,12,1,19
-1.1169626846290694,0.4473544460821815,0.23647367843586825,-0.2110959525641372,-0.6417668165227889,5,11,12,1,19
-1.1812864185937215,0.683790153325616,0.00627643885248406,-0.2110959525641372,-0.5114283765471314,6,11,12,1,19
-1.2915556768188392,0.5064633728930401,0.00627643885248406,-0.2824001958759379,-0.32184519112799603,7,11,12,1,19
-1.3375012010793048,0.4473544460821815,0.23647367843586825,-0.2824001958759379,-0.16780885297495074,8,11,12,1,19
-1.3375012010793048,0.2700276656496056,0.4666709180192524,-0.2824001958759379,-0.025621463910590857,9,11,12,1,19
-1.3375012010793048,0.03359195840617116,-0.6843152798976685,-0.2824001958759379,0.08101907788767905,10,11,12,1,19
-1.355879410783491,-0.2028437488372633,-0.9145125194810526,-0.2824001958759379,0.05732117971027451,11,11,12,1,19
-1.3742576204876775,-0.3801705292698392,-0.4541180403142843,-0.2824001958759379,0.09286802697636448,12,11,12,1,19
-1.2547992574104665,-0.1437348220264047,0.23647367843586825,-0.2824001958759379,0.152112772419859,13,11,12,1,19
-1.2456101525583734,-0.2028437488372633,0.23647367843586825,-0.2824001958759379,0.18765961968593212,14,11,12,1,19
-1.2915556768188392,-0.2028437488372633,-0.22392080073090012,-0.2824001958759379,0.28245121239551657,15,11,12,1,0
-1.3007447816709323,-0.1437348220264047,0.00627643885248406,-0.2824001958759379,0.3535449069276797,16,11,12,1,0
-1.3099338865230254,0.03359195840617116,-0.4541180403142843,-0.2824001958759379,0.4720343978146519,17,11,12,1,0
-1.2915556768188392,0.1518098120278884,-0.22392080073090012,-0.2110959525641372,0.5431280923468318,18,11,12,1,0
-1.2456101525583734,0.6246812265147573,-0.22392080073090012,-0.2110959525641372,0.6497686341450849,19,11,12,1,0
-1.273177467114653,0.5655722997038988,0.00627643885248406,-0.2110959525641372,0.7445602268546694,20,11,12,1,0
-1.3007447816709323,0.683790153325616,-0.6843152798976685,-0.2110959525641372,0.8156539213868325,21,11,12,1,0
-1.282366571966746,0.9202258605690504,-1.0296111392727447,-0.2110959525641372,0.8630497177416248,22,11,12,1,0
-1.2639883622625596,0.7428990801364745,-0.6843152798976685,-0.2110959525641372,0.9341434122738046,23,11,12,1,0
-1.3007447816709323,0.9202258605690504,-0.9145125194810526,-0.2110959525641372,0.9696902595398946,0,12,12,2,0
-1.2915556768188392,1.0384437141907676,-0.9145125194810526,-0.2110959525641372,1.01708605589467,1,12,12,2,0
-1.3375012010793048,1.156661567812485,-1.259808378856129,-0.2110959525641372,1.0763308013381476,2,12,12,2,0
-1.273177467114653,1.156661567812485,-1.259808378856129,-0.2110959525641372,1.1237265976929398,3,12,12,2,0
-1.3007447816709323,1.274879421434202,-1.0296111392727447,-0.2110959525641372,1.1711223940477322,4,12,12,2,0
-1.3099338865230254,1.274879421434202,-1.259808378856129,-0.2110959525641372,1.1948202922251199,5,12,12,2,0
-1.273177467114653,1.156661567812485,-1.259808378856129,-0.2110959525641372,1.2422160885798952,6,12,12,2,0
-1.3742576204876775,1.3930972750559194,-1.259808378856129,-0.2824001958759379,1.3488566303781653,7,12,12,2,19
-1.0802062652206967,1.0975526410016263,-0.4541180403142843,-0.2824001958759379,1.2896118849346876,8,12,12,2,23
-1.0618280555165105,0.7428990801364745,-1.259808378856129,-0.2824001958759379,1.372554528555553,9,12,12,2,37
-0.9331805875872065,0.7428990801364745,-0.6843152798976685,-0.2824001958759379,1.3607055794668674,10,12,12,2,37
-0.8596677487704613,0.683790153325616,-0.9145125194810526,-0.6626894935388755,1.3014608340233897,11,12,12,2,1
-0.8321004342141819,0.4473544460821815,-0.9145125194810526,-0.6626894935388755,1.2896118849346876,12,12,12,2,23
-0.8504786439183681,0.5064633728930401,-1.0296111392727447,-0.6626894935388755,1.2896118849346876,13,12,12,2,19
-0.8321004342141819,0.5064633728930401,-0.9145125194810526,-0.9162156919808337,1.3133097831120752,14,12,12,2,1
-0.8504786439183681,0.5655722997038988,-1.0296111392727447,-0.6626894935388755,1.3251587322007774,15,12,12,2,23
-0.8045331196579024,0.5655722997038988,-1.259808378856129,-1.1697418904227923,1.3607055794668674,16,12,12,2,23
-0.7861549099537162,0.8020080069473332,-0.9145125194810526,-1.4232680888647506,1.4199503249103451,17,12,12,2,37
-0.7585875953974367,1.0384437141907676,-0.9145125194810526,-1.1697418904227923,1.4554971721764351,18,12,12,2,37
-0.7953440148058093,1.0384437141907676,-0.4541180403142843,-1.1697418904227923,1.4791950703538228,19,12,12,2,1
-0.8229113293620888,1.0975526410016263,-0.9145125194810526,-0.9162156919808337,1.5502887648860026,20,12,12,2,37
-0.776965805101623,1.0975526410016263,-1.0296111392727447,-0.9162156919808337,1.562137713974705,21,12,12,2,37
-0.7493984905453436,1.156661567812485,-1.259808378856129,-1.2965049896437713,1.597684561240795,22,12,12,2,37
-0.7677767002495297,1.274879421434202,-1.259808378856129,-0.9162156919808337,1.6569293066842725,23,12,12,2,19
-0.9148023778830202,1.3339883482450607,-1.0296111392727447,-1.1697418904227923,1.6450803575955704,0,13,12,3,0
-0.721831175989064,1.5113151286776365,-0.4541180403142843,-1.1697418904227923,1.704325103039048,1,13,12,3,0
-0.841289539066275,1.6295329822993538,-1.0296111392727447,-1.2965049896437713,1.7991166957486158,2,13,12,3,0
-0.8780459584746476,1.5113151286776365,-0.4541180403142843,-1.2965049896437713,1.846512492103408,3,13,12,3,0
-0.8045331196579024,1.5704240554884952,-1.0296111392727447,-1.5579538817870409,1.846512492103408,4,13,12,3,7
-0.8596677487704613,1.5704240554884952,-1.259808378856129,-1.4232680888647506,1.8702103902807956,5,13,12,3,7
-0.9239914827351133,1.452206201866778,-1.259808378856129,-1.4232680888647506,1.9057572375468856,6,13,12,3,7
-0.9148023778830202,1.3339883482450607,-1.259808378856129,-1.4232680888647506,1.9413040848129755,7,13,12,3,7
-0.8872350633267407,1.452206201866778,-1.259808378856129,-1.5579538817870409,1.9176061866355878,8,13,12,3,7
-0.7861549099537162,1.3930972750559194,-1.259808378856129,-1.5579538817870409,1.9294551357242902,9,13,12,3,7
-0.6207510226160394,1.156661567812485,-1.259808378856129,-1.6847169810080203,1.8820593393694978,10,13,12,3,7
-0.5196708692430149,0.9793347873799091,-0.6843152798976685,-1.4232680888647506,1.775418797571228,11,13,12,3,18
-0.5012926595388286,0.9202258605690504,-0.6843152798976685,-1.4232680888647506,1.668778255772958,12,13,12,3,18
-0.4645362401304561,0.9202258605690504,-0.6843152798976685,-1.1697418904227923,1.5502887648860026,13,13,12,3,1
-0.4277798207220834,0.683790153325616,-0.4541180403142843,-0.6626894935388755,1.4554971721764351,14,13,12,3,23
-0.4094016110178971,0.4473544460821815,-0.9145125194810526,-0.6626894935388755,1.4199503249103451,15,13,12,3,19
-0.4277798207220834,0.6246812265147573,-0.6843152798976685,-0.6626894935388755,1.372554528555553,16,13,12,3,19
-0.400212506165804,0.683790153325616,0.4666709180192524,-0.2110959525641372,1.2422160885798952,17,13,12,3,19
-0.41859071586999036,0.7428990801364745,0.4666709180192524,-0.2110959525641372,1.1355755467816422,18,13,12,3,23
-0.4645362401304561,0.3882455192713229,0.00627643885248406,-0.2110959525641372,1.1118776486042377,19,13,12,3,19
-0.4645362401304561,0.8020080069473332,-0.4541180403142843,-0.2110959525641372,1.1000286995155522,20,13,12,3,19
-0.44615803042626967,0.8020080069473332,0.00627643885248406,-0.2110959525641372,1.0052371068059847,21,13,12,3,23
-0.4645362401304561,0.8611169337581918,0.00627643885248406,-0.2110959525641372,0.9341434122738046,22,13,12,3,1
-0.44615803042626967,0.7428990801364745,0.23647367843586825,-0.2110959525641372,0.8512007686529224,23,13,12,3,1
-0.4737253449825492,0.6246812265147573,0.00627643885248406,-0.2110959525641372,0.7801070741207425,0,14,12,4,1
-0.5104817643909217,0.7428990801364745,0.23647367843586825,-0.2110959525641372,0.6734665323224894,1,14,12,4,23
-0.528859974095108,0.9202258605690504,0.00627643885248406,-0.2110959525641372,0.6379196850563994,2,14,12,4,1
-0.5472381837992943,0.9202258605690504,0.00627643885248406,-0.2110959525641372,0.5431280923468318,3,14,12,4,1
-0.5564272886513875,0.6246812265147573,0.5817695378109445,-0.2110959525641372,0.46018544872594963,4,14,12,4,23
-0.5380490789472011,0.5655722997038988,-0.4541180403142843,-0.2110959525641372,0.4127896523711742,5,14,12,4,1
-0.5564272886513875,0.4473544460821815,0.00627643885248406,-0.2110959525641372,0.36539385601638197,6,14,12,4,1
-0.5656163935034806,-0.08462589521554607,0.5817695378109445,1.6348916798413717,0.294300161484202,7,14,12,4,19
-0.5564272886513875,0.09270088521702978,-0.22392080073090012,1.6348916798413717,0.3179980596615897,8,14,12,4,23
-0.5196708692430149,-0.025516968404687458,1.272361256561097,1.6348916798413717,0.3179980596615897,9,14,12,4,23
-0.45534713527836285,0.09270088521702978,0.8119667773943287,-0.2824001958759379,0.34169595783899426,10,14,12,4,1
-0.41859071586999036,0.2700276656496056,0.8119667773943287,-0.2824001958759379,0.3535449069276797,11,14,12,4,25
-0.3726451916095246,0.32913659246046423,0.23647367843586825,-0.2824001958759379,0.329847008750292,12,14,12,4,1
-0.3450778770532451,0.2700276656496056,0.8119667773943287,-0.2824001958759379,0.329847008750292,13,14,12,4,23
-0.335888772201152,0.32913659246046423,0.4666709180192524,-0.2824001958759379,0.3890917541937697,14,14,12,4,23
-0.32669966734905886,0.4473544460821815,0.00627643885248406,-0.2824001958759379,0.46018544872594963,15,14,12,4,1
-0.32669966734905886,0.5064633728930401,0.23647367843586825,-0.2824001958759379,0.5668259905242196,16,14,12,4,23
-0.28994324794068627,0.7428990801364745,-0.22392080073090012,-0.2110959525641372,0.6616175832337872,17,14,12,4,23
-0.3542669819053383,0.5655722997038988,0.23647367843586825,-0.2110959525641372,0.768258125032057,18,14,12,4,1
-0.5656163935034806,-0.025516968404687458,0.4666709180192524,-0.2110959525641372,0.839351819564237,19,14,12,4,23
-0.6666965468765051,-0.025516968404687458,0.00627643885248406,-0.2110959525641372,0.9459923613624901,20,14,12,4,23
-0.8229113293620888,0.09270088521702978,0.8119667773943287,-0.2110959525641372,1.0763308013381476,21,14,12,4,19
-0.9148023778830202,0.210918738838747,0.5817695378109445,-0.2110959525641372,1.1948202922251199,22,14,12,4,19
-1.0250716361081378,0.2700276656496056,0.8119667773943287,-0.2110959525641372,1.2777629358459852,23,14,12,4,19
-1.1996646282979078,-0.025516968404687458,0.5817695378109445,-0.2110959525641372,1.3370076812894798,0,15,12,5,0
-1.282366571966746,0.03359195840617116,0.23647367843586825,-0.2110959525641372,1.4436482230877328,1,15,12,5,0
-1.3191229913751186,0.09270088521702978,0.4666709180192524,-0.2110959525641372,1.5502887648860026,2,15,12,5,0
-1.4477704593044225,-0.08462589521554607,0.23647367843586825,-0.2110959525641372,1.6095335103294803,3,15,12,5,0
-1.5029050884169814,-0.08462589521554607,0.00627643885248406,-0.2110959525641372,1.6213824594181827,4,15,12,5,0
-1.539661507825354,-0.025516968404687458,0.5817695378109445,-0.2110959525641372,1.6806272048616604,5,15,12,5,0
-1.5672288223816333,0.09270088521702978,0.23647367843586825,-0.2110959525641372,1.810965644837318,6,15,12,5,0
-1.6223634514941923,-0.025516968404687458,0.4666709180192524,1.6348916798413717,1.8702103902807956,7,15,12,5,0
-1.668308975754658,-0.025516968404687458,-0.22392080073090012,1.6348916798413717,1.9413040848129755,8,15,12,5,0
-1.6958762903109377,-0.2028437488372633,0.4666709180192524,1.6348916798413717,2.000548830256453,9,15,12,5,0
-1.6315525563462854,-0.1437348220264047,-0.22392080073090012,1.6348916798413717,2.0479446266112453,10,15,12,5,19
-1.603985241790006,-0.2028437488372633,0.4666709180192524,1.6348916798413717,2.000548830256453,11,15,12,5,19
-1.6223634514941923,-0.3210616024589805,0.4666709180192524,1.6348916798413717,1.9650019829903633,12,15,12,5,19
-1.5856070320858195,-0.4392794560806978,0.4666709180192524,1.6348916798413717,1.8820593393694978,13,15,12,5,0
-1.539661507825354,-0.3801705292698392,-0.22392080073090012,1.6348916798413717,1.8228145939260203,14,15,12,5,19
-1.493715983564888,-0.2619526756481219,0.00627643885248406,1.6348916798413717,1.775418797571228,15,15,12,5,19
-1.594796136937913,-0.4392794560806978,0.5817695378109445,1.6348916798413717,1.7635698484825426,16,15,12,5,19
-1.6407416611983785,-0.4983883828915564,0.00627643885248406,-0.2110959525641372,1.7517208993938402,17,15,12,5,19
-1.6223634514941923,-0.3210616024589805,0.23647367843586825,-0.2110959525641372,1.7635698484825426,18,15,12,5,0
-1.5856070320858195,-0.2028437488372633,0.5817695378109445,-0.2110959525641372,1.810965644837318,19,15,12,5,19
-1.6223634514941923,-0.4392794560806978,0.5817695378109445,-0.2110959525641372,1.7161740521277502,20,15,12,5,0
-1.6591198709025647,-0.4983883828915564,1.0421640169777129,-0.2110959525641372,1.668778255772958,21,15,12,5,19
-1.6131743466420991,-0.2028437488372633,0.4666709180192524,-0.2110959525641372,1.6806272048616604,22,15,12,5,23
-1.6131743466420991,-0.08462589521554607,1.272361256561097,-0.2110959525641372,1.5739866630633905,23,15,12,5,1
-1.603985241790006,-0.025516968404687458,1.0421640169777129,-0.2110959525641372,1.491044019442525,0,16,12,6,1
-1.594796136937913,0.03359195840617116,1.0421640169777129,-0.2110959525641372,1.4436482230877328,1,16,12,6,1
-1.5764179272337266,0.1518098120278884,1.5025584961444813,-0.2110959525641372,1.3251587322007774,2,16,12,6,1
-1.5672288223816333,0.1518098120278884,1.5025584961444813,-0.2110959525641372,1.3014608340233897,3,16,12,6,1
-1.5672288223816333,0.1518098120278884,1.0421640169777129,-0.2110959525641372,1.2185181904025075,4,16,12,6,1
-1.5580397175295404,0.1518098120278884,0.8119667773943287,-0.2110959525641372,1.1237265976929398,5,16,12,6,1
-1.5764179272337266,0.03359195840617116,2.3082488346863257,-0.2110959525641372,1.0407839540720745,6,16,12,6,1
-1.603985241790006,-0.08462589521554607,1.9629529753112496,-0.2110959525641372,0.9933881577172823,7,16,12,6,1
-1.594796136937913,-0.1437348220264047,1.9629529753112496,1.6348916798413717,0.9459923613624901,8,16,12,6,1
-1.5856070320858195,-0.1437348220264047,2.078051595102942,-0.6626894935388755,0.9104455140964001,9,16,12,6,35
-1.5029050884169814,-0.3210616024589805,1.9629529753112496,-0.2824001958759379,0.8867476159190124,10,16,12,6,1
-1.5120941932690746,-0.2619526756481219,2.3082488346863257,-0.2824001958759379,0.7801070741207425,11,16,12,6,35
-1.355879410783491,0.4473544460821815,1.9629529753112496,-1.8114800802289992,0.6734665323224894,12,16,12,6,35
-1.2639883622625596,0.6246812265147573,1.272361256561097,-1.1697418904227923,0.5786749396129218,13,16,12,6,35
-1.1720973137416282,0.8611169337581918,1.9629529753112496,-1.8114800802289992,0.4720343978146519,14,16,12,6,35
-1.0985844749248832,1.156661567812485,1.9629529753112496,-1.9382431794499786,0.3890917541937697,15,16,12,6,40
-1.034260740960231,1.2157704946233434,2.3082488346863257,-1.874861629839489,0.329847008750292,16,16,12,6,40
-0.969937006995579,1.2157704946233434,1.7327557357278653,-1.8114800802289992,0.2706022633068143,17,16,12,6,40
-0.9148023778830202,1.274879421434202,1.7327557357278653,-1.874861629839489,0.23505541604072436,18,16,12,6,40
-0.841289539066275,1.274879421434202,0.8119667773943287,-0.9162156919808337,0.1758106705972467,19,16,12,6,35
-0.7861549099537162,1.3930972750559194,1.5025584961444813,-1.1697418904227923,0.152112772419859,20,16,12,6,35
-0.7310202808411573,1.3339883482450607,1.0421640169777129,-0.9162156919808337,0.14026382333115672,21,16,12,6,35
-0.6666965468765051,1.452206201866778,0.8119667773943287,-1.4232680888647506,0.08101907788767905,22,16,12,6,35
-0.6207510226160394,1.452206201866778,1.0421640169777129,-1.1697418904227923,0.04547223062158908,23,16,12,6,1
-0.5380490789472011,1.5113151286776365,1.0421640169777129,-1.1697418904227923,-0.03747041299929313,0,17,12,0,8
-0.5380490789472011,1.5113151286776365,1.272361256561097,-1.4232680888647506,-0.04931936208797856,1,17,12,0,14
-0.5380490789472011,1.452206201866778,1.0421640169777129,-1.2965049896437713,-0.061168311176680826,2,17,12,0,13
-0.5748054983555737,1.452206201866778,1.5025584961444813,-1.5579538817870409,-0.1204130566201585,3,17,12,0,16
-0.6115619177639463,1.452206201866778,1.0421640169777129,-1.6847169810080203,-0.16780885297495074,4,17,12,0,42
-0.6207510226160394,1.3930972750559194,1.0421640169777129,-1.5579538817870409,-0.19150675115233842,5,17,12,0,42
-0.528859974095108,1.452206201866778,0.4666709180192524,-1.5579538817870409,-0.20335570024104072,6,17,12,0,42
-0.3542669819053383,1.5113151286776365,-0.22392080073090012,-1.1697418904227923,-0.20335570024104072,7,17,12,0,1
-0.2807541430885931,1.5704240554884952,0.5817695378109445,-1.9382431794499786,-0.2507514965958161,8,17,12,0,3
-0.2991323527927794,1.452206201866778,0.5817695378109445,-1.874861629839489,-0.30999624203929377,9,17,12,0,4
-0.30832145764487257,1.3930972750559194,0.5817695378109445,-1.9065524046447335,-0.32184519112799603,10,17,12,0,40
-0.27156503823649997,1.5704240554884952,0.4666709180192524,-2.0650062786709578,-0.34554308930538374,11,17,12,0,40
-0.2623759333844068,1.6295329822993538,0.8119667773943287,-2.0333155038657127,-0.40478783474887825,12,17,12,0,40
-0.24399772368022055,1.6295329822993538,0.23647367843586825,-1.8114800802289992,-0.46403258019235594,13,17,12,0,40
-0.22561951397603425,1.6295329822993538,0.4666709180192524,-1.874861629839489,-0.4758815292810413,14,17,12,0,40
-0.21643040912394107,1.6295329822993538,0.4666709180192524,-1.2965049896437713,-0.4995794274584459,15,17,12,0,5
-0.19805219941975483,1.5704240554884952,0.00627643885248406,-1.1697418904227923,-0.5114283765471314,16,17,12,0,2
-0.17048488486347538,1.452206201866778,0.23647367843586825,-0.9162156919808337,-0.5706731219906258,17,17,12,0,1
-0.1796739897155685,1.3339883482450607,0.4666709180192524,-0.9162156919808337,-0.5232773256358336,18,17,12,0,2
-0.19805219941975483,1.2157704946233434,0.00627643885248406,-0.9162156919808337,-0.4995794274584459,19,17,12,0,2
-0.18886309456766168,1.2157704946233434,0.4666709180192524,-0.9162156919808337,-0.48773047836974365,20,17,12,0,2
-0.20724130427184798,1.3339883482450607,0.5817695378109445,-0.9162156919808337,-0.5588241729019235,21,17,12,0,1
-0.22561951397603425,1.2157704946233434,-0.22392080073090012,-0.6626894935388755,-0.5825220710793113,22,17,12,0,1
-0.24399772368022055,1.3930972750559194,0.5817695378109445,-0.9162156919808337,-0.6536157656114912,23,17,12,0,1
-0.2807541430885931,1.452206201866778,0.4666709180192524,-0.9162156919808337,-0.7247094601436711,0,18,12,1,1
-0.3175105624969657,1.5113151286776365,1.0421640169777129,-0.6626894935388755,-0.8076521037645366,1,18,12,1,1
-0.3175105624969657,1.3930972750559194,1.0421640169777129,-0.6626894935388755,-0.866896849208031,2,18,12,1,1
-0.3175105624969657,1.3930972750559194,1.0421640169777129,-0.9162156919808337,-0.9616884419175986,3,18,12,1,24
-0.30832145764487257,1.3930972750559194,1.0421640169777129,-1.2965049896437713,-1.0683289837158518,4,18,12,1,24
-0.28994324794068627,1.452206201866778,1.0421640169777129,-1.4232680888647506,-1.1038758309819416,5,18,12,1,30
-0.27156503823649997,1.5704240554884952,1.0421640169777129,-1.9065524046447335,-1.1631205764254362,6,18,12,1,35
-0.2531868285323137,1.6295329822993538,1.0421640169777129,-1.9382431794499786,-1.2460632200463015,7,18,12,1,35
-0.2348086188281274,1.6295329822993538,1.0421640169777129,-1.9699339542552232,-1.3408548127558693,8,18,12,1,35
-0.22561951397603425,1.6886419091102125,0.8119667773943287,-2.0333155038657127,-1.3882506091106614,9,18,12,1,35
-0.2348086188281274,1.6886419091102125,1.0421640169777129,-2.0966970534762024,-1.411948507288049,10,18,12,1,35
-0.2531868285323137,1.6295329822993538,0.8119667773943287,-2.0966970534762024,-1.5304379981750045,11,18,12,1,35
-0.2348086188281274,1.5704240554884952,1.9629529753112496,-1.8114800802289992,-1.6726253872393644,12,18,12,1,35
-0.2348086188281274,1.5113151286776365,1.272361256561097,-1.874861629839489,-1.767416979948932,13,18,12,1,35
-0.21643040912394107,1.5704240554884952,1.0421640169777129,-1.874861629839489,-1.802963827215022,14,18,12,1,35
-0.21643040912394107,1.5704240554884952,0.8119667773943287,-1.8114800802289992,-1.8266617253924098,15,18,12,1,35
-0.22561951397603425,1.5113151286776365,1.272361256561097,-1.5579538817870409,-1.8622085726584996,16,18,12,1,31
-0.20724130427184798,1.5704240554884952,0.8119667773943287,-1.5579538817870409,-1.8622085726584996,17,18,12,1,31
-0.18886309456766168,1.5704240554884952,0.8119667773943287,-1.5579538817870409,-1.8503596235698143,18,18,12,1,31
-0.17048488486347538,1.6295329822993538,0.00627643885248406,-1.5579538817870409,-1.802963827215022,19,18,12,1,24
-0.17048488486347538,1.6886419091102125,0.00627643885248406,-1.6847169810080203,-1.7911148781263198,20,18,12,1,2
-0.1796739897155685,1.7477508359210712,-0.22392080073090012,-1.9382431794499786,-1.7437190817715442,21,18,12,1,6
-0.19805219941975483,1.7477508359210712,0.00627643885248406,-1.9382431794499786,-1.7200211835941566,22,18,12,1,6
-0.18886309456766168,1.8068597627319296,-0.4541180403142843,-1.9382431794499786,-1.6726253872393644,23,18,12,1,6
-0.21643040912394107,1.7477508359210712,-0.6843152798976685,-1.874861629839489,-1.660776438150662,0,19,12,2,6
-0.22561951397603425,1.7477508359210712,-0.9145125194810526,-1.6847169810080203,-1.589682743618499,1,19,12,2,6
-0.22561951397603425,1.8068597627319296,-0.9145125194810526,-1.5579538817870409,-1.5067400999976168,2,19,12,2,6
-0.2348086188281274,1.7477508359210712,-0.6843152798976685,-1.8114800802289992,-1.4593443036428413,3,19,12,2,6
-0.2348086188281274,1.7477508359210712,-0.4541180403142843,-1.874861629839489,-1.400099558199347,4,19,12,2,6
-0.24399772368022055,1.7477508359210712,-0.4541180403142843,-1.9382431794499786,-1.3053079654897792,5,19,12,2,6
-0.24399772368022055,1.6886419091102125,-0.6843152798976685,-2.001624729060468,-1.1868184746028239,6,19,12,2,6
-0.2348086188281274,1.7477508359210712,-0.4541180403142843,-1.9382431794499786,-1.0683289837158518,7,19,12,2,6
-0.22561951397603425,1.7477508359210712,-0.4541180403142843,-2.001624729060468,-0.9616884419175986,8,19,12,2,3
-0.21643040912394107,1.7477508359210712,-0.22392080073090012,-2.001624729060468,-0.8550479001193287,9,19,12,2,3
-0.21643040912394107,1.7477508359210712,0.00627643885248406,-2.001624729060468,-0.7484073583210589,10,19,12,2,3
-0.21643040912394107,1.6886419091102125,-0.4541180403142843,-1.4232680888647506,-0.7247094601436711,11,19,12,2,7
-0.2348086188281274,1.5704240554884952,0.23647367843586825,-0.6626894935388755,-0.6180689183454012,12,19,12,2,1
-0.2531868285323137,1.452206201866778,-0.4541180403142843,-0.2824001958759379,-0.5232773256358336,13,19,12,2,1
-0.24399772368022055,1.452206201866778,-0.22392080073090012,-0.2824001958759379,-0.392938885660176,14,19,12,2,1
-0.24399772368022055,1.3339883482450607,-0.6843152798976685,-0.2824001958759379,-0.2626004456845184,15,19,12,2,2
-0.27156503823649997,1.2157704946233434,-0.9145125194810526,-0.2824001958759379,-0.10856410753147307,16,19,12,2,1
-0.2531868285323137,1.3930972750559194,-1.0296111392727447,-0.9162156919808337,-0.013772514821888588,17,19,12,2,2
-0.22561951397603425,1.452206201866778,-0.6843152798976685,-1.4232680888647506,0.11656592515376903,18,19,12,2,5
-0.20724130427184798,1.6886419091102125,-0.4541180403142843,-1.8114800802289992,0.24690436512942662,19,19,12,2,40
-0.22561951397603425,1.6886419091102125,-0.4541180403142843,-1.6847169810080203,0.3179980596615897,20,19,12,2,40
-0.24399772368022055,1.6295329822993538,-0.22392080073090012,-1.2965049896437713,0.3890917541937697,21,19,12,2,35
-0.2807541430885931,1.452206201866778,-0.6843152798976685,-0.2110959525641372,0.4364875505485619,22,19,12,2,1
-0.3175105624969657,1.3339883482450607,-0.22392080073090012,-0.2110959525641372,0.5312791432581295,23,19,12,2,35
-0.4277798207220834,0.9202258605690504,0.5817695378109445,-0.2110959525641372,0.6142217868789949,0,20,12,3,35
-0.43696892557417655,0.9793347873799091,0.23647367843586825,-0.2110959525641372,0.6497686341450849,1,20,12,3,1
-0.45534713527836285,1.0384437141907676,0.4666709180192524,-0.2110959525641372,0.7445602268546694,2,20,12,3,1
-0.5012926595388286,0.9793347873799091,0.23647367843586825,-0.2110959525641372,0.7564091759433548,3,20,12,3,1
-0.5472381837992943,0.8611169337581918,0.00627643885248406,-0.2110959525641372,0.7919560232094448,4,20,12,3,1
-0.5931837080597601,0.8020080069473332,-0.22392080073090012,-0.2110959525641372,0.8630497177416248,5,20,12,3,1
-0.6207510226160394,0.8611169337581918,0.00627643885248406,-0.2110959525641372,0.9104455140964001,6,20,12,3,35
-0.6850747565806916,0.683790153325616,0.5817695378109445,-0.2110959525641372,0.98153920862858,7,20,12,3,1
-0.6575074420244121,0.8611169337581918,0.00627643885248406,-0.2824001958759379,1.01708605589467,8,20,12,3,1
-0.648318337172319,0.8020080069473332,-0.22392080073090012,-0.2824001958759379,1.1000286995155522,9,20,12,3,1
-0.6207510226160394,0.8020080069473332,-0.9145125194810526,-0.2824001958759379,1.08817975042685,10,20,12,3,1
-0.6023728129118533,0.8020080069473332,-1.259808378856129,-0.2824001958759379,1.0289350049833723,11,20,12,3,35
-0.5931837080597601,0.8020080069473332,-1.0296111392727447,-0.2824001958759379,0.9222944631851023,12,20,12,3,1
-0.6023728129118533,0.683790153325616,0.00627643885248406,-0.2824001958759379,0.7090133795885794,13,20,12,3,1
-0.6299401274681325,0.6246812265147573,0.00627643885248406,-0.2824001958759379,0.6734665323224894,14,20,12,3,1
-0.5839946032076668,0.6246812265147573,-0.22392080073090012,-0.2824001958759379,0.5905238887016072,15,20,12,3,1
-0.5380490789472011,0.7428990801364745,-0.22392080073090012,-0.2824001958759379,0.6023728377903095,16,20,12,3,1
-0.528859974095108,0.8020080069473332,0.4666709180192524,-0.2110959525641372,0.3890917541937697,17,20,12,3,23
-0.5104817643909217,0.683790153325616,0.4666709180192524,-0.2110959525641372,0.23505541604072436,18,20,12,3,23
-0.48291444983464227,0.7428990801364745,0.23647367843586825,-0.2110959525641372,0.21135751786333665,19,20,12,3,23
-0.45534713527836285,0.9202258605690504,0.5817695378109445,-0.2110959525641372,0.08101907788767905,20,20,12,3,23
-0.44615803042626967,0.7428990801364745,0.8119667773943287,-0.2110959525641372,-0.061168311176680826,21,20,12,3,1
-0.45534713527836285,0.5655722997038988,0.5817695378109445,-0.2110959525641372,-0.20335570024104072,22,20,12,3,1
-0.4277798207220834,0.683790153325616,1.5025584961444813,-0.2110959525641372,-0.42848573292626596,23,20,12,3,1
-0.4277798207220834,0.4473544460821815,1.272361256561097,-0.2110959525641372,-0.5351262747245359,0,21,12,4,32
-0.2991323527927794,1.2157704946233434,0.23647367843586825,-1.6847169810080203,-0.6891626128775812,1,21,12,4,34
-0.2623759333844068,1.3930972750559194,0.5817695378109445,-1.6847169810080203,-0.8313500019419411,2,21,12,4,31
-0.2348086188281274,1.5704240554884952,1.5025584961444813,-1.8114800802289992,-1.1038758309819416,3,21,12,4,34
-0.24399772368022055,1.452206201866778,0.8119667773943287,-1.6847169810080203,-1.2697611182236892,4,21,12,4,34
-0.22561951397603425,1.452206201866778,1.272361256561097,-1.6847169810080203,-1.4237974563767515,5,21,12,4,34
-0.2348086188281274,1.5113151286776365,0.8119667773943287,-1.874861629839489,-1.5304379981750045,6,21,12,4,31
-0.24399772368022055,1.5113151286776365,1.9629529753112496,-1.6847169810080203,-1.6726253872393644,7,21,12,4,31
-0.2531868285323137,1.5113151286776365,1.9629529753112496,-2.001624729060468,-1.838510674481112,8,21,12,4,31
-0.2531868285323137,1.5113151286776365,2.078051595102942,-2.001624729060468,-1.9806980635454718,9,21,12,4,31
-0.2348086188281274,1.5113151286776365,1.9629529753112496,-1.1697418904227923,-2.1465833507872194,10,21,12,4,35
-0.2348086188281274,1.5704240554884952,1.7327557357278653,-2.0333155038657127,-2.41910917982722,11,21,12,4,35
-0.20724130427184798,1.5113151286776365,2.9988405534364784,-1.4232680888647506,-2.821973448842895,12,21,12,4,35
-0.20724130427184798,1.3339883482450607,2.9988405534364784,-0.6626894935388755,-3.18929087059248,13,21,12,4,35
-0.19805219941975483,1.2157704946233434,2.9988405534364784,-0.6626894935388755,-3.4262698523664077,14,21,12,4,24
-0.21643040912394107,1.274879421434202,2.078051595102942,-1.1697418904227923,-3.4973635468985877,15,21,12,4,24
-0.21643040912394107,1.452206201866778,3.2290377930198626,-1.4232680888647506,-3.6987956814064082,16,21,12,4,24
-0.21643040912394107,1.452206201866778,3.5743336523949387,-1.1697418904227923,-3.900227815914246,17,21,12,4,24
-0.20724130427184798,1.452206201866778,3.5743336523949387,-0.2110959525641372,-4.137206797688173,18,21,12,4,24
-0.13372846545510278,1.452206201866778,2.53844607426971,-1.2965049896437713,-4.184602594042966,19,21,12,4,24
-0.07859383634254392,1.6295329822993538,0.00627643885248406,-1.4232680888647506,-4.113508899510786,20,21,12,4,24
-0.19805219941975483,1.5704240554884952,0.8119667773943287,-1.4232680888647506,-4.042415204978606,21,21,12,4,24
-0.2348086188281274,1.6295329822993538,1.5025584961444813,-1.9065524046447335,-3.9120767650029484,22,21,12,4,35
-0.2348086188281274,1.452206201866778,1.7327557357278653,-1.4232680888647506,-3.864680968648156,23,21,12,4,6
-0.24399772368022055,1.452206201866778,1.9629529753112496,-1.4232680888647506,-3.8409830704707684,0,22,12,5,6
-0.22561951397603425,1.452206201866778,1.7327557357278653,-1.1697418904227923,-3.8054362232046786,1,22,12,5,2
-0.22561951397603425,1.5113151286776365,1.7327557357278653,-1.5579538817870409,-3.746191477761201,2,22,12,5,6
-0.22561951397603425,1.5113151286776365,1.5025584961444813,-1.4232680888647506,-3.6987956814064082,3,22,12,5,6
-0.28994324794068627,1.452206201866778,2.3082488346863257,-1.2965049896437713,-3.6395509359629306,4,22,12,5,35
-0.4094016110178971,1.5113151286776365,2.3082488346863257,-1.8114800802289992,-3.5329103941646776,5,22,12,5,35
-0.5104817643909217,1.3339883482450607,2.9988405534364784,-1.874861629839489,-3.390723005100318,6,22,12,5,35
-0.5748054983555737,1.274879421434202,2.3082488346863257,-1.8114800802289992,-3.2366866669472727,7,22,12,5,35
-0.648318337172319,1.0975526410016263,2.9988405534364784,-1.874861629839489,-3.0944992778829126,8,22,12,5,35
-0.6942638614327847,1.0975526410016263,2.3082488346863257,-1.9382431794499786,-2.928613990641165,9,22,12,5,35
-0.6942638614327847,1.3339883482450607,2.53844607426971,-2.0650062786709578,-2.7864266015768053,10,22,12,5,35
-0.7310202808411573,1.452206201866778,2.3082488346863257,-2.0966970534762024,-2.6916350088672374,11,22,12,5,35
-0.776965805101623,1.3339883482450607,2.078051595102942,-2.0650062786709578,-2.59684341615767,12,22,12,5,35
-0.8688568536225545,1.0384437141907676,2.53844607426971,-1.874861629839489,-2.4783539252707145,13,22,12,5,35
-0.9331805875872065,0.8611169337581918,1.9629529753112496,-1.874861629839489,-2.336166536206355,14,22,12,5,39
-0.8872350633267407,1.2157704946233434,2.3082488346863257,-2.0650062786709578,-2.1465833507872194,15,22,12,5,39
-0.9515587972913927,1.0975526410016263,2.9988405534364784,-2.0650062786709578,-1.9925470126341573,16,22,12,5,39
-1.0158825312560449,0.8020080069473332,1.9629529753112496,-1.6847169810080203,-1.838510674481112,17,22,12,5,35
-1.034260740960231,0.8020080069473332,2.078051595102942,-1.8114800802289992,-1.696323285416752,18,22,12,5,35
-1.0710171603686036,0.9202258605690504,1.9629529753112496,-1.6847169810080203,-1.5422869472637069,19,22,12,5,35
-1.2088537331500009,0.4473544460821815,1.9629529753112496,-0.9162156919808337,-1.4474953545541391,20,22,12,5,35
-1.3007447816709323,0.210918738838747,1.5025584961444813,-0.9162156919808337,-1.2934590164010937,21,22,12,5,35
-1.3283120962272117,0.1518098120278884,2.3082488346863257,-0.9162156919808337,-1.2460632200463015,22,22,12,5,35
-1.3926358301918638,0.03359195840617116,2.768643313853094,-0.6626894935388755,-1.1038758309819416,23,22,12,5,1
-1.3007447816709323,0.3882455192713229,1.9629529753112496,-0.6626894935388755,-1.0209331873610763,0,23,12,6,37
-1.3191229913751186,0.3882455192713229,1.9629529753112496,-0.2110959525641372,-0.9261415946515087,1,23,12,6,37
-1.3834467253397706,0.210918738838747,1.7327557357278653,-0.2110959525641372,-0.8195010528532388,2,23,12,6,23
-1.3742576204876775,0.2700276656496056,1.7327557357278653,-0.2110959525641372,-0.7721052564984465,3,23,12,6,1
-1.4018249350439569,0.210918738838747,1.5025584961444813,-0.2110959525641372,-0.7365584092323566,4,23,12,6,1
-1.4477704593044225,0.09270088521702978,1.7327557357278653,-0.2110959525641372,-0.6654647147001934,5,23,12,6,1
-1.3650685156355844,0.32913659246046423,1.272361256561097,-0.2110959525641372,-0.6417668165227889,6,23,12,6,1
-1.346690305931398,0.4473544460821815,0.5817695378109445,-0.6626894935388755,-0.6299178674341035,7,23,12,6,37
-1.3375012010793048,0.5655722997038988,0.5817695378109445,-0.6626894935388755,-0.606219969256699,8,23,12,6,37
-1.355879410783491,0.5064633728930401,0.8119667773943287,-0.2824001958759379,-0.6299178674341035,9,23,12,6,1
-1.3834467253397706,0.32913659246046423,1.0421640169777129,-0.2824001958759379,-0.606219969256699,10,23,12,6,1
-1.3926358301918638,0.210918738838747,1.272361256561097,-0.2824001958759379,-0.6536157656114912,11,23,12,6,1
-1.3926358301918638,0.09270088521702978,1.0421640169777129,-0.2824001958759379,-0.7247094601436711,12,23,12,6,1
-1.3742576204876775,-0.025516968404687458,0.5817695378109445,-0.2824001958759379,-0.8076521037645366,13,23,12,6,23
-1.3283120962272117,-0.025516968404687458,-0.4541180403142843,-0.2824001958759379,-0.8550479001193287,14,23,12,6,1
-1.2547992574104665,0.210918738838747,-0.22392080073090012,-0.2824001958759379,-0.8431989510306265,15,23,12,6,37
-1.1169626846290694,0.8611169337581918,-0.22392080073090012,-1.4232680888647506,-0.8313500019419411,16,23,12,6,37
-1.0985844749248832,0.9793347873799091,-0.6843152798976685,-1.1697418904227923,-0.8195010528532388,17,23,12,6,35
-1.153719104037442,0.7428990801364745,-0.4541180403142843,-1.1697418904227923,-0.7721052564984465,18,23,12,6,35
-1.162908208889535,0.7428990801364745,-0.6843152798976685,-0.2110959525641372,-0.7010115619662834,19,23,12,6,35
-1.1904755234458146,0.6246812265147573,-0.6843152798976685,-0.2110959525641372,-0.5943710201680136,20,23,12,6,1
-1.2639883622625596,0.6246812265147573,-0.6843152798976685,-0.2110959525641372,-0.5114283765471314,21,23,12,6,19
-1.3099338865230254,0.8020080069473332,-0.6843152798976685,-0.2110959525641372,-0.4403346820149514,22,23,12,6,19
-1.2364210477062803,0.8020080069473332,-0.6843152798976685,-0.2110959525641372,-0.34554308930538374,23,23,12,6,1
-1.218042838002094,0.9793347873799091,0.00627643885248406,-0.2110959525641372,-0.2981472929506083,0,24,12,0,23
-1.218042838002094,0.9202258605690504,0.23647367843586825,-0.2110959525641372,-0.23890254750713066,1,24,12,0,1
-1.282366571966746,0.8020080069473332,0.23647367843586825,-0.2110959525641372,-0.16780885297495074,2,24,12,0,1
-1.3650685156355844,0.5064633728930401,0.5817695378109445,-0.2110959525641372,-0.07301726026538309,3,24,12,0,1
-1.4018249350439569,0.8020080069473332,1.0421640169777129,-0.2110959525641372,-0.03747041299929313,4,24,12,0,23
-1.4569595641565158,0.683790153325616,0.4666709180192524,-0.2110959525641372,0.021774332444184544,5,24,12,0,23
-1.5212832981211677,0.6246812265147573,0.00627643885248406,-0.2110959525641372,0.09286802697636448,6,24,12,0,19
-1.5120941932690746,0.7428990801364745,0.00627643885248406,-0.2110959525641372,0.21135751786333665,7,24,12,0,0
-1.5120941932690746,0.683790153325616,-0.22392080073090012,-0.2110959525641372,0.3179980596615897,8,24,12,0,0
-1.493715983564888,0.5655722997038988,-0.22392080073090012,-0.2824001958759379,0.42463860145985965,9,24,12,0,0
-1.466148669008609,0.5064633728930401,-0.4541180403142843,1.6348916798413717,0.4720343978146519,10,24,12,0,19
-1.493715983564888,0.09270088521702978,-0.4541180403142843,1.6348916798413717,0.46018544872594963,11,24,12,0,19
-1.4569595641565158,-0.1437348220264047,-0.6843152798976685,1.6348916798413717,0.4483364996372642,12,24,12,0,19
-1.4385813544523294,-0.1437348220264047,0.00627643885248406,1.6348916798413717,0.4720343978146519,13,24,12,0,19
-1.493715983564888,-0.2619526756481219,0.00627643885248406,1.6348916798413717,0.4838833469033373,14,24,12,0,19
-1.4569595641565158,-0.2619526756481219,-0.22392080073090012,1.6348916798413717,0.5194301941694273,15,24,12,0,19
-1.4569595641565158,-0.025516968404687458,-0.4541180403142843,-0.2824001958759379,0.4720343978146519,16,24,12,0,19
-1.493715983564888,0.32913659246046423,-1.0296111392727447,-0.2110959525641372,0.5194301941694273,17,24,12,0,19
-1.5029050884169814,0.5064633728930401,-0.6843152798976685,-0.2110959525641372,0.4720343978146519,18,24,12,0,0
-1.4385813544523294,0.5064633728930401,-0.9145125194810526,-0.2110959525641372,0.4483364996372642,19,24,12,0,19
-1.41101403989605,0.5655722997038988,-1.0296111392727447,-0.2110959525641372,0.4483364996372642,20,24,12,0,19
-1.4477704593044225,0.3882455192713229,-0.9145125194810526,-0.2110959525641372,0.46018544872594963,21,24,12,0,19
-1.4477704593044225,0.5064633728930401,-1.259808378856129,-0.2110959525641372,0.46018544872594963,22,24,12,0,23
-1.41101403989605,0.9202258605690504,-1.259808378856129,-0.2110959525641372,0.5075812450807419,23,24,12,0,23
-1.3834467253397706,0.5064633728930401,-0.4541180403142843,-0.2110959525641372,0.46018544872594963,0,25,12,1,23
-1.4293922496002363,0.8611169337581918,-1.0296111392727447,-0.2110959525641372,0.5431280923468318,1,25,12,1,23
-1.4385813544523294,0.8611169337581918,-0.22392080073090012,-0.2110959525641372,0.5431280923468318,2,25,12,1,23
-1.3926358301918638,1.0384437141907676,0.4666709180192524,-0.2110959525641372,0.49573229599203955,3,25,12,1,1
-1.4477704593044225,0.6246812265147573,0.00627643885248406,-0.2824001958759379,0.5194301941694273,4,25,12,1,23
-1.4385813544523294,0.9202258605690504,0.23647367843586825,-0.2110959525641372,0.5194301941694273,5,25,12,1,1
-1.4845268787127952,0.683790153325616,-0.22392080073090012,-0.2110959525641372,0.6379196850563994,6,25,12,1,1
-1.5304724029732608,0.7428990801364745,-0.4541180403142843,-0.2110959525641372,0.7919560232094448,7,25,12,1,1
-1.5580397175295404,0.6246812265147573,-0.4541180403142843,-0.2824001958759379,0.874898666830327,8,25,12,1,1
-1.539661507825354,0.5655722997038988,-0.22392080073090012,-0.2824001958759379,0.9696902595398946,9,25,12,1,1
-1.548850612677447,0.210918738838747,0.00627643885248406,-0.2824001958759379,1.0644818522494623,10,25,12,1,1
-1.5580397175295404,0.03359195840617116,-0.6843152798976685,-0.2824001958759379,1.0407839540720745,11,25,12,1,1
-1.5580397175295404,-0.025516968404687458,-0.6843152798976685,-0.2824001958759379,1.0289350049833723,12,25,12,1,1
-1.5672288223816333,-0.2619526756481219,-0.9145125194810526,-0.2824001958759379,1.0289350049833723,13,25,12,1,23
-1.5304724029732608,-0.4392794560806978,-1.0296111392727447,1.6348916798413717,1.0644818522494623,14,25,12,1,19
-1.493715983564888,-0.4983883828915564,0.23647367843586825,1.6348916798413717,1.1000286995155522,15,25,12,1,0
-1.5120941932690746,-0.4392794560806978,-0.4541180403142843,1.6348916798413717,1.1592734449590298,16,25,12,1,0
-1.466148669008609,-0.025516968404687458,-0.22392080073090012,-0.2110959525641372,1.2422160885798952,17,25,12,1,0
-1.466148669008609,0.1518098120278884,-0.22392080073090012,-0.2110959525641372,1.3133097831120752,18,25,12,1,19
-1.3926358301918638,0.3882455192713229,0.4666709180192524,-0.2110959525641372,1.4436482230877328,19,25,12,1,19
-1.3926358301918638,0.5655722997038988,-0.22392080073090012,-0.2110959525641372,1.4791950703538228,20,25,12,1,19
-1.3834467253397706,0.7428990801364745,-1.259808378856129,-0.2110959525641372,1.4554971721764351,21,25,12,1,0
-1.4477704593044225,0.9202258605690504,-1.259808378856129,-0.2110959525641372,1.526590866708615,22,25,12,1,0
-1.4018249350439569,0.9202258605690504,-0.4541180403142843,-0.2110959525641372,1.6569293066842725,23,25,12,1,0
-1.4753377738607019,1.156661567812485,-1.259808378856129,-0.2110959525641372,1.6095335103294803,0,26,12,2,0
-1.4202031447481431,1.156661567812485,-1.0296111392727447,-0.2110959525641372,1.6213824594181827,1,26,12,2,0
-1.5580397175295404,1.156661567812485,-1.259808378856129,-0.2110959525641372,1.6569293066842725,2,26,12,2,0
-1.6866871854588443,1.2157704946233434,-1.0296111392727447,-0.2110959525641372,1.739871950305138,3,26,12,2,0
-1.5856070320858195,1.2157704946233434,-1.0296111392727447,-0.2110959525641372,1.775418797571228,4,26,12,2,0
-1.5304724029732608,1.274879421434202,-1.259808378856129,-0.2110959525641372,1.6924761539503625,5,26,12,2,0
-1.594796136937913,1.274879421434202,-1.259808378856129,-0.2110959525641372,1.6806272048616604,6,26,12,2,0
-1.5580397175295404,1.274879421434202,-0.9145125194810526,-0.2110959525641372,1.668778255772958,7,26,12,2,19
-1.6315525563462854,1.2157704946233434,-1.259808378856129,-0.9162156919808337,1.7517208993938402,8,26,12,2,23
-1.4018249350439569,1.274879421434202,0.00627643885248406,-1.874861629839489,1.739871950305138,9,26,12,2,38
-1.4477704593044225,0.9793347873799091,0.00627643885248406,-0.2824001958759379,1.7635698484825426,10,26,12,2,19
-1.5672288223816333,0.5655722997038988,0.5817695378109445,1.6348916798413717,1.7161740521277502,11,26,12,2,19
-1.548850612677447,0.3882455192713229,0.5817695378109445,1.6348916798413717,1.5502887648860026,12,26,12,2,19
-1.5212832981211677,0.3882455192713229,0.00627643885248406,-0.2824001958759379,1.5384398157973005,13,26,12,2,23
-1.5212832981211677,0.2700276656496056,0.4666709180192524,-0.2824001958759379,1.4436482230877328,14,26,12,2,1
-1.539661507825354,0.210918738838747,0.4666709180192524,-0.2824001958759379,1.4554971721764351,15,26,12,2,1
-1.5304724029732608,0.3882455192713229,0.4666709180192524,-0.2110959525641372,1.3251587322007774,16,26,12,2,1
-1.5120941932690746,0.3882455192713229,0.8119667773943287,-0.2110959525641372,1.3133097831120752,17,26,12,2,1
-1.5029050884169814,0.3882455192713229,1.0421640169777129,-0.2110959525641372,1.2896118849346876,18,26,12,2,1
-1.4385813544523294,0.5064633728930401,2.768643313853094,-0.2110959525641372,1.1592734449590298,19,26,12,2,1
-1.4202031447481431,0.8020080069473332,1.5025584961444813,-0.2110959525641372,0.98153920862858,20,26,12,2,1
-1.3834467253397706,0.8020080069473332,0.8119667773943287,-0.2110959525641372,0.9696902595398946,21,26,12,2,1
-1.41101403989605,0.6246812265147573,2.53844607426971,-0.2110959525641372,0.768258125032057,22,26,12,2,1
-1.3650685156355844,0.8020080069473332,1.0421640169777129,-0.2110959525641372,0.6616175832337872,23,26,12,2,1
-1.3834467253397706,0.8020080069473332,1.7327557357278653,-0.2110959525641372,0.4838833469033373,0,27,12,3,1
-1.355879410783491,0.7428990801364745,1.272361256561097,-0.2110959525641372,0.37724280510508423,1,27,12,3,1
-1.273177467114653,0.7428990801364745,1.7327557357278653,-0.2110959525641372,0.3061491105729043,2,27,12,3,1
-1.1720973137416282,1.0384437141907676,2.53844607426971,-2.001624729060468,0.18765961968593212,3,27,12,3,35
-1.1077735797769763,1.2157704946233434,2.078051595102942,-2.0333155038657127,-0.025621463910590857,4,27,12,3,35
-1.0710171603686036,1.2157704946233434,3.2290377930198626,-2.0966970534762024,-0.1204130566201585,5,27,12,3,35
-0.9791261118476722,1.3339883482450607,2.768643313853094,-2.0966970534762024,-0.2626004456845184,6,27,12,3,35
-0.9331805875872065,1.452206201866778,3.3441364128115545,-2.0966970534762024,-0.3810899365714737,7,27,12,3,35
-0.9148023778830202,1.452206201866778,2.768643313853094,-2.128387828281447,-0.4758815292810413,8,27,12,3,21
-0.8504786439183681,1.5113151286776365,2.53844607426971,-2.128387828281447,-0.45218363110365367,9,27,12,3,21
-0.8229113293620888,1.5113151286776365,2.9988405534364784,-2.1442332156840695,-0.48773047836974365,10,27,12,3,22
-0.8229113293620888,1.3930972750559194,2.768643313853094,-2.1442332156840695,-0.5114283765471314,11,27,12,3,39
-0.841289539066275,1.452206201866778,2.768643313853094,-2.1442332156840695,-0.6536157656114912,12,27,12,3,22
-0.8504786439183681,1.3930972750559194,3.804530891978323,-2.1442332156840695,-0.8195010528532388,13,27,12,3,39
-0.8504786439183681,1.274879421434202,3.5743336523949387,-2.1442332156840695,-0.8313500019419411,14,27,12,3,39
-0.8045331196579024,1.3930972750559194,2.53844607426971,-2.1442332156840695,-0.8076521037645366,15,27,12,3,39
-0.8045331196579024,1.2157704946233434,2.53844607426971,-2.0333155038657127,-0.7247094601436711,16,27,12,3,39
-0.776965805101623,1.2157704946233434,1.9629529753112496,-1.9382431794499786,-0.6891626128775812,17,27,12,3,39
-0.7585875953974367,1.2157704946233434,1.5025584961444813,-1.5579538817870409,-0.6654647147001934,18,27,12,3,39
-0.7493984905453436,1.2157704946233434,1.272361256561097,-1.4232680888647506,-0.6299178674341035,19,27,12,3,39
-0.721831175989064,1.274879421434202,2.53844607426971,-0.9162156919808337,-0.5588241729019235,20,27,12,3,35
-0.6758856517285983,1.452206201866778,1.0421640169777129,-1.8114800802289992,-0.5114283765471314,21,27,12,3,11
-0.6575074420244121,1.5704240554884952,0.5817695378109445,-1.8114800802289992,-0.4758815292810413,22,27,12,3,11
-0.7493984905453436,1.274879421434202,1.0421640169777129,-1.4232680888647506,-0.4166367838375637,23,27,12,3,35
-0.7585875953974367,1.274879421434202,0.4666709180192524,-1.5579538817870409,-0.32184519112799603,0,28,12,4,11
-0.841289539066275,1.0384437141907676,0.00627643885248406,-1.6847169810080203,-0.2626004456845184,1,28,12,4,11
-0.8137222245099955,1.0975526410016263,-0.4541180403142843,-1.1697418904227923,-0.1441109547975462,2,28,12,4,11
-0.776965805101623,1.3930972750559194,-0.22392080073090012,-1.874861629839489,-0.04931936208797856,3,28,12,4,35
-0.776965805101623,1.5113151286776365,-0.6843152798976685,-1.4232680888647506,-0.061168311176680826,4,28,12,4,35
-0.7953440148058093,1.452206201866778,-0.9145125194810526,-0.2110959525641372,-0.04931936208797856,5,28,12,4,1
-0.841289539066275,1.156661567812485,-0.6843152798976685,-0.2110959525641372,-0.013772514821888588,6,28,12,4,1
-0.8321004342141819,1.274879421434202,-0.6843152798976685,-0.2110959525641372,0.021774332444184544,7,28,12,4,1
-0.8780459584746476,1.156661567812485,0.23647367843586825,-0.2824001958759379,0.11656592515376903,8,28,12,4,23
-0.969937006995579,0.9202258605690504,0.23647367843586825,-0.2824001958759379,0.21135751786333665,9,28,12,4,23
-1.0250716361081378,0.8611169337581918,0.4666709180192524,-0.2824001958759379,0.25875331421811204,10,28,12,4,0
-1.0434498458123243,0.8611169337581918,1.0421640169777129,1.6348916798413717,0.2232064669520221,11,28,12,4,19
-1.1445299991853488,0.8020080069473332,1.0421640169777129,1.6348916798413717,0.19950856877463438,12,28,12,4,19
-1.1353408943332557,0.683790153325616,0.5817695378109445,1.6348916798413717,0.14026382333115672,13,28,12,4,19
-1.1445299991853488,0.5655722997038988,0.8119667773943287,1.6348916798413717,0.14026382333115672,14,28,12,4,19
-1.1812864185937215,0.5064633728930401,1.0421640169777129,1.6348916798413717,0.19950856877463438,15,28,12,4,19
-1.2456101525583734,0.5655722997038988,1.7327557357278653,1.6348916798413717,0.23505541604072436,16,28,12,4,19
-1.3375012010793048,0.5064633728930401,1.272361256561097,-0.2110959525641372,0.34169595783899426,17,28,12,4,19
-1.355879410783491,0.6246812265147573,1.0421640169777129,-0.2110959525641372,0.37724280510508423,18,28,12,4,19
-1.3650685156355844,0.683790153325616,0.8119667773943287,-0.2110959525641372,0.37724280510508423,19,28,12,4,19
-1.3926358301918638,0.7428990801364745,0.5817695378109445,-0.2110959525641372,0.3535449069276797,20,28,12,4,19
-1.3834467253397706,0.8020080069473332,0.4666709180192524,-0.2110959525641372,0.36539385601638197,21,28,12,4,19
-1.3834467253397706,0.8020080069473332,0.23647367843586825,-0.2110959525641372,0.3890917541937697,22,28,12,4,19
-1.4477704593044225,0.9202258605690504,-0.22392080073090012,-0.2110959525641372,0.3890917541937697,23,28,12,4,19
-1.4753377738607019,1.0975526410016263,-0.22392080073090012,-0.2110959525641372,0.3535449069276797,0,29,12,5,19
-1.4845268787127952,1.156661567812485,-0.4541180403142843,-0.2110959525641372,0.3061491105729043,1,29,12,5,0
-1.4385813544523294,1.3339883482450607,-0.22392080073090012,-0.2110959525641372,0.329847008750292,2,29,12,5,0
-1.6315525563462854,1.0975526410016263,-1.259808378856129,-1.8114800802289992,0.329847008750292,3,29,12,5,7
-1.8153346533881483,1.3339883482450607,-1.0296111392727447,-1.4232680888647506,0.23505541604072436,4,29,12,5,7
-1.6958762903109377,1.3930972750559194,-1.259808378856129,-1.6847169810080203,0.23505541604072436,5,29,12,5,7
-1.6407416611983785,1.2157704946233434,-1.259808378856129,-1.4232680888647506,0.23505541604072436,6,29,12,5,7
-1.741821814571403,1.2157704946233434,-0.9145125194810526,-1.5579538817870409,0.19950856877463438,7,29,12,5,7
-1.6223634514941923,1.2157704946233434,-0.4541180403142843,-1.1697418904227923,0.16396172150854443,8,29,12,5,1
-1.594796136937913,1.2157704946233434,-0.4541180403142843,-1.1697418904227923,0.09286802697636448,9,29,12,5,1
-1.4569595641565158,1.3339883482450607,-0.9145125194810526,-1.6847169810080203,0.11656592515376903,10,29,12,5,7
-1.355879410783491,1.3339883482450607,-0.9145125194810526,-1.6847169810080203,0.04547223062158908,11,29,12,5,38
-1.3007447816709323,1.452206201866778,-0.4541180403142843,-1.5579538817870409,-0.1441109547975462,12,29,12,5,38
-1.2547992574104665,1.452206201866778,0.8119667773943287,-1.4232680888647506,-0.4995794274584459,13,29,12,5,38
-1.1996646282979078,1.3930972750559194,0.8119667773943287,-1.8114800802289992,-0.5351262747245359,14,29,12,5,40
-1.153719104037442,1.3930972750559194,0.5817695378109445,-2.0966970534762024,-0.5943710201680136,15,29,12,5,40
-1.1445299991853488,1.3339883482450607,1.0421640169777129,-2.0966970534762024,-0.6654647147001934,16,29,12,5,40
-1.1904755234458146,1.3339883482450607,0.4666709180192524,-2.001624729060468,-0.7010115619662834,17,29,12,5,40
-1.2364210477062803,1.2157704946233434,1.272361256561097,-1.6847169810080203,-0.795803154675851,18,29,12,5,40
-1.2639883622625596,1.156661567812485,1.272361256561097,-1.9382431794499786,-0.8550479001193287,19,29,12,5,40
-1.3007447816709323,1.0975526410016263,1.0421640169777129,-1.4232680888647506,-0.9498394928288963,20,29,12,5,40
-1.3191229913751186,1.0384437141907676,1.0421640169777129,-1.5579538817870409,-0.9616884419175986,21,29,12,5,40
-1.3007447816709323,1.274879421434202,0.00627643885248406,-2.001624729060468,-1.0090842382723741,22,29,12,5,40
-1.3375012010793048,1.0384437141907676,0.5817695378109445,-1.6847169810080203,-1.0209331873610763,23,29,12,5,40
-1.273177467114653,1.156661567812485,-0.22392080073090012,-1.9382431794499786,-0.9735373910062841,0,30,12,6,40
-1.1996646282979078,1.452206201866778,-0.6843152798976685,-2.001624729060468,-0.9853863400949864,1,30,12,6,40
-1.1904755234458146,1.452206201866778,-0.6843152798976685,-1.874861629839489,-0.9142926455628064,2,30,12,6,40
-1.1904755234458146,1.3339883482450607,-0.4541180403142843,-1.9065524046447335,-0.8905947473854188,3,30,12,6,40
-1.2088537331500009,1.3339883482450607,-0.22392080073090012,-1.4232680888647506,-0.9142926455628064,4,30,12,6,40
-1.1904755234458146,1.3339883482450607,-0.4541180403142843,-1.874861629839489,-0.866896849208031,5,30,12,6,40
-1.2272319428541871,1.274879421434202,0.23647367843586825,-1.5579538817870409,-0.7839542055871488,6,30,12,6,40
-1.4477704593044225,0.5655722997038988,0.4666709180192524,-0.2110959525641372,-0.6773136637888789,7,30,12,6,23
-1.5672288223816333,0.5655722997038988,0.5817695378109445,-0.2824001958759379,-0.5706731219906258,8,30,12,6,1
-1.6131743466420991,0.5064633728930401,0.4666709180192524,-0.2824001958759379,-0.42848573292626596,9,30,12,6,1
-1.7050653951630306,0.3882455192713229,1.0421640169777129,-0.2824001958759379,-0.27444939477322067,10,30,12,6,1
-1.6499307660504718,0.4473544460821815,1.9629529753112496,-0.2824001958759379,-0.19150675115233842,11,30,12,6,1
-1.677498080606751,0.4473544460821815,1.272361256561097,1.6348916798413717,-0.16780885297495074,12,30,12,6,23
-1.7234436048672168,0.32913659246046423,2.53844607426971,1.6348916798413717,-0.15595990388624847,13,30,12,6,23
-1.7142545000151237,0.1518098120278884,2.53844607426971,1.6348916798413717,-0.10856410753147307,14,30,12,6,19
-1.668308975754658,0.1518098120278884,1.9629529753112496,1.6348916798413717,-0.0019235657332031574,15,30,12,6,19
-1.6591198709025647,0.2700276656496056,1.272361256561097,1.6348916798413717,0.11656592515376903,16,30,12,6,19
-1.6866871854588443,0.3882455192713229,1.5025584961444813,-0.2110959525641372,0.24690436512942662,17,30,12,6,19
-1.7050653951630306,0.5064633728930401,1.0421640169777129,-0.2110959525641372,0.36539385601638197,18,30,12,6,19
-1.7510109194234962,0.5655722997038988,1.272361256561097,-0.2110959525641372,0.49573229599203955,19,30,12,6,19
-1.7510109194234962,0.7428990801364745,1.0421640169777129,-0.2110959525641372,0.5549770414355173,20,30,12,6,0
-1.7510109194234962,0.7428990801364745,0.5817695378109445,-0.2110959525641372,0.5312791432581295,21,30,12,6,19
-1.73263270971931,0.8020080069473332,0.4666709180192524,-0.2110959525641372,0.5786749396129218,22,30,12,6,19
-1.6223634514941923,0.6246812265147573,1.5025584961444813,-0.2110959525641372,0.5549770414355173,23,30,12,6,23
-1.5580397175295404,0.5655722997038988,1.272361256561097,-0.2110959525641372,0.5431280923468318,0,31,12,0,1
-1.5212832981211677,0.5655722997038988,0.00627643885248406,-0.2110959525641372,0.5312791432581295,1,31,12,0,1
-1.466148669008609,0.5655722997038988,-0.6843152798976685,-0.2110959525641372,0.4720343978146519,2,31,12,0,1
-1.5580397175295404,0.8020080069473332,-1.0296111392727447,-0.2110959525641372,0.4364875505485619,3,31,12,0,23
-1.41101403989605,0.9202258605690504,-0.4541180403142843,-0.2110959525641372,0.34169595783899426,4,31,12,0,1
-1.3742576204876775,0.9793347873799091,-1.0296111392727447,-0.2110959525641372,0.2706022633068143,5,31,12,0,1
-1.3099338865230254,1.0384437141907676,-1.259808378856129,-0.2110959525641372,0.21135751786333665,6,31,12,0,1
-1.273177467114653,1.0384437141907676,-1.7202028580228972,-0.6626894935388755,0.16396172150854443,7,31,12,0,37
-1.1812864185937215,1.156661567812485,-1.259808378856129,-1.9382431794499786,0.10471697606506675,8,31,12,0,37
-1.1169626846290694,1.274879421434202,-1.259808378856129,-2.001624729060468,0.04547223062158908,9,31,12,0,35
-1.0526389506644174,1.274879421434202,-1.259808378856129,-1.6847169810080203,-0.0019235657332031574,10,31,12,0,40
-0.9607479021434859,1.3930972750559194,-0.6843152798976685,-1.4232680888647506,-0.1441109547975462,11,31,12,0,35
-0.9239914827351133,1.2157704946233434,-1.259808378856129,-1.1697418904227923,-0.32184519112799603,12,31,12,0,35
-0.841289539066275,1.0975526410016263,-1.259808378856129,-1.1697418904227923,-0.4995794274584459,13,31,12,0,35
-0.7585875953974367,0.9793347873799091,-1.0296111392727447,-1.2965049896437713,-0.5706731219906258,14,31,12,0,35
-0.6575074420244121,0.9793347873799091,-0.6843152798976685,-1.4232680888647506,-0.6891626128775812,15,31,12,0,35
-0.6023728129118533,0.8611169337581918,-0.22392080073090012,-1.1697418904227923,-0.7721052564984465,16,31,12,0,35
-0.5380490789472011,1.0384437141907676,0.4666709180192524,-1.4232680888647506,-0.8905947473854188,17,31,12,0,35
-0.5196708692430149,1.2157704946233434,0.23647367843586825,-1.4232680888647506,-1.0209331873610763,18,31,12,0,35
-0.48291444983464227,0.8020080069473332,1.7327557357278653,-1.4232680888647506,-1.0920268818932564,19,31,12,0,35
-0.45534713527836285,0.9202258605690504,1.0421640169777129,-1.4232680888647506,-1.2105163727802115,20,31,12,0,35
-0.3726451916095246,1.5113151286776365,1.5025584961444813,-1.8114800802289992,-1.3053079654897792,21,31,12,0,35
-0.400212506165804,1.274879421434202,1.5025584961444813,-1.4232680888647506,-1.3527037618445714,22,31,12,0,35
-0.4277798207220834,1.0975526410016263,1.7327557357278653,-1.2965049896437713,-1.376401660021959,23,31,12,0,35
